26.0,4.363713275750189,0.038461538461538464,0.15384615384615385,1
26.0,4.363713275750189,0.07692307692307693,0.15384615384615385,1
26.0,4.363713275750189,0.038461538461538464,0.19230769230769232,1
26.0,4.286790198827112,0.038461538461538464,0.19230769230769232,1
194.0,5.7528033744748,0.15463917525773196,0.32989690721649484,1
26.0,4.286790198827112,0.07692307692307693,0.15384615384615385,1
194.0,5.726079085174762,0.13402061855670103,0.4175257731958763,1
194.0,5.739534930996557,0.12371134020618557,0.3711340206185567,1
194.0,5.871244307204257,0.10824742268041238,0.422680412371134,1
194.0,5.806959237498909,0.10824742268041238,0.4072164948453608,1
194.0,5.859833399102981,0.17010309278350516,0.3865979381443299,1
26.0,4.363713275750189,0.038461538461538464,0.19230769230769232,1
26.0,4.363713275750189,0.038461538461538464,0.15384615384615385,1
26.0,4.440636352673266,0.07692307692307693,0.15384615384615385,1
194.0,5.759339637387003,0.14948453608247422,0.4072164948453608,1
194.0,5.652654761036387,0.13917525773195877,0.29381443298969073,1
194.0,5.750142438269599,0.11855670103092783,0.42783505154639173,1
194.0,5.7442755729478145,0.12886597938144329,0.36082474226804123,1
194.0,5.825997012933805,0.1134020618556701,0.4381443298969072,1
194.0,5.7272632532296655,0.11855670103092783,0.4329896907216495,1
194.0,5.767769905548858,0.11855670103092783,0.3556701030927835,1
194.0,5.813988796063902,0.14948453608247422,0.32989690721649484,1
26.0,4.363713275750189,0.038461538461538464,0.19230769230769232,1
26.0,4.440636352673266,0.038461538461538464,0.19230769230769232,1
26.0,4.363713275750189,0.038461538461538464,0.15384615384615385,1
26.0,4.440636352673266,0.07692307692307693,0.15384615384615385,1
194.0,5.830021337939607,0.14432989690721648,0.34536082474226804,1
26.0,4.440636352673266,0.07692307692307693,0.19230769230769232,1
194.0,5.751507528917351,0.13917525773195877,0.35051546391752575,1
194.0,5.7329508978057495,0.1134020618556701,0.32989690721649484,1
194.0,5.767435206753651,0.10824742268041238,0.32989690721649484,1
194.0,5.801271592922826,0.15979381443298968,0.38144329896907214,1
194.0,5.83873654181015,0.1958762886597938,0.35051546391752575,1
26.0,4.440636352673266,0.11538461538461539,0.15384615384615385,1
26.0,4.363713275750189,0.07692307692307693,0.19230769230769232,1
26.0,4.440636352673266,0.07692307692307693,0.19230769230769232,1
194.0,5.744790343412299,0.16494845360824742,0.3402061855670103,1
194.0,5.734747369690266,0.13917525773195877,0.35051546391752575,1
194.0,5.757208466707274,0.14948453608247422,0.4072164948453608,1
194.0,5.79019538361676,0.17525773195876287,0.3556701030927835,1
194.0,5.816487440756455,0.15979381443298968,0.38144329896907214,1
194.0,5.770343757871277,0.12371134020618557,0.37628865979381443,1
194.0,5.769314216942313,0.15463917525773196,0.3917525773195876,1
194.0,5.803701843448654,0.12371134020618557,0.4072164948453608,1
26.0,4.440636352673266,0.038461538461538464,0.19230769230769232,1
26.0,4.440636352673266,0.07692307692307693,0.19230769230769232,1
26.0,4.440636352673266,0.038461538461538464,0.23076923076923078,1
26.0,4.440636352673266,0.038461538461538464,0.23076923076923078,1
194.0,5.772222768059943,0.1134020618556701,0.4381443298969072,1
26.0,4.440636352673266,0.07692307692307693,0.19230769230769232,1
194.0,5.6656925188352565,0.14948453608247422,0.3402061855670103,1
194.0,5.765289891936507,0.12886597938144329,0.3865979381443299,1
194.0,5.789680613152273,0.13402061855670103,0.3917525773195876,1
194.0,5.7763661012425755,0.18556701030927836,0.35051546391752575,1
194.0,5.8132441908436165,0.17525773195876287,0.37628865979381443,1
26.0,4.440636352673266,0.038461538461538464,0.23076923076923078,1
26.0,4.440636352673266,0.038461538461538464,0.19230769230769232,1
26.0,4.440636352673266,0.07692307692307693,0.19230769230769232,1
194.0,5.7802572739341365,0.13917525773195877,0.39690721649484534,1
194.0,5.7598544078514875,0.12371134020618557,0.34536082474226804,1
194.0,5.799475121038304,0.17525773195876287,0.36082474226804123,1
194.0,5.73983401084266,0.15979381443298968,0.4175257731958763,1
194.0,5.804863685768286,0.1958762886597938,0.3556701030927835,1
194.0,5.809903407565647,0.15463917525773196,0.38144329896907214,1
194.0,5.778378263745475,0.17010309278350516,0.3917525773195876,1
194.0,5.808621706145612,0.18041237113402062,0.3865979381443299,1
26.0,4.440636352673266,0.038461538461538464,0.19230769230769232,1
26.0,4.363713275750189,0.038461538461538464,0.19230769230769232,1
26.0,4.334679141051594,0.038461538461538464,0.15384615384615385,1
26.0,4.363713275750189,0.07692307692307693,0.15384615384615385,1
194.0,5.721493070349438,0.13917525773195877,0.3865979381443299,1
26.0,4.363713275750189,0.038461538461538464,0.19230769230769232,1
194.0,5.6999283619471575,0.1134020618556701,0.3556701030927835,1
194.0,5.756777085470508,0.15463917525773196,0.35051546391752575,1
194.0,5.817901443567158,0.14432989690721648,0.3402061855670103,1
194.0,5.784579827862468,0.12886597938144329,0.3711340206185567,1
194.0,5.826198559414773,0.15463917525773196,0.4072164948453608,1
26.0,4.440636352673266,0.07692307692307693,0.15384615384615385,1
26.0,4.363713275750189,0.038461538461538464,0.19230769230769232,1
26.0,4.440636352673266,0.038461538461538464,0.19230769230769232,1
194.0,5.769529907560694,0.10309278350515463,0.3402061855670103,1
194.0,5.757640698867618,0.21649484536082475,0.34536082474226804,1
194.0,5.710834949066297,0.11855670103092783,0.3865979381443299,1
194.0,5.853800606249337,0.14432989690721648,0.3247422680412371,1
194.0,5.731885737927671,0.13402061855670103,0.33505154639175255,1
194.0,5.785444292183151,0.14948453608247422,0.34536082474226804,1
194.0,5.718484993058761,0.12886597938144329,0.38144329896907214,1
194.0,5.790365005803681,0.17010309278350516,0.3402061855670103,1
26.0,4.363713275750189,0.038461538461538464,0.15384615384615385,1
26.0,4.440636352673266,0.07692307692307693,0.15384615384615385,1
26.0,4.440636352673266,0.07692307692307693,0.19230769230769232,1
26.0,4.363713275750189,0.07692307692307693,0.19230769230769232,1
194.0,5.740863551771628,0.1134020618556701,0.36597938144329895,1
26.0,4.363713275750189,0.11538461538461539,0.15384615384615385,1
194.0,5.760718021248599,0.15463917525773196,0.30927835051546393,1
194.0,5.825950093578772,0.12371134020618557,0.34536082474226804,1
194.0,5.684507272977489,0.10824742268041238,0.3917525773195876,1
194.0,5.76510982026723,0.13402061855670103,0.36597938144329895,1
194.0,5.750707822744183,0.12886597938144329,0.3865979381443299,1
26.0,4.363713275750189,0.07692307692307693,0.19230769230769232,1
26.0,4.286790198827112,0.038461538461538464,0.15384615384615385,1
26.0,4.363713275750189,0.07692307692307693,0.15384615384615385,1
194.0,5.805198384563498,0.13402061855670103,0.4175257731958763,1
194.0,5.814838265323594,0.10309278350515463,0.4020618556701031,1
194.0,5.841741775369334,0.13917525773195877,0.3711340206185567,1
194.0,5.767636753234617,0.16494845360824742,0.33505154639175255,1
194.0,5.76369581745653,0.15463917525773196,0.36597938144329895,1
194.0,5.779241877142583,0.15463917525773196,0.35051546391752575,1
194.0,5.770595918362345,0.12371134020618557,0.36082474226804123,1
194.0,5.819578907274853,0.12886597938144329,0.37628865979381443,1
26.0,4.363713275750189,0.038461538461538464,0.19230769230769232,1
26.0,4.363713275750189,0.038461538461538464,0.19230769230769232,1
26.0,4.363713275750189,0.038461538461538464,0.15384615384615385,1
26.0,4.363713275750189,0.07692307692307693,0.15384615384615385,1
194.0,5.76978206805176,0.12886597938144329,0.3917525773195876,1
26.0,4.286790198827112,0.038461538461538464,0.19230769230769232,1
194.0,5.807905389200159,0.12886597938144329,0.42783505154639173,1
194.0,5.7941080311200155,0.12886597938144329,0.4072164948453608,1
194.0,5.783647820298632,0.12886597938144329,0.39690721649484534,1
194.0,5.741510623626777,0.12886597938144329,0.3865979381443299,1
194.0,5.824283930276998,0.1134020618556701,0.31958762886597936,1
26.0,4.257756064128517,0.07692307692307693,0.15384615384615385,1
26.0,4.286790198827112,0.038461538461538464,0.19230769230769232,1
26.0,4.286790198827112,0.038461538461538464,0.19230769230769232,1
194.0,5.77298969901549,0.13402061855670103,0.3917525773195876,1
194.0,5.6851953016481085,0.13917525773195877,0.30412371134020616,1
194.0,5.7120660364762355,0.18556701030927836,0.31958762886597936,1
194.0,5.751557292003876,0.0979381443298969,0.42783505154639173,1
194.0,5.79583610883781,0.14948453608247422,0.3402061855670103,1
194.0,5.716306903024,0.17525773195876287,0.26804123711340205,1
194.0,5.842458092314787,0.13917525773195877,0.3865979381443299,1
194.0,5.813794580257212,0.15979381443298968,0.34536082474226804,1
26.0,4.18083298720544,0.038461538461538464,0.11538461538461539,1
26.0,4.209867121904035,0.07692307692307693,0.11538461538461539,1
26.0,4.209867121904035,0.038461538461538464,0.15384615384615385,1
26.0,4.209867121904035,0.038461538461538464,0.15384615384615385,1
194.0,5.828427263459632,0.0979381443298969,0.38144329896907214,1
26.0,4.286790198827112,0.07692307692307693,0.11538461538461539,1
194.0,5.75805793596697,0.1134020618556701,0.34536082474226804,1
194.0,5.677477714412497,0.15463917525773196,0.29896907216494845,1
194.0,5.768680438301001,0.1134020618556701,0.38144329896907214,1
194.0,5.8070773947521594,0.11855670103092783,0.39690721649484534,1
194.0,5.786772062034646,0.15979381443298968,0.37628865979381443,1
26.0,4.363713275750189,0.038461538461538464,0.15384615384615385,1
26.0,4.286790198827112,0.038461538461538464,0.11538461538461539,1
26.0,4.286790198827112,0.07692307692307693,0.11538461538461539,1
194.0,5.7206763763073605,0.11855670103092783,0.34536082474226804,1
194.0,5.69590403694135,0.14432989690721648,0.3711340206185567,1
194.0,5.772571610992563,0.15979381443298968,0.36082474226804123,1
194.0,5.716219819141214,0.12886597938144329,0.35051546391752575,1
194.0,5.718879904422843,0.15463917525773196,0.39690721649484534,1
194.0,5.751424990613209,0.11855670103092783,0.31443298969072164,1
194.0,5.774749701027329,0.13402061855670103,0.3402061855670103,1
194.0,5.808359096172195,0.18041237113402062,0.36082474226804123,1
26.0,4.363713275750189,0.07692307692307693,0.15384615384615385,1
26.0,4.363713275750189,0.07692307692307693,0.15384615384615385,1
26.0,4.286790198827112,0.07692307692307693,0.11538461538461539,1
26.0,4.286790198827112,0.11538461538461539,0.11538461538461539,1
194.0,5.798960350573823,0.14432989690721648,0.31958762886597936,1
26.0,4.286790198827112,0.07692307692307693,0.15384615384615385,1
194.0,5.75481468605413,0.14432989690721648,0.36082474226804123,1
194.0,5.7996766675192735,0.15979381443298968,0.36597938144329895,1
194.0,5.745438266191025,0.12371134020618557,0.31958762886597936,1
194.0,5.7242693200764005,0.0979381443298969,0.34536082474226804,1
194.0,5.774184316552743,0.14432989690721648,0.4072164948453608,1
26.0,4.363713275750189,0.07692307692307693,0.11538461538461539,1
26.0,4.286790198827112,0.038461538461538464,0.19230769230769232,1
26.0,4.286790198827112,0.038461538461538464,0.19230769230769232,1
194.0,5.731021273606988,0.12886597938144329,0.3402061855670103,1
194.0,5.770044678025174,0.17010309278350516,0.3247422680412371,1
194.0,5.768666294163586,0.13917525773195877,0.34536082474226804,1
194.0,5.765423044250746,0.13917525773195877,0.36082474226804123,1
194.0,5.777409786308958,0.12371134020618557,0.36082474226804123,1
194.0,5.757640698867619,0.10824742268041238,0.422680412371134,1
194.0,5.797881046558329,0.14432989690721648,0.34536082474226804,1
194.0,5.815472043964902,0.12371134020618557,0.4072164948453608,1
26.0,4.363713275750189,0.038461538461538464,0.15384615384615385,1
26.0,4.363713275750189,0.07692307692307693,0.15384615384615385,1
26.0,4.440636352673266,0.038461538461538464,0.19230769230769232,1
26.0,4.440636352673266,0.038461538461538464,0.19230769230769232,1
194.0,5.731489975640013,0.13402061855670103,0.32989690721649484,1
26.0,4.440636352673266,0.07692307692307693,0.15384615384615385,1
194.0,5.745006034030684,0.10309278350515463,0.41237113402061853,1
194.0,5.757306000072409,0.17010309278350516,0.38144329896907214,1
194.0,5.790829162258067,0.1134020618556701,0.34536082474226804,1
194.0,5.7652898919365025,0.13917525773195877,0.34536082474226804,1
194.0,5.761435189117626,0.14948453608247422,0.26804123711340205,1
26.0,4.440636352673266,0.038461538461538464,0.19230769230769232,1
26.0,4.440636352673266,0.038461538461538464,0.15384615384615385,1
26.0,4.440636352673266,0.07692307692307693,0.15384615384615385,1
194.0,5.740348781307144,0.14432989690721648,0.36082474226804123,1
194.0,5.806527005338566,0.13402061855670103,0.36597938144329895,1
194.0,5.777560718779826,0.13402061855670103,0.4020618556701031,1
194.0,5.742025394091262,0.14432989690721648,0.4020618556701031,1
194.0,5.801772219249893,0.13402061855670103,0.3556701030927835,1
194.0,5.754732147749984,0.08247422680412371,0.4175257731958763,1
194.0,5.79763258072233,0.12371134020618557,0.36597938144329895,1
194.0,5.792409092600627,0.11855670103092783,0.4175257731958763,1
26.0,4.286790198827112,0.038461538461538464,0.15384615384615385,1
26.0,4.286790198827112,0.038461538461538464,0.15384615384615385,1
26.0,4.286790198827112,0.038461538461538464,0.11538461538461539,1
26.0,4.363713275750189,0.07692307692307693,0.11538461538461539,1
194.0,5.8155910521417296,0.14432989690721648,0.422680412371134,1
26.0,4.286790198827112,0.038461538461538464,0.15384615384615385,1
194.0,5.793690794020664,0.14948453608247422,0.37628865979381443,1
194.0,5.806527005338569,0.14948453608247422,0.32989690721649484,1
194.0,5.727576477213181,0.19072164948453607,0.3556701030927835,1
194.0,5.737857467288864,0.12371134020618557,0.36082474226804123,1
194.0,5.746802505915204,0.1134020618556701,0.32989690721649484,1
26.0,4.363713275750189,0.11538461538461539,0.11538461538461539,1
26.0,4.363713275750189,0.07692307692307693,0.15384615384615385,1
26.0,4.440636352673266,0.07692307692307693,0.15384615384615385,1
194.0,5.772438458678323,0.15979381443298968,0.36082474226804123,1
194.0,5.754682384663464,0.14948453608247422,0.37628865979381443,1
194.0,5.703686382324479,0.12371134020618557,0.3556701030927835,1
194.0,5.826198559414769,0.20103092783505155,0.3247422680412371,1
194.0,5.642957786515489,0.18556701030927836,0.31958762886597936,1
194.0,5.850075361089633,0.20618556701030927,0.3402061855670103,1
194.0,5.770977536512589,0.15979381443298968,0.3402061855670103,1
194.0,5.673773647634027,0.17525773195876287,0.31443298969072164,1
26.0,4.440636352673266,0.11538461538461539,0.11538461538461539,1
26.0,4.257756064128517,0.15384615384615385,0.11538461538461539,1
26.0,4.363713275750189,0.11538461538461539,0.15384615384615385,1
26.0,4.440636352673266,0.11538461538461539,0.15384615384615385,1
194.0,5.732602054873121,0.10309278350515463,0.38144329896907214,1
26.0,4.440636352673266,0.15384615384615385,0.11538461538461539,1
194.0,5.765289891936504,0.1134020618556701,0.3917525773195876,1
194.0,5.775851330778089,0.14432989690721648,0.3402061855670103,1
194.0,5.766557449219125,0.1134020618556701,0.3917525773195876,1
194.0,5.726064941037347,0.15463917525773196,0.29896907216494845,1
194.0,5.768151523699101,0.13402061855670103,0.3711340206185567,1
26.0,4.363713275750189,0.11538461538461539,0.19230769230769232,1
26.0,4.440636352673266,0.11538461538461539,0.15384615384615385,1
26.0,4.440636352673266,0.15384615384615385,0.15384615384615385,1
194.0,5.827181180988708,0.13917525773195877,0.39690721649484534,1
194.0,5.710918338294013,0.13402061855670103,0.4020618556701031,1
194.0,5.742612253377538,0.16494845360824742,0.32989690721649484,1
194.0,5.6489871641306015,0.14432989690721648,0.4381443298969072,1
194.0,5.786423219102021,0.15979381443298968,0.34536082474226804,1
194.0,5.730172655270869,0.14948453608247422,0.3865979381443299,1
194.0,5.807160783979877,0.12371134020618557,0.41237113402061853,1
194.0,5.820943146999028,0.18556701030927836,0.4484536082474227,1
26.0,4.440636352673266,0.11538461538461539,0.19230769230769232,1
26.0,4.440636352673266,0.11538461538461539,0.19230769230769232,1
26.0,4.440636352673266,0.11538461538461539,0.15384615384615385,1
26.0,4.440636352673266,0.15384615384615385,0.15384615384615385,1
194.0,5.687452293967805,0.15463917525773196,0.3556701030927835,1
26.0,4.363713275750189,0.07692307692307693,0.19230769230769232,1
194.0,5.670796998780128,0.13917525773195877,0.32989690721649484,1
194.0,5.71741898225711,0.18556701030927836,0.3247422680412371,1
194.0,5.741547093499461,0.15463917525773196,0.3917525773195876,1
194.0,5.777060943376331,0.14432989690721648,0.3556701030927835,1
194.0,5.776462783684128,0.17525773195876287,0.3865979381443299,1
26.0,4.440636352673266,0.11538461538461539,0.15384615384615385,1
26.0,4.363713275750189,0.07692307692307693,0.23076923076923078,1
26.0,4.286790198827112,0.07692307692307693,0.23076923076923078,1
194.0,5.808024397376985,0.12886597938144329,0.3556701030927835,1
194.0,5.787920611140439,0.12886597938144329,0.4072164948453608,1
194.0,5.786423219102018,0.08247422680412371,0.42783505154639173,1
194.0,5.799345663379132,0.19072164948453607,0.35051546391752575,1
194.0,5.759915471343936,0.13917525773195877,0.3917525773195876,1
194.0,5.854264762703722,0.14948453608247422,0.39690721649484534,1
194.0,5.737536912631068,0.1134020618556701,0.36597938144329895,1
194.0,5.696170341569834,0.17010309278350516,0.33505154639175255,1
26.0,4.363713275750189,0.07692307692307693,0.15384615384615385,1
26.0,4.440636352673266,0.11538461538461539,0.15384615384615385,1
26.0,4.440636352673266,0.07692307692307693,0.19230769230769232,1
26.0,4.363713275750189,0.07692307692307693,0.19230769230769232,1
194.0,5.786988603576604,0.17525773195876287,0.33505154639175255,1
26.0,4.440636352673266,0.11538461538461539,0.15384615384615385,1
194.0,5.775681708591161,0.1958762886597938,0.3711340206185567,1
194.0,5.731968276231814,0.13402061855670103,0.4072164948453608,1
194.0,5.7337282782436505,0.09278350515463918,0.37628865979381443,1
194.0,5.722807546987089,0.14948453608247422,0.3711340206185567,1
194.0,5.747965199158412,0.1134020618556701,0.37628865979381443,1
26.0,4.440636352673266,0.07692307692307693,0.19230769230769232,1
26.0,4.440636352673266,0.07692307692307693,0.15384615384615385,1
194.0,5.81307826331176,0.19072164948453607,0.3556701030927835,1
26.0,4.440636352673266,0.07692307692307693,0.19230769230769232,1
194.0,5.719564297074253,0.11855670103092783,0.3556701030927835,1
194.0,5.78351466798439,0.11855670103092783,0.3917525773195876,1
194.0,5.785659982801535,0.15463917525773196,0.35051546391752575,1
194.0,5.720676376307362,0.13402061855670103,0.4072164948453608,1
194.0,5.845967646856109,0.13402061855670103,0.4381443298969072,1
194.0,5.82378330394993,0.15979381443298968,0.3711340206185567,1
194.0,5.740913314858151,0.17525773195876287,0.36082474226804123,1
26.0,4.440636352673266,0.11538461538461539,0.19230769230769232,1
26.0,4.440636352673266,0.11538461538461539,0.19230769230769232,1
26.0,4.440636352673266,0.11538461538461539,0.15384615384615385,1
26.0,4.440636352673266,0.15384615384615385,0.15384615384615385,1
194.0,5.717767825189734,0.10824742268041238,0.3865979381443299,1
26.0,4.363713275750189,0.11538461538461539,0.19230769230769232,1
194.0,5.746086188969752,0.13917525773195877,0.41237113402061853,1
194.0,5.734048832901442,0.17525773195876287,0.29896907216494845,1
194.0,5.792326554296485,0.12886597938144329,0.3711340206185567,1
194.0,5.811533951918305,0.15463917525773196,0.30412371134020616,1
194.0,5.843023476789369,0.15463917525773196,0.3917525773195876,1
26.0,4.440636352673266,0.11538461538461539,0.19230769230769232,1
26.0,4.440636352673266,0.07692307692307693,0.23076923076923078,1
26.0,4.440636352673266,0.07692307692307693,0.23076923076923078,1
194.0,5.7786408737188895,0.15979381443298968,0.37628865979381443,1
194.0,5.8274944049722235,0.11855670103092783,0.4175257731958763,1
194.0,5.7458340284786855,0.13402061855670103,0.32989690721649484,1
194.0,5.817185126621707,0.18041237113402062,0.36082474226804123,1
194.0,5.790699704598896,0.14432989690721648,0.4072164948453608,1
194.0,5.752406761263572,0.16494845360824742,0.36597938144329895,1
194.0,5.796851505629363,0.17010309278350516,0.3865979381443299,1
194.0,5.733966294597299,0.14948453608247422,0.31958762886597936,1
26.0,4.440636352673266,0.07692307692307693,0.19230769230769232,1
26.0,4.440636352673266,0.11538461538461539,0.19230769230769232,1
26.0,4.440636352673266,0.07692307692307693,0.23076923076923078,1
26.0,4.440636352673266,0.07692307692307693,0.23076923076923078,1
194.0,5.778341793872792,0.15979381443298968,0.3556701030927835,1
26.0,4.440636352673266,0.11538461538461539,0.19230769230769232,1
194.0,5.790663234726209,0.17525773195876287,0.39690721649484534,1
194.0,5.7906632347262095,0.12886597938144329,0.3402061855670103,1
194.0,5.759156721986236,0.16494845360824742,0.38144329896907214,1
194.0,5.820644918076505,0.15463917525773196,0.38144329896907214,1
194.0,5.753436302192537,0.18041237113402062,0.3711340206185567,1
26.0,4.363713275750189,0.07692307692307693,0.23076923076923078,1
26.0,4.440636352673266,0.07692307692307693,0.15384615384615385,1
26.0,4.440636352673266,0.11538461538461539,0.15384615384615385,1
194.0,5.819482224833293,0.15463917525773196,0.38144329896907214,1
194.0,5.722187912483198,0.11855670103092783,0.36082474226804123,1
194.0,5.7659378147152305,0.13917525773195877,0.3711340206185567,1
194.0,5.781203425635386,0.17525773195876287,0.37628865979381443,1
194.0,5.775718178463846,0.12371134020618557,0.39690721649484534,1
194.0,5.78916584268779,0.14948453608247422,0.36082474226804123,1
194.0,5.745618337860299,0.15463917525773196,0.3247422680412371,1
194.0,5.779191263132483,0.15463917525773196,0.3247422680412371,1
26.0,4.440636352673266,0.07692307692307693,0.19230769230769232,1
26.0,4.363713275750189,0.07692307692307693,0.19230769230769232,1
26.0,4.363713275750189,0.07692307692307693,0.15384615384615385,1
26.0,4.440636352673266,0.11538461538461539,0.15384615384615385,1
194.0,5.821972687927998,0.16494845360824742,0.37628865979381443,1
26.0,4.440636352673266,0.07692307692307693,0.19230769230769232,1
194.0,5.794605021427874,0.12886597938144329,0.36597938144329895,1
194.0,5.750059899965455,0.13917525773195877,0.36597938144329895,1
194.0,5.822606466569306,0.13402061855670103,0.3917525773195876,1
194.0,5.796865649766778,0.13402061855670103,0.4072164948453608,1
194.0,5.805810688393116,0.18041237113402062,0.31958762886597936,1
26.0,4.440636352673266,0.11538461538461539,0.15384615384615385,1
26.0,4.440636352673266,0.07692307692307693,0.19230769230769232,1
26.0,4.440636352673266,0.07692307692307693,0.19230769230769232,1
194.0,5.70917162949602,0.12371134020618557,0.4072164948453608,1
194.0,5.727180714925524,0.16494845360824742,0.3917525773195876,1
194.0,5.787456454686055,0.18041237113402062,0.36597938144329895,1
194.0,5.798313278718672,0.14948453608247422,0.37628865979381443,1
194.0,5.705064766186074,0.12371134020618557,0.3711340206185567,1
194.0,5.720593838003221,0.12886597938144329,0.3917525773195876,1
194.0,5.739750621614941,0.10824742268041238,0.3711340206185567,1
194.0,5.822739618883549,0.15463917525773196,0.3711340206185567,1
26.0,4.440636352673266,0.11538461538461539,0.15384615384615385,1
26.0,4.440636352673266,0.15384615384615385,0.15384615384615385,1
26.0,4.363713275750189,0.11538461538461539,0.19230769230769232,1
26.0,4.286790198827112,0.11538461538461539,0.19230769230769232,1
194.0,5.788852618704274,0.1134020618556701,0.4175257731958763,1
26.0,4.363713275750189,0.11538461538461539,0.15384615384615385,1
194.0,5.834927907422726,0.15979381443298968,0.3556701030927835,1
194.0,5.774749701027327,0.12886597938144329,0.3402061855670103,1
194.0,5.728390327523765,0.14948453608247422,0.3556701030927835,1
194.0,5.873638087857399,0.16494845360824742,0.36082474226804123,1
194.0,5.811066100808855,0.15463917525773196,0.4020618556701031,1
26.0,4.440636352673266,0.07692307692307693,0.19230769230769232,1
26.0,4.440636352673266,0.07692307692307693,0.15384615384615385,1
26.0,4.440636352673266,0.11538461538461539,0.15384615384615385,1
194.0,5.7439550182900225,0.14948453608247422,0.33505154639175255,1
194.0,5.766489055052396,0.17010309278350516,0.31443298969072164,1
194.0,5.816537203842981,0.13917525773195877,0.4072164948453608,1
194.0,5.770329613733863,0.13917525773195877,0.39690721649484534,1
194.0,5.779623495292825,0.17525773195876287,0.3711340206185567,1
194.0,5.70040666253896,0.17525773195876287,0.35051546391752575,1
194.0,5.676099330550905,0.13917525773195877,0.36597938144329895,1
194.0,5.791512703985903,0.12371134020618557,0.41237113402061853,1
26.0,4.334679141051594,0.07692307692307693,0.19230769230769232,1
26.0,4.334679141051594,0.07692307692307693,0.19230769230769232,1
26.0,4.334679141051594,0.07692307692307693,0.15384615384615385,1
26.0,4.334679141051594,0.11538461538461539,0.15384615384615385,1
194.0,5.816969436003325,0.13917525773195877,0.38144329896907214,1
26.0,4.363713275750189,0.07692307692307693,0.19230769230769232,1
194.0,5.802838230051548,0.0979381443298969,0.42783505154639173,1
194.0,5.7304567400559785,0.14432989690721648,0.34536082474226804,1
194.0,5.742360092886471,0.15979381443298968,0.3711340206185567,1
194.0,5.766488204128823,0.09278350515463918,0.4381443298969072,1
194.0,5.756658077293682,0.19072164948453607,0.31958762886597936,1
194.0,5.881733657224047,0.13917525773195877,0.38144329896907214,1
26.0,4.363713275750189,0.07692307692307693,0.15384615384615385,1
26.0,4.286790198827112,0.07692307692307693,0.15384615384615385,1
26.0,4.257756064128517,0.07692307692307693,0.11538461538461539,1
194.0,5.745953887579087,0.14432989690721648,0.36082474226804123,1
194.0,5.795569804209325,0.17010309278350516,0.41237113402061853,1
194.0,5.810285025715887,0.18041237113402062,0.36597938144329895,1
194.0,5.728339713513666,0.13917525773195877,0.422680412371134,1
194.0,5.753436302192536,0.1134020618556701,0.38144329896907214,1
194.0,5.795487265905181,0.1134020618556701,0.4020618556701031,1
194.0,5.710715940889471,0.15463917525773196,0.3556701030927835,1
194.0,5.708189858845659,0.14948453608247422,0.4072164948453608,1
26.0,4.440636352673266,0.11538461538461539,0.11538461538461539,1
26.0,4.363713275750189,0.07692307692307693,0.15384615384615385,1
26.0,4.440636352673266,0.07692307692307693,0.15384615384615385,1
26.0,4.363713275750189,0.07692307692307693,0.11538461538461539,1
26.0,4.363713275750189,0.11538461538461539,0.11538461538461539,1
194.0,5.792711867101793,0.12371134020618557,0.37628865979381443,1
194.0,5.770761845894204,0.15463917525773196,0.41237113402061853,1
194.0,5.805497464409597,0.12886597938144329,0.37628865979381443,1
194.0,5.754966469448572,0.15979381443298968,0.36082474226804123,1
194.0,5.763277729433601,0.12886597938144329,0.34536082474226804,1
26.0,4.363713275750189,0.07692307692307693,0.15384615384615385,1
26.0,4.286790198827112,0.07692307692307693,0.11538461538461539,1
26.0,4.363713275750189,0.11538461538461539,0.11538461538461539,1
194.0,5.81028502571589,0.14948453608247422,0.422680412371134,1
194.0,5.733130969475025,0.10824742268041238,0.36082474226804123,1
194.0,5.754034461884737,0.14948453608247422,0.31443298969072164,1
194.0,5.806012234874085,0.1134020618556701,0.422680412371134,1
194.0,5.801955134650661,0.21649484536082475,0.31958762886597936,1
194.0,5.744170708908405,0.13402061855670103,0.3865979381443299,1
194.0,5.805331536877737,0.10824742268041238,0.3917525773195876,1
194.0,5.849344049083188,0.15463917525773196,0.3711340206185567,1
26.0,4.440636352673266,0.11538461538461539,0.15384615384615385,1
26.0,4.363713275750189,0.11538461538461539,0.15384615384615385,1
26.0,4.363713275750189,0.07692307692307693,0.11538461538461539,1
26.0,4.440636352673266,0.11538461538461539,0.11538461538461539,1
194.0,5.758738633963314,0.11855670103092783,0.38144329896907214,1
26.0,4.286790198827112,0.07692307692307693,0.19230769230769232,1
194.0,5.7844616706092165,0.13402061855670103,0.3556701030927835,1
194.0,5.708092325480528,0.16494845360824742,0.3865979381443299,1
194.0,5.708488087768185,0.12371134020618557,0.3711340206185567,1
194.0,5.803485301906696,0.14432989690721648,0.4020618556701031,1
194.0,5.814957273500422,0.13917525773195877,0.3865979381443299,1
26.0,4.286790198827112,0.11538461538461539,0.15384615384615385,1
26.0,4.363713275750189,0.07692307692307693,0.19230769230769232,1
26.0,4.363713275750189,0.07692307692307693,0.19230769230769232,1
194.0,5.738400526028181,0.15463917525773196,0.37628865979381443,1
194.0,5.842760866815957,0.16494845360824742,0.4072164948453608,1
194.0,5.769962139721034,0.16494845360824742,0.4072164948453608,1
194.0,5.833315201862548,0.13917525773195877,0.3556701030927835,1
194.0,5.69455394135459,0.18041237113402062,0.31443298969072164,1
194.0,5.7610171010946996,0.12886597938144329,0.3402061855670103,1
194.0,5.782866745205663,0.1134020618556701,0.34536082474226804,1
194.0,5.777611332789926,0.13402061855670103,0.42783505154639173,1
26.0,4.440636352673266,0.07692307692307693,0.15384615384615385,1
26.0,4.363713275750189,0.11538461538461539,0.15384615384615385,1
26.0,4.440636352673266,0.07692307692307693,0.19230769230769232,1
26.0,4.440636352673266,0.07692307692307693,0.19230769230769232,1
194.0,5.685559139641725,0.1134020618556701,0.37628865979381443,1
26.0,4.363713275750189,0.11538461538461539,0.15384615384615385,1
194.0,5.8036184542209375,0.14432989690721648,0.36082474226804123,1
194.0,5.808024397376986,0.12886597938144329,0.4381443298969072,1
194.0,5.678028103826089,0.0979381443298969,0.36082474226804123,1
194.0,5.72483385362741,0.13402061855670103,0.3865979381443299,1
194.0,5.773623477656804,0.16494845360824742,0.3711340206185567,1
26.0,4.363713275750189,0.07692307692307693,0.15384615384615385,1
26.0,4.334679141051594,0.07692307692307693,0.11538461538461539,1
26.0,4.286790198827112,0.11538461538461539,0.11538461538461539,1
194.0,5.825900330492248,0.14432989690721648,0.36082474226804123,1
194.0,5.769566377433381,0.14948453608247422,0.36082474226804123,1
194.0,5.784111976753017,0.1958762886597938,0.35051546391752575,1
194.0,5.77970603359697,0.14432989690721648,0.38144329896907214,1
194.0,5.743008015665193,0.13402061855670103,0.37628865979381443,1
194.0,5.799079358750648,0.11855670103092783,0.4020618556701031,1
194.0,5.777611332789923,0.10309278350515463,0.37628865979381443,1
194.0,5.75057467042994,0.17525773195876287,0.3402061855670103,1
26.0,4.363713275750189,0.11538461538461539,0.15384615384615385,1
26.0,4.440636352673266,0.11538461538461539,0.15384615384615385,1
26.0,4.363713275750189,0.11538461538461539,0.11538461538461539,1
26.0,4.286790198827112,0.15384615384615385,0.11538461538461539,1
194.0,5.675667098390564,0.13917525773195877,0.36597938144329895,1
26.0,4.440636352673266,0.11538461538461539,0.15384615384615385,1
194.0,5.751089440894428,0.11855670103092783,0.3402061855670103,1
194.0,5.82210584024224,0.20103092783505155,0.30927835051546393,1
194.0,5.79220754611966,0.12371134020618557,0.37628865979381443,1
194.0,5.778810495905816,0.21649484536082475,0.3711340206185567,1
194.0,5.713445271261402,0.13917525773195877,0.35051546391752575,1
26.0,4.363713275750189,0.15384615384615385,0.11538461538461539,1
26.0,4.363713275750189,0.15384615384615385,0.15384615384615385,1
26.0,4.363713275750189,0.15384615384615385,0.15384615384615385,1
194.0,5.728425946472876,0.1134020618556701,0.3556701030927835,1
194.0,5.755844226983099,0.11855670103092783,0.3556701030927835,1
194.0,5.829805647321226,0.1958762886597938,0.35051546391752575,1
194.0,5.864358350435855,0.15463917525773196,0.3711340206185567,1
194.0,5.762547268350734,0.13917525773195877,0.3247422680412371,1
194.0,5.745953036655509,0.18041237113402062,0.4072164948453608,1
194.0,5.785274669996224,0.16494845360824742,0.3556701030927835,1
194.0,5.726566418287989,0.14432989690721648,0.35051546391752575,1
26.0,4.363713275750189,0.11538461538461539,0.11538461538461539,1
26.0,4.363713275750189,0.15384615384615385,0.11538461538461539,1
26.0,4.363713275750189,0.11538461538461539,0.19230769230769232,1
26.0,4.363713275750189,0.11538461538461539,0.19230769230769232,1
26.0,4.440636352673266,0.11538461538461539,0.15384615384615385,1
194.0,5.802851523265386,0.13402061855670103,0.4020618556701031,1
194.0,5.758670239796584,0.1958762886597938,0.32989690721649484,1
194.0,5.701590830593861,0.10824742268041238,0.4329896907216495,1
194.0,5.71595806009137,0.10309278350515463,0.31443298969072164,1
194.0,5.8270630237354535,0.14432989690721648,0.3917525773195876,1
194.0,5.799126278105681,0.12371134020618557,0.3917525773195876,1
26.0,4.440636352673266,0.11538461538461539,0.19230769230769232,1
26.0,4.440636352673266,0.11538461538461539,0.15384615384615385,1
26.0,4.440636352673266,0.15384615384615385,0.15384615384615385,1
194.0,5.8135104954721,0.13917525773195877,0.3865979381443299,1
194.0,5.816538054766555,0.15979381443298968,0.3711340206185567,1
194.0,5.7906276157771,0.12886597938144329,0.37628865979381443,1
194.0,5.726447410111165,0.15979381443298968,0.3402061855670103,1
194.0,5.7928777946336565,0.18041237113402062,0.38144329896907214,1
194.0,5.792013330312972,0.13402061855670103,0.3865979381443299,1
194.0,5.68760692109374,0.13917525773195877,0.37628865979381443,1
194.0,5.724567548998927,0.1958762886597938,0.35051546391752575,1
26.0,4.440636352673266,0.07692307692307693,0.19230769230769232,1
26.0,4.440636352673266,0.07692307692307693,0.19230769230769232,1
26.0,4.440636352673266,0.07692307692307693,0.15384615384615385,1
26.0,4.440636352673266,0.11538461538461539,0.15384615384615385,1
194.0,5.729524732492142,0.16494845360824742,0.34536082474226804,1
26.0,4.209867121904035,0.038461538461538464,0.23076923076923078,1
194.0,5.768234912926819,0.13402061855670103,0.34536082474226804,1
194.0,5.762813572979218,0.09278350515463918,0.4484536082474227,1
194.0,5.74458879693133,0.09278350515463918,0.4020618556701031,1
194.0,5.728425946472875,0.13917525773195877,0.34536082474226804,1
194.0,5.637960717911056,0.13402061855670103,0.35051546391752575,1
26.0,4.209867121904035,0.07692307692307693,0.15384615384615385,1
26.0,4.286790198827112,0.038461538461538464,0.19230769230769232,1
26.0,4.286790198827112,0.038461538461538464,0.19230769230769232,1
194.0,5.646236655377434,0.15979381443298968,0.33505154639175255,1
194.0,5.688107547420806,0.15979381443298968,0.28865979381443296,1
194.0,5.74869566024128,0.18041237113402062,0.34536082474226804,1
194.0,5.801905371564135,0.13402061855670103,0.4175257731958763,1
194.0,5.821457917463515,0.13917525773195877,0.3917525773195876,1
194.0,5.82094314699903,0.17525773195876287,0.36597938144329895,1
194.0,5.754383304817362,0.10309278350515463,0.3917525773195876,1
194.0,5.729142263418328,0.12371134020618557,0.3865979381443299,1
26.0,4.286790198827112,0.038461538461538464,0.15384615384615385,1
26.0,4.286790198827112,0.07692307692307693,0.15384615384615385,1
26.0,4.286790198827112,0.038461538461538464,0.19230769230769232,1
26.0,4.363713275750189,0.038461538461538464,0.19230769230769232,1
194.0,5.740815781493019,0.16494845360824742,0.3247422680412371,1
26.0,4.363713275750189,0.07692307692307693,0.15384615384615385,1
194.0,5.753386539106012,0.1134020618556701,0.3865979381443299,1
194.0,5.836292147146903,0.11855670103092783,0.42783505154639173,1
194.0,5.770761845894202,0.09278350515463918,0.3711340206185567,1
194.0,5.786638909720405,0.15979381443298968,0.3865979381443299,1
194.0,5.748263428080938,0.14948453608247422,0.4020618556701031,1
26.0,4.363713275750189,0.07692307692307693,0.19230769230769232,1
26.0,4.363713275750189,0.07692307692307693,0.15384615384615385,1
26.0,4.286790198827112,0.11538461538461539,0.15384615384615385,1
194.0,5.779108724828342,0.16494845360824742,0.37628865979381443,1
194.0,5.834830374057594,0.14432989690721648,0.36597938144329895,1
194.0,5.720676376307363,0.13402061855670103,0.38144329896907214,1
194.0,5.674183850489557,0.11855670103092783,0.4587628865979381,1
194.0,5.713027183238476,0.16494845360824742,0.36082474226804123,1
194.0,5.787787458826196,0.18556701030927836,0.3556701030927835,1
194.0,5.712153120359016,0.17010309278350516,0.33505154639175255,1
194.0,5.751953054291533,0.12371134020618557,0.4072164948453608,1
26.0,4.286790198827112,0.038461538461538464,0.23076923076923078,1
26.0,4.286790198827112,0.038461538461538464,0.23076923076923078,1
26.0,4.363713275750189,0.038461538461538464,0.19230769230769232,1
26.0,4.363713275750189,0.07692307692307693,0.19230769230769232,1
194.0,5.8257813223154225,0.14948453608247422,0.37628865979381443,1
26.0,4.363713275750189,0.038461538461538464,0.23076923076923078,1
194.0,5.845967646856111,0.18041237113402062,0.3917525773195876,1
194.0,5.719229598279042,0.11855670103092783,0.36597938144329895,1
194.0,5.695219644289942,0.09278350515463918,0.41237113402061853,1
194.0,5.717335593029389,0.14432989690721648,0.3711340206185567,1
194.0,5.708607095945011,0.0979381443298969,0.4329896907216495,1
26.0,4.363713275750189,0.07692307692307693,0.19230769230769232,1
26.0,4.363713275750189,0.038461538461538464,0.23076923076923078,1
26.0,4.286790198827112,0.038461538461538464,0.23076923076923078,1
194.0,5.807376474598262,0.15979381443298968,0.35051546391752575,1
194.0,5.863976732285612,0.14948453608247422,0.3865979381443299,1
194.0,5.777359172298857,0.17525773195876287,0.36597938144329895,1
194.0,5.767385443667127,0.13402061855670103,0.3865979381443299,1
194.0,5.714079049902712,0.14432989690721648,0.4381443298969072,1
194.0,5.813927732571453,0.16494845360824742,0.39690721649484534,1
194.0,5.699579519014533,0.13402061855670103,0.3556701030927835,1
194.0,5.762896111283358,0.19072164948453607,0.37628865979381443,1
26.0,4.363713275750189,0.038461538461538464,0.19230769230769232,1
26.0,4.363713275750189,0.07692307692307693,0.19230769230769232,1
26.0,4.363713275750189,0.038461538461538464,0.23076923076923078,1
26.0,4.286790198827112,0.038461538461538464,0.23076923076923078,1
194.0,5.711515647062638,0.1958762886597938,0.34536082474226804,1
26.0,4.363713275750189,0.07692307692307693,0.15384615384615385,1
194.0,5.739751472538518,0.12371134020618557,0.35051546391752575,1
194.0,5.808539167841468,0.13402061855670103,0.35051546391752575,1
194.0,5.765757743045955,0.12371134020618557,0.28350515463917525,1
194.0,5.810551330344374,0.15979381443298968,0.30927835051546393,1
194.0,5.805281773791215,0.12371134020618557,0.4020618556701031,1
26.0,4.286790198827112,0.038461538461538464,0.19230769230769232,1
26.0,4.286790198827112,0.038461538461538464,0.15384615384615385,1
26.0,4.363713275750189,0.07692307692307693,0.15384615384615385,1
194.0,5.816969436003322,0.14948453608247422,0.4381443298969072,1
194.0,5.725035400108376,0.11855670103092783,0.3917525773195876,1
194.0,5.6843130571708,0.11855670103092783,0.3711340206185567,1
194.0,5.779871961128825,0.15463917525773196,0.3556701030927835,1
194.0,5.744573801870341,0.15979381443298968,0.32989690721649484,1
194.0,5.767086363821024,0.09278350515463918,0.38144329896907214,1
194.0,5.7484799696228945,0.10309278350515463,0.39690721649484534,1
194.0,5.817484206467807,0.15463917525773196,0.36597938144329895,1
26.0,4.286790198827112,0.038461538461538464,0.19230769230769232,1
26.0,4.363713275750189,0.038461538461538464,0.19230769230769232,1
26.0,4.363713275750189,0.038461538461538464,0.15384615384615385,1
26.0,4.363713275750189,0.07692307692307693,0.15384615384615385,1
194.0,5.790782242903035,0.12886597938144329,0.422680412371134,1
26.0,4.363713275750189,0.038461538461538464,0.19230769230769232,1
194.0,5.755329456518614,0.14432989690721648,0.3917525773195876,1
194.0,5.786937989566501,0.15463917525773196,0.3711340206185567,1
194.0,5.7755991702870215,0.15463917525773196,0.32989690721649484,1
194.0,5.782999897519905,0.15463917525773196,0.31958762886597936,1
194.0,5.792794405405939,0.15979381443298968,0.36082474226804123,1
26.0,4.286790198827112,0.11538461538461539,0.15384615384615385,1
26.0,4.363713275750189,0.07692307692307693,0.19230769230769232,1
26.0,4.286790198827112,0.07692307692307693,0.19230769230769232,1
194.0,5.780174735629992,0.13402061855670103,0.4175257731958763,1
194.0,5.806494230120951,0.12886597938144329,0.39690721649484534,1
194.0,5.834474200450693,0.14948453608247422,0.37628865979381443,1
194.0,5.793704938158081,0.0979381443298969,0.4072164948453608,1
194.0,5.700392518401542,0.12371134020618557,0.35051546391752575,1
194.0,5.753832064480197,0.12371134020618557,0.36597938144329895,1
194.0,5.764706727305294,0.13402061855670103,0.3711340206185567,1
194.0,5.733645739939508,0.10824742268041238,0.37628865979381443,1
26.0,4.363713275750189,0.038461538461538464,0.15384615384615385,1
26.0,4.363713275750189,0.07692307692307693,0.15384615384615385,1
26.0,4.363713275750189,0.038461538461538464,0.19230769230769232,1
26.0,4.363713275750189,0.038461538461538464,0.19230769230769232,1
194.0,5.748479969622895,0.1134020618556701,0.31958762886597936,1
26.0,4.363713275750189,0.07692307692307693,0.15384615384615385,1
194.0,5.778544191277334,0.16494845360824742,0.37628865979381443,1
194.0,5.815972670291973,0.12886597938144329,0.30927835051546393,1
194.0,5.751125059843537,0.14432989690721648,0.3711340206185567,1
194.0,5.786041600951778,0.18041237113402062,0.4175257731958763,1
194.0,5.847749974603213,0.1134020618556701,0.3917525773195876,1
26.0,4.286790198827112,0.038461538461538464,0.19230769230769232,1
26.0,4.286790198827112,0.038461538461538464,0.15384615384615385,1
26.0,4.286790198827112,0.07692307692307693,0.15384615384615385,1
194.0,5.753810589668505,0.15463917525773196,0.39690721649484534,1
194.0,5.707303919713282,0.14948453608247422,0.34536082474226804,1
194.0,5.74364264523008,0.16494845360824742,0.36082474226804123,1
194.0,5.802203600486662,0.18041237113402062,0.3556701030927835,1
194.0,5.798877812269679,0.15463917525773196,0.36082474226804123,1
194.0,5.783298977366006,0.07731958762886598,0.37628865979381443,1
194.0,5.806875848271192,0.13917525773195877,0.41237113402061853,1
194.0,5.808539167841469,0.14948453608247422,0.3556701030927835,1
26.0,4.286790198827112,0.038461538461538464,0.19230769230769232,1
26.0,4.209867121904035,0.038461538461538464,0.19230769230769232,1
26.0,4.286790198827112,0.038461538461538464,0.11538461538461539,1
26.0,4.286790198827112,0.07692307692307693,0.11538461538461539,1
194.0,5.722771077114408,0.11855670103092783,0.3917525773195876,1
26.0,4.209867121904035,0.038461538461538464,0.15384615384615385,1
194.0,5.767072219683609,0.10824742268041238,0.42783505154639173,1
194.0,5.753533835557669,0.14948453608247422,0.36082474226804123,1
194.0,5.799043739801538,0.17010309278350516,0.34536082474226804,1
194.0,5.840712234440369,0.13917525773195877,0.4072164948453608,1
194.0,5.680325202037676,0.13402061855670103,0.29896907216494845,1
26.0,4.286790198827112,0.07692307692307693,0.11538461538461539,1
26.0,4.363713275750189,0.038461538461538464,0.15384615384615385,1
26.0,4.286790198827112,0.038461538461538464,0.15384615384615385,1
194.0,5.7152275990085055,0.13402061855670103,0.36597938144329895,1
194.0,5.738638542381834,0.13917525773195877,0.35051546391752575,1
194.0,5.7506936786067655,0.14948453608247422,0.3556701030927835,1
194.0,5.745787109123653,0.1134020618556701,0.4381443298969072,1
194.0,5.827159706177012,0.13402061855670103,0.36597938144329895,1
194.0,5.725683322887103,0.1134020618556701,0.3711340206185567,1
194.0,5.705015003099548,0.15979381443298968,0.39690721649484534,1
194.0,5.8206449180765025,0.13402061855670103,0.36082474226804123,1
26.0,4.286790198827112,0.038461538461538464,0.11538461538461539,1
26.0,4.286790198827112,0.07692307692307693,0.11538461538461539,1
26.0,4.286790198827112,0.038461538461538464,0.15384615384615385,1
26.0,4.286790198827112,0.038461538461538464,0.15384615384615385,1
194.0,5.787920611140443,0.15979381443298968,0.30927835051546393,1
26.0,4.286790198827112,0.07692307692307693,0.11538461538461539,1
194.0,5.779192114056059,0.15463917525773196,0.33505154639175255,1
194.0,5.776031402447363,0.13402061855670103,0.3865979381443299,1
194.0,5.734495209199197,0.17525773195876287,0.31958762886597936,1
194.0,5.735941987227519,0.17010309278350516,0.35051546391752575,1
194.0,5.7786408737188895,0.20618556701030927,0.3402061855670103,1
26.0,4.286790198827112,0.07692307692307693,0.15384615384615385,1
26.0,4.209867121904035,0.07692307692307693,0.11538461538461539,1
26.0,4.286790198827112,0.11538461538461539,0.11538461538461539,1
194.0,5.795955117014637,0.15979381443298968,0.31443298969072164,1
194.0,5.744275572947814,0.10824742268041238,0.38144329896907214,1
194.0,5.714592969443623,0.13402061855670103,0.3865979381443299,1
194.0,5.759638717233106,0.13402061855670103,0.32989690721649484,1
194.0,5.8719747682871235,0.13917525773195877,0.31958762886597936,1
194.0,5.806527005338567,0.13402061855670103,0.4329896907216495,1
194.0,5.819482224833295,0.16494845360824742,0.3711340206185567,1
194.0,5.7356579024424095,0.08762886597938144,0.3711340206185567,1
194.0,5.769051606968894,0.11855670103092783,0.35051546391752575,1
26.0,4.286790198827112,0.038461538461538464,0.19230769230769232,1
26.0,4.286790198827112,0.038461538461538464,0.15384615384615385,1
26.0,4.286790198827112,0.07692307692307693,0.15384615384615385,1
26.0,4.286790198827112,0.038461538461538464,0.19230769230769232,1
26.0,4.286790198827112,0.038461538461538464,0.19230769230769232,1
194.0,5.7531157475347445,0.16494845360824742,0.28350515463917525,1
194.0,5.690432933907228,0.15463917525773196,0.3402061855670103,1
194.0,5.77243845867832,0.15463917525773196,0.3402061855670103,1
194.0,5.7510069025902855,0.10824742268041238,0.4175257731958763,1
194.0,5.82360323228066,0.16494845360824742,0.37628865979381443,1
194.0,5.790267472438552,0.14432989690721648,0.3556701030927835,1
26.0,4.363713275750189,0.038461538461538464,0.19230769230769232,1
26.0,4.363713275750189,0.038461538461538464,0.19230769230769232,1
26.0,4.363713275750189,0.038461538461538464,0.15384615384615385,1
194.0,5.745653956809407,0.17010309278350516,0.3247422680412371,1
194.0,5.752252134137634,0.14948453608247422,0.32989690721649484,1
194.0,5.747749508540029,0.13917525773195877,0.4381443298969072,1
194.0,5.705446384336316,0.1134020618556701,0.4175257731958763,1
194.0,5.762896111283357,0.14432989690721648,0.35051546391752575,1
194.0,5.735941987227519,0.11855670103092783,0.39690721649484534,1
194.0,5.7323863642547375,0.12886597938144329,0.41237113402061853,1
194.0,5.742925477361054,0.15463917525773196,0.35051546391752575,1
26.0,4.363713275750189,0.07692307692307693,0.11538461538461539,1
26.0,4.363713275750189,0.038461538461538464,0.15384615384615385,1
26.0,4.286790198827112,0.038461538461538464,0.15384615384615385,1
26.0,4.257756064128516,0.038461538461538464,0.11538461538461539,1
26.0,4.286790198827112,0.07692307692307693,0.11538461538461539,1
194.0,5.763328343443699,0.17010309278350516,0.37628865979381443,1
194.0,5.6791766529318854,0.15463917525773196,0.36082474226804123,1
194.0,5.682099348186932,0.17525773195876287,0.3917525773195876,1
194.0,5.806181006137434,0.12371134020618557,0.4175257731958763,1
194.0,5.7239702402303,0.13917525773195877,0.36597938144329895,1
194.0,5.7942561784952495,0.12886597938144329,0.4072164948453608,1
26.0,4.286790198827112,0.038461538461538464,0.11538461538461539,1
26.0,4.363713275750189,0.07692307692307693,0.11538461538461539,1
26.0,4.286790198827112,0.07692307692307693,0.15384615384615385,1
194.0,5.725849250418962,0.14948453608247422,0.35051546391752575,1
194.0,5.794590877290458,0.12371134020618557,0.3865979381443299,1
194.0,5.794673415594599,0.13402061855670103,0.33505154639175255,1
194.0,5.717120753334583,0.09278350515463918,0.3402061855670103,1
194.0,5.767985596167243,0.12371134020618557,0.3865979381443299,1
194.0,5.756478005624408,0.14432989690721648,0.4072164948453608,1
194.0,5.755963235159924,0.13917525773195877,0.3402061855670103,1
26.0,4.363713275750189,0.07692307692307693,0.15384615384615385,1
26.0,4.363713275750189,0.07692307692307693,0.15384615384615385,1
26.0,4.286790198827112,0.07692307692307693,0.11538461538461539,1
26.0,4.363713275750189,0.11538461538461539,0.11538461538461539,1
194.0,5.756777085470508,0.14432989690721648,0.4020618556701031,1
26.0,4.363713275750189,0.11538461538461539,0.15384615384615385,1
194.0,5.730686574811777,0.18556701030927836,0.29896907216494845,1
194.0,5.775001861518394,0.20618556701030927,0.35051546391752575,1
194.0,5.737835992477169,0.17525773195876287,0.3402061855670103,1
194.0,5.700572590070815,0.14948453608247422,0.3917525773195876,1
194.0,5.789500541483001,0.15979381443298968,0.422680412371134,1
194.0,5.802553294342861,0.21649484536082475,0.3402061855670103,1
194.0,5.785610219715012,0.10824742268041238,0.4072164948453608,1
26.0,4.363713275750189,0.11538461538461539,0.15384615384615385,1
26.0,4.257756064128517,0.07692307692307693,0.11538461538461539,1
26.0,4.363713275750189,0.11538461538461539,0.11538461538461539,1
194.0,5.7127973484826775,0.13402061855670103,0.41237113402061853,1
194.0,5.724269320076401,0.13402061855670103,0.42783505154639173,1
194.0,5.778126103254407,0.12886597938144329,0.34536082474226804,1
194.0,5.788302229290683,0.13917525773195877,0.42783505154639173,1
194.0,5.7515572920038744,0.19072164948453607,0.34536082474226804,1
194.0,5.795403876677468,0.14948453608247422,0.36597938144329895,1
194.0,5.76405880452657,0.18041237113402062,0.29381443298969073,1
26.0,4.363713275750189,0.11538461538461539,0.15384615384615385,1
26.0,4.286790198827112,0.07692307692307693,0.19230769230769232,1
26.0,4.286790198827112,0.07692307692307693,0.19230769230769232,1
26.0,4.286790198827112,0.07692307692307693,0.15384615384615385,1
26.0,4.286790198827112,0.11538461538461539,0.15384615384615385,1
194.0,5.688887771590198,0.12886597938144329,0.39690721649484534,1
194.0,5.713228729719446,0.15979381443298968,0.34536082474226804,1
194.0,5.791512703985902,0.09278350515463918,0.4381443298969072,1
194.0,5.769098526323929,0.15463917525773196,0.34536082474226804,1
194.0,5.783215588138292,0.18041237113402062,0.32989690721649484,1
194.0,5.8483145081542185,0.13917525773195877,0.35051546391752575,1
194.0,5.750840975058423,0.1134020618556701,0.38144329896907214,1
26.0,4.257756064128517,0.07692307692307693,0.15384615384615385,1
26.0,4.363713275750189,0.038461538461538464,0.19230769230769232,1
26.0,4.363713275750189,0.038461538461538464,0.19230769230769232,1
194.0,5.779922575138927,0.17010309278350516,0.37628865979381443,1
194.0,5.721443307262915,0.15463917525773196,0.36082474226804123,1
194.0,5.715493052713412,0.15463917525773196,0.34536082474226804,1
194.0,5.797283737789703,0.20103092783505155,0.35051546391752575,1
194.0,5.793190167693597,0.12886597938144329,0.36597938144329895,1
194.0,5.797067196247745,0.15463917525773196,0.33505154639175255,1
194.0,5.711698562463407,0.12886597938144329,0.4175257731958763,1
194.0,5.761017101094697,0.17525773195876287,0.3711340206185567,1
26.0,4.257756064128516,0.038461538461538464,0.15384615384615385,1
26.0,4.286790198827112,0.07692307692307693,0.15384615384615385,1
26.0,4.363713275750189,0.038461538461538464,0.19230769230769232,1
26.0,4.363713275750189,0.038461538461538464,0.19230769230769232,1
194.0,5.8109329484946155,0.16494845360824742,0.35051546391752575,1
26.0,4.440636352673266,0.07692307692307693,0.15384615384615385,1
194.0,5.739870480715341,0.09278350515463918,0.3865979381443299,1
194.0,5.8187152938777436,0.14948453608247422,0.33505154639175255,1
194.0,5.675202941936177,0.20103092783505155,0.33505154639175255,1
194.0,5.734062977038857,0.12371134020618557,0.36082474226804123,1
194.0,5.831252425349547,0.14948453608247422,0.41237113402061853,1
26.0,4.440636352673266,0.038461538461538464,0.19230769230769232,1
26.0,4.363713275750189,0.038461538461538464,0.15384615384615385,1
26.0,4.363713275750189,0.07692307692307693,0.15384615384615385,1
194.0,5.754479987258919,0.13402061855670103,0.3556701030927835,1
194.0,5.777446256181639,0.16494845360824742,0.34536082474226804,1
194.0,5.771611315153899,0.11855670103092783,0.4175257731958763,1
194.0,5.735992601237622,0.13917525773195877,0.35051546391752575,1
194.0,5.7392499952878735,0.14432989690721648,0.4020618556701031,1
194.0,5.772557466855148,0.12886597938144329,0.3865979381443299,1
194.0,5.86043440252667,0.13917525773195877,0.44329896907216493,1
194.0,5.748012118513442,0.14432989690721648,0.36082474226804123,1
26.0,4.363713275750189,0.07692307692307693,0.19230769230769232,1
26.0,4.440636352673266,0.07692307692307693,0.19230769230769232,1
26.0,4.440636352673266,0.07692307692307693,0.15384615384615385,1
26.0,4.363713275750189,0.11538461538461539,0.15384615384615385,1
194.0,5.717217435776139,0.14432989690721648,0.39690721649484534,1
26.0,4.440636352673266,0.07692307692307693,0.19230769230769232,1
194.0,5.838966376565946,0.1958762886597938,0.38144329896907214,1
194.0,5.751175673853634,0.13402061855670103,0.3711340206185567,1
194.0,5.699662057318674,0.1134020618556701,0.4175257731958763,1
194.0,5.758104855322001,0.13917525773195877,0.38144329896907214,1
194.0,5.756611157938649,0.14432989690721648,0.34536082474226804,1
26.0,4.363713275750189,0.07692307692307693,0.15384615384615385,1
26.0,4.363713275750189,0.038461538461538464,0.23076923076923078,1
26.0,4.363713275750189,0.038461538461538464,0.23076923076923078,1
194.0,5.762381340818876,0.13402061855670103,0.41237113402061853,1
194.0,5.696418807405833,0.13402061855670103,0.3917525773195876,1
194.0,5.761830951405283,0.12886597938144329,0.33505154639175255,1
194.0,5.7538320644801955,0.10309278350515463,0.4020618556701031,1
194.0,5.700309980097398,0.15463917525773196,0.32989690721649484,1
194.0,5.763745580543051,0.10309278350515463,0.44329896907216493,1
194.0,5.744588796931333,0.10824742268041238,0.4020618556701031,1
194.0,5.801509609276478,0.14948453608247422,0.35051546391752575,1
26.0,4.440636352673266,0.038461538461538464,0.19230769230769232,1
26.0,4.440636352673266,0.07692307692307693,0.19230769230769232,1
26.0,4.440636352673266,0.038461538461538464,0.23076923076923078,1
26.0,4.363713275750189,0.038461538461538464,0.23076923076923078,1
194.0,5.78719015005757,0.18041237113402062,0.34536082474226804,1
26.0,4.440636352673266,0.07692307692307693,0.19230769230769232,1
194.0,5.750992758452867,0.10309278350515463,0.3865979381443299,1
194.0,5.811447718959099,0.18556701030927836,0.36082474226804123,1
194.0,5.794421255103532,0.13917525773195877,0.42783505154639173,1
194.0,5.71434450360762,0.0979381443298969,0.4020618556701031,1
194.0,5.787106760829856,0.14948453608247422,0.34536082474226804,1
194.0,5.651207983008065,0.09278350515463918,0.4484536082474227,1
26.0,4.440636352673266,0.038461538461538464,0.19230769230769232,1
26.0,4.440636352673266,0.07692307692307693,0.19230769230769232,1
26.0,4.440636352673266,0.038461538461538464,0.23076923076923078,1
194.0,5.803352149592453,0.18041237113402062,0.34536082474226804,1
194.0,5.77604554658478,0.0979381443298969,0.29381443298969073,1
194.0,5.741895936432084,0.14948453608247422,0.3247422680412371,1
194.0,5.790796387040448,0.12886597938144329,0.42783505154639173,1
194.0,5.798744659955436,0.13917525773195877,0.3711340206185567,1
194.0,5.800108899679615,0.15463917525773196,0.3711340206185567,1
194.0,5.747018196533587,0.13917525773195877,0.36597938144329895,1
194.0,5.775084399822536,0.10824742268041238,0.4072164948453608,1
26.0,4.363713275750189,0.038461538461538464,0.19230769230769232,1
26.0,4.363713275750189,0.038461538461538464,0.15384615384615385,1
26.0,4.440636352673266,0.07692307692307693,0.15384615384615385,1
26.0,4.440636352673266,0.038461538461538464,0.19230769230769232,1
194.0,5.693794341073316,0.10824742268041238,0.3865979381443299,1
26.0,4.363713275750189,0.038461538461538464,0.15384615384615385,1
194.0,5.7572946996664855,0.14948453608247422,0.3402061855670103,1
194.0,5.74350949291584,0.1134020618556701,0.3247422680412371,1
194.0,5.772690619169391,0.11855670103092783,0.4329896907216495,1
194.0,5.766153505333614,0.15979381443298968,0.37628865979381443,1
26.0,4.363713275750189,0.07692307692307693,0.15384615384615385,1
26.0,4.363713275750189,0.038461538461538464,0.19230769230769232,1
26.0,4.440636352673266,0.038461538461538464,0.19230769230769232,1
194.0,5.750225827497313,0.13402061855670103,0.3711340206185567,1
194.0,5.709887946441474,0.17525773195876287,0.31958762886597936,1
194.0,5.808934930129131,0.14432989690721648,0.35051546391752575,1
194.0,5.749448447059417,0.12371134020618557,0.4536082474226804,1
194.0,5.651387203753767,0.18041237113402062,0.4072164948453608,1
194.0,5.770642837717378,0.15979381443298968,0.41237113402061853,1
194.0,5.756561394852125,0.1134020618556701,0.33505154639175255,1
194.0,5.745653956809409,0.1134020618556701,0.4175257731958763,1
26.0,4.440636352673266,0.07692307692307693,0.15384615384615385,1
26.0,4.363713275750189,0.11538461538461539,0.15384615384615385,1
26.0,4.440636352673266,0.07692307692307693,0.19230769230769232,1
26.0,4.440636352673266,0.07692307692307693,0.19230769230769232,1
194.0,5.792841324760971,0.10824742268041238,0.3711340206185567,1
26.0,4.440636352673266,0.11538461538461539,0.15384615384615385,1
194.0,5.675188797798761,0.20103092783505155,0.31958762886597936,1
194.0,5.779839185911208,0.09278350515463918,0.3917525773195876,1
194.0,5.727562333075766,0.13402061855670103,0.3556701030927835,1
194.0,5.828427263459633,0.12371134020618557,0.36597938144329895,1
194.0,5.796051799456193,0.0979381443298969,0.42783505154639173,1
26.0,4.286790198827112,0.0,0.19230769230769232,1
26.0,4.363713275750189,0.0,0.15384615384615385,1
26.0,4.363713275750189,0.038461538461538464,0.15384615384615385,1
194.0,5.8752180181999645,0.13402061855670103,0.3865979381443299,1
194.0,5.775865474915502,0.18041237113402062,0.34536082474226804,1
194.0,5.738253229576522,0.13917525773195877,0.38144329896907214,1
194.0,5.76289611128336,0.20618556701030927,0.3556701030927835,1
194.0,5.717767825189732,0.13402061855670103,0.35051546391752575,1
194.0,5.695569338146141,0.1958762886597938,0.4072164948453608,1
194.0,5.702919451368925,0.10309278350515463,0.36082474226804123,1
194.0,5.794219708622563,0.1134020618556701,0.36597938144329895,1
26.0,4.286790198827112,0.0,0.19230769230769232,1
26.0,4.286790198827112,0.0,0.19230769230769232,1
26.0,4.286790198827112,0.0,0.15384615384615385,1
26.0,4.286790198827112,0.038461538461538464,0.15384615384615385,1
194.0,5.807174928117291,0.13402061855670103,0.42783505154639173,1
26.0,4.257756064128517,0.0,0.19230769230769232,1
194.0,5.750791211971901,0.1134020618556701,0.3711340206185567,1
194.0,5.762082260972776,0.15979381443298968,0.35051546391752575,1
194.0,5.762597882360835,0.17525773195876287,0.36082474226804123,1
194.0,5.748180889776796,0.12886597938144329,0.44329896907216493,1
194.0,5.81199810837269,0.11855670103092783,0.3865979381443299,1
26.0,4.286790198827112,0.038461538461538464,0.15384615384615385,1
26.0,4.286790198827112,0.0,0.19230769230769232,1
26.0,4.209867121904035,0.0,0.19230769230769232,1
194.0,5.781405823039933,0.10824742268041238,0.38144329896907214,1
194.0,5.78288088934308,0.1134020618556701,0.4329896907216495,1
194.0,5.758885930414967,0.13917525773195877,0.31958762886597936,1
194.0,5.732782126542396,0.16494845360824742,0.37628865979381443,1
194.0,5.7775287944857805,0.07731958762886598,0.38144329896907214,1
194.0,5.814190342544871,0.13402061855670103,0.3711340206185567,1
194.0,5.8053643120953575,0.17010309278350516,0.36597938144329895,1
194.0,5.789586774442209,0.11855670103092783,0.38144329896907214,1
26.0,4.18083298720544,0.0,0.11538461538461539,1
26.0,4.286790198827112,0.038461538461538464,0.11538461538461539,1
26.0,4.363713275750189,0.0,0.15384615384615385,1
26.0,4.286790198827112,0.0,0.15384615384615385,1
194.0,5.776499253556813,0.13917525773195877,0.31443298969072164,1
26.0,4.363713275750189,0.038461538461538464,0.11538461538461539,1
194.0,5.790148464261726,0.15979381443298968,0.38144329896907214,1
194.0,5.791380402595237,0.0979381443298969,0.41237113402061853,1
194.0,5.7621291803278085,0.13917525773195877,0.3556701030927835,1
194.0,5.701591681517433,0.15463917525773196,0.31958762886597936,1
194.0,5.782866745205666,0.11855670103092783,0.4175257731958763,1
26.0,4.286790198827112,0.0,0.15384615384615385,1
26.0,4.286790198827112,0.0,0.11538461538461539,1
26.0,4.286790198827112,0.038461538461538464,0.11538461538461539,1
194.0,5.831036734731161,0.18556701030927836,0.3402061855670103,1
194.0,5.773406936114844,0.1134020618556701,0.3917525773195876,1
194.0,5.773935850716742,0.18041237113402062,0.33505154639175255,1
194.0,5.8077253175308865,0.11855670103092783,0.32989690721649484,1
194.0,5.721310154948674,0.13402061855670103,0.4072164948453608,1
194.0,5.714463511784445,0.12886597938144329,0.3556701030927835,1
194.0,5.747101585761301,0.14432989690721648,0.30927835051546393,1
194.0,5.753317294015713,0.11855670103092783,0.34536082474226804,1
26.0,4.286790198827112,0.038461538461538464,0.15384615384615385,1
26.0,4.286790198827112,0.038461538461538464,0.15384615384615385,1
26.0,4.286790198827112,0.038461538461538464,0.11538461538461539,1
26.0,4.286790198827112,0.07692307692307693,0.11538461538461539,1
194.0,5.8633288095068865,0.12886597938144329,0.4175257731958763,1
26.0,4.363713275750189,0.038461538461538464,0.15384615384615385,1
194.0,5.7843782813815,0.10824742268041238,0.4020618556701031,1
194.0,5.8505067423264006,0.18556701030927836,0.3402061855670103,1
194.0,5.7989603505738225,0.13917525773195877,0.34536082474226804,1
194.0,5.8029705314422095,0.14432989690721648,0.36597938144329895,1
194.0,5.725215471777655,0.1134020618556701,0.38144329896907214,1
26.0,4.286790198827112,0.038461538461538464,0.15384615384615385,1
26.0,4.286790198827112,0.0,0.19230769230769232,1
26.0,4.286790198827112,0.0,0.19230769230769232,1
194.0,5.807642779226741,0.15979381443298968,0.3402061855670103,1
194.0,5.68798853924398,0.18041237113402062,0.30412371134020616,1
194.0,5.779839185911208,0.14948453608247422,0.44329896907216493,1
194.0,5.732735207187366,0.10309278350515463,0.36597938144329895,1
194.0,5.719716080468694,0.10309278350515463,0.3556701030927835,1
194.0,5.653518374433495,0.1134020618556701,0.37628865979381443,1
194.0,5.79417278926753,0.10824742268041238,0.4381443298969072,1
194.0,5.826450719905838,0.13917525773195877,0.3865979381443299,1
26.0,4.363713275750189,0.0,0.15384615384615385,1
26.0,4.363713275750189,0.038461538461538464,0.15384615384615385,1
26.0,4.363713275750189,0.0,0.19230769230769232,1
26.0,4.363713275750189,0.0,0.19230769230769232,1
194.0,5.792445562473313,0.20618556701030927,0.36597938144329895,1
26.0,4.363713275750189,0.038461538461538464,0.15384615384615385,1
194.0,5.803604310083521,0.12371134020618557,0.3711340206185567,1
194.0,5.765326361809187,0.17010309278350516,0.37628865979381443,1
194.0,5.79591864714195,0.18556701030927836,0.3247422680412371,1
194.0,5.851536283255365,0.14432989690721648,0.35051546391752575,1
194.0,5.7806388920843785,0.19072164948453607,0.30412371134020616,1
26.0,4.286790198827112,0.0,0.19230769230769232,1
26.0,4.363713275750189,0.0,0.11538461538461539,1
26.0,4.363713275750189,0.038461538461538464,0.11538461538461539,1
194.0,5.779311122232888,0.17525773195876287,0.3247422680412371,1
194.0,5.815687734583286,0.14948453608247422,0.32989690721649484,1
194.0,5.710486106133673,0.14432989690721648,0.35051546391752575,1
194.0,5.671826539709097,0.11855670103092783,0.30412371134020616,1
194.0,5.734196980276672,0.16494845360824742,0.3711340206185567,1
194.0,5.783395659807565,0.14948453608247422,0.36082474226804123,1
194.0,5.7498442093470725,0.11855670103092783,0.3556701030927835,1
194.0,5.7417130210313205,0.09278350515463918,0.36597938144329895,1
26.0,4.363713275750189,0.0,0.15384615384615385,1
26.0,4.286790198827112,0.0,0.15384615384615385,1
26.0,4.286790198827112,0.0,0.11538461538461539,1
26.0,4.363713275750189,0.038461538461538464,0.11538461538461539,1
194.0,5.764393503321779,0.14432989690721648,0.36082474226804123,1
26.0,4.363713275750189,0.038461538461538464,0.15384615384615385,1
194.0,5.810813940317786,0.14948453608247422,0.41237113402061853,1
194.0,5.682517436209857,0.10309278350515463,0.4020618556701031,1
194.0,5.800541131839958,0.15463917525773196,0.3917525773195876,1
194.0,5.830737654885062,0.14948453608247422,0.3865979381443299,1
194.0,5.702286523651195,0.13917525773195877,0.36082474226804123,1
26.0,4.363713275750189,0.07692307692307693,0.11538461538461539,1
26.0,4.363713275750189,0.038461538461538464,0.15384615384615385,1
26.0,4.363713275750189,0.038461538461538464,0.15384615384615385,1
194.0,5.7494953664144495,0.1134020618556701,0.41237113402061853,1
194.0,5.743440247825541,0.16494845360824742,0.3402061855670103,1
194.0,5.788186915768921,0.14432989690721648,0.4020618556701031,1
194.0,5.731835123917571,0.11855670103092783,0.4175257731958763,1
194.0,5.631654586185112,0.14948453608247422,0.3402061855670103,1
194.0,5.813974651926488,0.18556701030927836,0.36597938144329895,1
194.0,5.721144227416814,0.1134020618556701,0.4587628865979381,1
194.0,5.799558510266023,0.18556701030927836,0.3247422680412371,1
26.0,4.363713275750189,0.07692307692307693,0.11538461538461539,1
26.0,4.363713275750189,0.11538461538461539,0.11538461538461539,1
26.0,4.363713275750189,0.07692307692307693,0.15384615384615385,1
26.0,4.363713275750189,0.07692307692307693,0.15384615384615385,1
194.0,5.719528678125145,0.1958762886597938,0.35051546391752575,1
26.0,4.257756064128517,0.07692307692307693,0.11538461538461539,1
194.0,5.693341485024856,0.1134020618556701,0.3711340206185567,1
194.0,5.7659378147152305,0.14432989690721648,0.39690721649484534,1
194.0,5.777312252943821,0.12886597938144329,0.3917525773195876,1
194.0,5.709240874586322,0.13402061855670103,0.36082474226804123,1
194.0,5.8505901315541164,0.14948453608247422,0.3917525773195876,1
26.0,4.363713275750189,0.038461538461538464,0.23076923076923078,1
26.0,4.286790198827112,0.038461538461538464,0.19230769230769232,1
26.0,4.363713275750189,0.07692307692307693,0.19230769230769232,1
194.0,5.689137088349775,0.15463917525773196,0.37628865979381443,1
194.0,5.75835701581307,0.19072164948453607,0.3917525773195876,1
194.0,5.814323494859111,0.09278350515463918,0.4381443298969072,1
194.0,5.757723237171758,0.14948453608247422,0.33505154639175255,1
194.0,5.775566395069403,0.10824742268041238,0.3402061855670103,1
194.0,5.755113765900229,0.14948453608247422,0.34536082474226804,1
194.0,5.750178908142282,0.10309278350515463,0.36082474226804123,1
194.0,5.753616373861813,0.18041237113402062,0.31958762886597936,1
26.0,4.286790198827112,0.0,0.23076923076923078,1
26.0,4.286790198827112,0.0,0.23076923076923078,1
26.0,4.209867121904035,0.0,0.19230769230769232,1
26.0,4.286790198827112,0.038461538461538464,0.19230769230769232,1
194.0,5.7420618639639445,0.10824742268041238,0.33505154639175255,1
26.0,4.286790198827112,0.0,0.23076923076923078,1
194.0,5.79096231457231,0.14948453608247422,0.36597938144329895,1
194.0,5.747868516716855,0.09278350515463918,0.4329896907216495,1
194.0,5.764908273786262,0.1134020618556701,0.4175257731958763,1
194.0,5.8412990937266445,0.13917525773195877,0.4381443298969072,1
194.0,5.840280853203602,0.12371134020618557,0.4020618556701031,1
26.0,4.132944044980958,0.038461538461538464,0.19230769230769232,1
26.0,4.18083298720544,0.0,0.23076923076923078,1
26.0,4.103909910282363,0.0,0.23076923076923078,1
194.0,5.761650879736006,0.12371134020618557,0.35051546391752575,1
194.0,5.732915278856638,0.13402061855670103,0.38144329896907214,1
194.0,5.752334672441776,0.07731958762886598,0.4020618556701031,1
194.0,5.768932598792071,0.13917525773195877,0.35051546391752575,1
194.0,5.7451400372684995,0.13402061855670103,0.4072164948453608,1
194.0,5.721576459577157,0.1134020618556701,0.38144329896907214,1
194.0,5.797499428408085,0.11855670103092783,0.3711340206185567,1
194.0,5.7821362841227995,0.1134020618556701,0.4175257731958763,1
26.0,4.103909910282363,0.0,0.19230769230769232,1
26.0,4.257756064128517,0.038461538461538464,0.19230769230769232,1
26.0,4.18083298720544,0.0,0.23076923076923078,1
26.0,4.257756064128517,0.0,0.23076923076923078,1
194.0,5.739124728141029,0.12371134020618557,0.35051546391752575,1
26.0,4.18083298720544,0.038461538461538464,0.19230769230769232,1
194.0,5.739801235625041,0.14948453608247422,0.3402061855670103,1
194.0,5.745020178168099,0.12886597938144329,0.3865979381443299,1
194.0,5.814442503035937,0.15463917525773196,0.3556701030927835,1
194.0,5.687139069984287,0.10824742268041238,0.3865979381443299,1
194.0,5.77802942081285,0.11855670103092783,0.4175257731958763,1
26.0,4.257756064128517,0.0,0.23076923076923078,1
26.0,4.103909910282363,0.0,0.19230769230769232,1
26.0,4.257756064128517,0.038461538461538464,0.19230769230769232,1
194.0,5.7898821596332395,0.14432989690721648,0.4020618556701031,1
194.0,5.831886203990855,0.17010309278350516,0.3711340206185567,1
194.0,5.768666294163583,0.17010309278350516,0.34536082474226804,1
194.0,5.773839168275186,0.16494845360824742,0.34536082474226804,1
194.0,5.803881064194353,0.14432989690721648,0.3917525773195876,1
194.0,5.794338716799392,0.11855670103092783,0.3865979381443299,1
194.0,5.701353665163784,0.15979381443298968,0.31958762886597936,1
194.0,5.808553311978888,0.18041237113402062,0.35051546391752575,1
26.0,4.257756064128517,0.038461538461538464,0.23076923076923078,1
26.0,4.257756064128517,0.038461538461538464,0.23076923076923078,1
26.0,4.103909910282363,0.0,0.19230769230769232,1
26.0,4.257756064128517,0.038461538461538464,0.19230769230769232,1
194.0,5.806393853024327,0.11855670103092783,0.42783505154639173,1
26.0,4.18083298720544,0.0,0.2692307692307692,1
194.0,5.82697963450774,0.13917525773195877,0.41237113402061853,1
194.0,5.696299799229007,0.13402061855670103,0.35051546391752575,1
194.0,5.848145736890872,0.0979381443298969,0.42783505154639173,1
194.0,5.728710882181561,0.12371134020618557,0.4484536082474227,1
194.0,5.683679278529489,0.1134020618556701,0.38144329896907214,1
26.0,4.286790198827112,0.038461538461538464,0.23076923076923078,1
26.0,4.209867121904035,0.0,0.2692307692307692,1
26.0,4.286790198827112,0.0,0.2692307692307692,1
194.0,5.798445580109336,0.1134020618556701,0.36597938144329895,1
194.0,5.808157549691227,0.12371134020618557,0.3865979381443299,1
194.0,5.794291797444358,0.09278350515463918,0.44329896907216493,1
194.0,5.791895173059719,0.16494845360824742,0.32989690721649484,1
194.0,5.781718196099869,0.11855670103092783,0.36597938144329895,1
194.0,5.798996820446508,0.18041237113402062,0.38144329896907214,1
194.0,5.721576459577157,0.13402061855670103,0.4381443298969072,1
194.0,5.7217415361854425,0.13402061855670103,0.4175257731958763,1
26.0,4.209867121904035,0.0,0.23076923076923078,1
26.0,4.286790198827112,0.038461538461538464,0.23076923076923078,1
26.0,4.286790198827112,0.0,0.2692307692307692,1
26.0,4.286790198827112,0.0,0.2692307692307692,1
194.0,5.73286466484654,0.15979381443298968,0.38144329896907214,1
26.0,4.286790198827112,0.038461538461538464,0.23076923076923078,1
194.0,5.752504294628701,0.10309278350515463,0.39690721649484534,1
194.0,5.710237640297669,0.14432989690721648,0.36597938144329895,1
194.0,5.735345529382468,0.10824742268041238,0.3917525773195876,1
194.0,5.618000829901561,0.07731958762886598,0.35051546391752575,1
194.0,5.70740793282912,0.08247422680412371,0.3865979381443299,1
26.0,4.209867121904035,0.0,0.23076923076923078,1
26.0,4.103909910282363,0.0,0.19230769230769232,1
26.0,4.209867121904035,0.038461538461538464,0.19230769230769232,1
194.0,5.704382075381814,0.13917525773195877,0.3247422680412371,1
194.0,5.794288102789291,0.13402061855670103,0.44329896907216493,1
194.0,5.768680438300999,0.15463917525773196,0.39690721649484534,1
194.0,5.714510431139479,0.15463917525773196,0.32989690721649484,1
194.0,5.76414134283071,0.19072164948453607,0.37628865979381443,1
194.0,5.758656095659169,0.10309278350515463,0.4020618556701031,1
194.0,5.768331595368375,0.11855670103092783,0.38144329896907214,1
194.0,5.7569243819221665,0.10824742268041238,0.44329896907216493,1
26.0,4.209867121904035,0.0,0.23076923076923078,1
26.0,4.286790198827112,0.0,0.23076923076923078,1
26.0,4.132944044980958,0.0,0.19230769230769232,1
26.0,4.209867121904035,0.038461538461538464,0.19230769230769232,1
194.0,5.612976103165193,0.0979381443298969,0.34536082474226804,1
26.0,4.286790198827112,0.0,0.23076923076923078,1
194.0,5.820561528848785,0.13917525773195877,0.3556701030927835,1
194.0,5.770044678025179,0.13917525773195877,0.35051546391752575,1
194.0,5.799809819833519,0.15979381443298968,0.35051546391752575,1
194.0,5.692275474223202,0.13917525773195877,0.30927835051546393,1
194.0,5.726565567364415,0.09278350515463918,0.3917525773195876,1
26.0,4.286790198827112,0.038461538461538464,0.19230769230769232,1
26.0,4.286790198827112,0.038461538461538464,0.23076923076923078,1
26.0,4.286790198827112,0.038461538461538464,0.23076923076923078,1
194.0,5.784626747217501,0.13402061855670103,0.4690721649484536,1
194.0,5.73058989237022,0.14948453608247422,0.4072164948453608,1
194.0,5.803269611288311,0.14432989690721648,0.3917525773195876,1
194.0,5.733883756293158,0.14948453608247422,0.36597938144329895,1
194.0,5.809784399388822,0.16494845360824742,0.31443298969072164,1
194.0,5.7622481885046355,0.16494845360824742,0.37628865979381443,1
194.0,5.774868709204152,0.1134020618556701,0.4020618556701031,1
194.0,5.776200173710713,0.15463917525773196,0.34536082474226804,1
26.0,4.132944044980958,0.0,0.19230769230769232,1
26.0,4.286790198827112,0.038461538461538464,0.19230769230769232,1
26.0,4.18083298720544,0.0,0.23076923076923078,1
26.0,4.209867121904035,0.0,0.23076923076923078,1
194.0,5.7666682757980965,0.12886597938144329,0.36082474226804123,1
26.0,4.286790198827112,0.038461538461538464,0.19230769230769232,1
194.0,5.777744485104164,0.13402061855670103,0.39690721649484534,1
194.0,5.727130951839,0.13917525773195877,0.3402061855670103,1
194.0,5.722606000506122,0.09278350515463918,0.3711340206185567,1
194.0,5.714592969443618,0.13917525773195877,0.3711340206185567,1
194.0,5.767935833080717,0.0979381443298969,0.4175257731958763,1
26.0,4.363713275750189,0.0,0.23076923076923078,1
26.0,4.286790198827112,0.0,0.19230769230769232,1
26.0,4.363713275750189,0.038461538461538464,0.19230769230769232,1
194.0,5.778640873718892,0.10824742268041238,0.4175257731958763,1
194.0,5.769433225119136,0.1134020618556701,0.3711340206185567,1
194.0,5.8197120595890945,0.12371134020618557,0.37628865979381443,1
194.0,5.762046642023667,0.16494845360824742,0.32989690721649484,1
194.0,5.804514842835664,0.17525773195876287,0.36597938144329895,1
194.0,5.776963410011198,0.1134020618556701,0.4020618556701031,1
194.0,5.811663409577482,0.16494845360824742,0.37628865979381443,1
194.0,5.792161477688204,0.11855670103092783,0.34536082474226804,1
26.0,4.286790198827112,0.0,0.23076923076923078,1
26.0,4.286790198827112,0.0,0.23076923076923078,1
26.0,4.209867121904035,0.0,0.19230769230769232,1
26.0,4.286790198827112,0.038461538461538464,0.19230769230769232,1
194.0,5.755412845746331,0.12886597938144329,0.38144329896907214,1
26.0,4.286790198827112,0.0,0.23076923076923078,1
194.0,5.82641510095673,0.15463917525773196,0.4020618556701031,1
194.0,5.805929696569941,0.15463917525773196,0.3711340206185567,1
194.0,5.743522786129682,0.12886597938144329,0.37628865979381443,1
194.0,5.740347930383567,0.14432989690721648,0.4175257731958763,1
194.0,5.763410881747842,0.0979381443298969,0.3402061855670103,1
26.0,4.209867121904035,0.038461538461538464,0.15384615384615385,1
26.0,4.209867121904035,0.0,0.19230769230769232,1
26.0,4.209867121904035,0.0,0.19230769230769232,1
194.0,5.7277780236941505,0.10309278350515463,0.38144329896907214,1
194.0,5.74994089178863,0.11855670103092783,0.4329896907216495,1
194.0,5.783381515670149,0.0979381443298969,0.36082474226804123,1
194.0,5.700406662538957,0.13402061855670103,0.3917525773195876,1
194.0,5.77107421895415,0.12371134020618557,0.3711340206185567,1
194.0,5.825997012933806,0.13917525773195877,0.3402061855670103,1
194.0,5.694071946107723,0.14948453608247422,0.3402061855670103,1
194.0,5.772640856082868,0.14948453608247422,0.39690721649484534,1
26.0,4.209867121904035,0.0,0.15384615384615385,1
26.0,4.286790198827112,0.038461538461538464,0.15384615384615385,1
26.0,4.209867121904035,0.0,0.19230769230769232,1
26.0,4.286790198827112,0.0,0.19230769230769232,1
194.0,5.754980613585987,0.12886597938144329,0.39690721649484534,1
26.0,4.286790198827112,0.038461538461538464,0.15384615384615385,1
194.0,5.716820822564908,0.12886597938144329,0.3917525773195876,1
194.0,5.794853487263876,0.11855670103092783,0.3711340206185567,1
194.0,5.787405840675955,0.10824742268041238,0.3556701030927835,1
194.0,5.741330551957502,0.12371134020618557,0.38144329896907214,1
194.0,5.819564763137436,0.15463917525773196,0.3247422680412371,1
26.0,4.363713275750189,0.038461538461538464,0.19230769230769232,1
26.0,4.286790198827112,0.038461538461538464,0.15384615384615385,1
26.0,4.363713275750189,0.07692307692307693,0.15384615384615385,1
194.0,5.738386381890766,0.17010309278350516,0.34536082474226804,1
194.0,5.829708113956094,0.14948453608247422,0.3865979381443299,1
194.0,5.755196304204371,0.11855670103092783,0.37628865979381443,1
194.0,5.809269628924337,0.17010309278350516,0.37628865979381443,1
194.0,5.846399879016451,0.13917525773195877,0.4020618556701031,1
194.0,5.7245675489989285,0.19072164948453607,0.27835051546391754,1
194.0,5.750707822744183,0.11855670103092783,0.38144329896907214,1
194.0,5.726615330450937,0.08762886597938144,0.3917525773195876,1
26.0,4.18083298720544,0.0,0.23076923076923078,1
26.0,4.209867121904035,0.0,0.23076923076923078,1
26.0,4.209867121904035,0.0,0.19230769230769232,1
26.0,4.209867121904035,0.038461538461538464,0.19230769230769232,1
194.0,5.740265392079424,0.11855670103092783,0.38144329896907214,1
26.0,4.286790198827112,0.0,0.23076923076923078,1
194.0,5.741547093499462,0.12371134020618557,0.36082474226804123,1
194.0,5.7670038255168805,0.13917525773195877,0.36597938144329895,1
194.0,5.828462882408744,0.12371134020618557,0.38144329896907214,1
194.0,5.793475103402282,0.14948453608247422,0.41237113402061853,1
194.0,5.806145387188326,0.15463917525773196,0.34536082474226804,1
26.0,4.286790198827112,0.038461538461538464,0.19230769230769232,1
26.0,4.363713275750189,0.0,0.23076923076923078,1
26.0,4.363713275750189,0.0,0.23076923076923078,1
194.0,5.8175675956955235,0.13917525773195877,0.31958762886597936,1
194.0,5.803665373575969,0.16494845360824742,0.32989690721649484,1
194.0,5.801091521253549,0.10309278350515463,0.34536082474226804,1
194.0,5.815172964118806,0.14948453608247422,0.3711340206185567,1
194.0,5.753735382038639,0.19072164948453607,0.3402061855670103,1
194.0,5.777179100629581,0.14432989690721648,0.36082474226804123,1
194.0,5.725251090726763,0.14432989690721648,0.36597938144329895,1
194.0,5.834726360941759,0.13402061855670103,0.4020618556701031,1
26.0,4.286790198827112,0.0,0.19230769230769232,1
26.0,4.363713275750189,0.038461538461538464,0.19230769230769232,1
26.0,4.363713275750189,0.0,0.23076923076923078,1
26.0,4.363713275750189,0.0,0.23076923076923078,1
194.0,5.6755845600864205,0.12886597938144329,0.36597938144329895,1
26.0,4.363713275750189,0.038461538461538464,0.15384615384615385,1
194.0,5.792661253091697,0.14948453608247422,0.36597938144329895,1
194.0,5.799860433843618,0.13402061855670103,0.4072164948453608,1
194.0,5.7422277914958055,0.17010309278350516,0.4072164948453608,1
194.0,5.7305542734211095,0.12371134020618557,0.3917525773195876,1
194.0,5.802649976784417,0.13917525773195877,0.34536082474226804,1
26.0,4.209867121904035,0.0,0.19230769230769232,1
26.0,4.132944044980959,0.0,0.15384615384615385,1
26.0,4.286790198827112,0.038461538461538464,0.15384615384615385,1
194.0,5.727994565236107,0.14948453608247422,0.3865979381443299,1
194.0,5.825518712342004,0.17010309278350516,0.3711340206185567,1
194.0,5.80082521662507,0.14948453608247422,0.41237113402061853,1
194.0,5.791416021544344,0.15979381443298968,0.3556701030927835,1
194.0,5.773122851329733,0.11855670103092783,0.4020618556701031,1
194.0,5.781048798509453,0.0979381443298969,0.38144329896907214,1
194.0,5.685126907481389,0.0979381443298969,0.3917525773195876,1
194.0,5.743774946620748,0.12371134020618557,0.39690721649484534,1
26.0,4.286790198827112,0.038461538461538464,0.19230769230769232,1
26.0,4.363713275750189,0.038461538461538464,0.19230769230769232,1
26.0,4.286790198827112,0.038461538461538464,0.15384615384615385,1
26.0,4.363713275750189,0.07692307692307693,0.15384615384615385,1
194.0,5.747284501162071,0.09278350515463918,0.44329896907216493,1
26.0,4.363713275750189,0.038461538461538464,0.19230769230769232,1
194.0,5.768165667836516,0.13402061855670103,0.3711340206185567,1
194.0,5.766571593356541,0.17010309278350516,0.30412371134020616,1
194.0,5.815710060318557,0.15979381443298968,0.36597938144329895,1
194.0,5.793906484639046,0.12886597938144329,0.3865979381443299,1
194.0,5.718534756145284,0.18041237113402062,0.4072164948453608,1
26.0,4.286790198827112,0.11538461538461539,0.15384615384615385,1
26.0,4.286790198827112,0.07692307692307693,0.19230769230769232,1
26.0,4.363713275750189,0.07692307692307693,0.19230769230769232,1
194.0,5.805029613300147,0.16494845360824742,0.31958762886597936,1
194.0,5.754084224971264,0.12371134020618557,0.3865979381443299,1
194.0,5.768367214317486,0.16494845360824742,0.3402061855670103,1
194.0,5.754383304817365,0.0979381443298969,0.422680412371134,1
194.0,5.819712059589093,0.16494845360824742,0.34536082474226804,1
194.0,5.785430148045737,0.11855670103092783,0.30412371134020616,1
194.0,5.641352115199127,0.0979381443298969,0.39690721649484534,1
194.0,5.808754858459853,0.19072164948453607,0.32989690721649484,1
26.0,4.286790198827112,0.038461538461538464,0.19230769230769232,1
26.0,4.363713275750189,0.07692307692307693,0.19230769230769232,1
26.0,4.286790198827112,0.038461538461538464,0.23076923076923078,1
26.0,4.363713275750189,0.038461538461538464,0.23076923076923078,1
194.0,5.781120887331245,0.17525773195876287,0.3865979381443299,1
26.0,4.363713275750189,0.07692307692307693,0.19230769230769232,1
194.0,5.731370967463188,0.12886597938144329,0.3917525773195876,1
194.0,5.7201624567664515,0.15463917525773196,0.37628865979381443,1
194.0,5.770380227743962,0.10824742268041238,0.3865979381443299,1
194.0,5.758224714422404,0.15979381443298968,0.30927835051546393,1
194.0,5.712282578018191,0.11855670103092783,0.4072164948453608,1
26.0,4.363713275750189,0.038461538461538464,0.23076923076923078,1
26.0,4.286790198827112,0.038461538461538464,0.19230769230769232,1
26.0,4.363713275750189,0.07692307692307693,0.19230769230769232,1
194.0,5.723970240230299,0.15463917525773196,0.39690721649484534,1
194.0,5.847979809359011,0.12371134020618557,0.3917525773195876,1
194.0,5.806609543642709,0.14948453608247422,0.4072164948453608,1
194.0,5.781621513658312,0.15463917525773196,0.3865979381443299,1
194.0,5.7936082557165225,0.14432989690721648,0.4020618556701031,1
194.0,5.759170866123653,0.11855670103092783,0.3917525773195876,1
194.0,5.754383304817362,0.10824742268041238,0.3865979381443299,1
194.0,5.7311552768448015,0.0979381443298969,0.3917525773195876,1
194.0,5.756010154514956,0.1958762886597938,0.32989690721649484,1
26.0,4.286790198827112,0.0,0.2692307692307692,1
26.0,4.132944044980958,0.0,0.19230769230769232,1
26.0,4.286790198827112,0.038461538461538464,0.19230769230769232,1
26.0,4.257756064128517,0.0,0.23076923076923078,1
194.0,5.771707997595456,0.12371134020618557,0.3711340206185567,1
26.0,4.074875775583768,0.0,0.19230769230769232,1
194.0,5.791044852876451,0.15979381443298968,0.37628865979381443,1
194.0,5.665491823277862,0.13402061855670103,0.3865979381443299,1
194.0,5.761927633846839,0.16494845360824742,0.33505154639175255,1
194.0,5.823984850430902,0.12371134020618557,0.3865979381443299,1
194.0,5.776031402447363,0.13917525773195877,0.3247422680412371,1
26.0,4.363713275750189,0.0,0.23076923076923078,1
26.0,4.286790198827112,0.0,0.23076923076923078,1
26.0,4.209867121904035,0.0,0.19230769230769232,1
194.0,5.77676186353023,0.17010309278350516,0.36082474226804123,1
194.0,5.802336752800902,0.15463917525773196,0.3711340206185567,1
194.0,5.78090519671286,0.13917525773195877,0.422680412371134,1
194.0,5.7865563714162604,0.13402061855670103,0.4072164948453608,1
194.0,5.711781951691124,0.12886597938144329,0.36597938144329895,1
194.0,5.708405549464041,0.0979381443298969,0.34536082474226804,1
194.0,5.789583930710715,0.13917525773195877,0.3865979381443299,1
26.0,4.286790198827112,0.0,0.19230769230769232,1
26.0,4.363713275750189,0.038461538461538464,0.19230769230769232,1
26.0,4.363713275750189,0.0,0.23076923076923078,1
194.0,5.772773157473533,0.10824742268041238,0.4175257731958763,1
26.0,4.209867121904035,0.0,0.19230769230769232,1
194.0,5.787690776384636,0.1134020618556701,0.4072164948453608,1
26.0,4.363713275750189,0.038461538461538464,0.23076923076923078,1
194.0,5.791692775655177,0.15979381443298968,0.33505154639175255,1
194.0,5.772341776236763,0.15979381443298968,0.3402061855670103,1
194.0,5.764559430853639,0.14432989690721648,0.4329896907216495,1
194.0,5.660617178088792,0.10309278350515463,0.4020618556701031,1
26.0,4.363713275750189,0.038461538461538464,0.23076923076923078,1
26.0,4.286790198827112,0.038461538461538464,0.19230769230769232,1
26.0,4.363713275750189,0.07692307692307693,0.19230769230769232,1
194.0,5.766834203329958,0.1958762886597938,0.35051546391752575,1
194.0,5.795620418219424,0.16494845360824742,0.37628865979381443,1
194.0,5.748695660241281,0.12371134020618557,0.4175257731958763,1
194.0,5.779972338225453,0.12371134020618557,0.38144329896907214,1
194.0,5.700176827783158,0.11855670103092783,0.4175257731958763,1
194.0,5.681524365153572,0.12371134020618557,0.41237113402061853,1
194.0,5.707048343983688,0.13917525773195877,0.3711340206185567,1
194.0,5.71251241277399,0.12886597938144329,0.3711340206185567,1
26.0,4.363713275750189,0.0,0.2692307692307692,1
26.0,4.286790198827112,0.0,0.2692307692307692,1
26.0,4.286790198827112,0.0,0.23076923076923078,1
26.0,4.363713275750189,0.038461538461538464,0.23076923076923078,1
194.0,5.767852443853,0.13917525773195877,0.3247422680412371,1
26.0,4.363713275750189,0.0,0.2692307692307692,1
194.0,5.777827023408307,0.20103092783505155,0.37628865979381443,1
194.0,5.780339812238277,0.13917525773195877,0.4072164948453608,1
194.0,5.755113765900234,0.13402061855670103,0.38144329896907214,1
194.0,5.830737654885064,0.13402061855670103,0.4175257731958763,1
194.0,5.642964820759308,0.1134020618556701,0.3711340206185567,1
26.0,4.363713275750189,0.038461538461538464,0.23076923076923078,1
26.0,4.363713275750189,0.0,0.2692307692307692,1
26.0,4.363713275750189,0.0,0.2692307692307692,1
194.0,5.790350010742692,0.16494845360824742,0.38144329896907214,1
194.0,5.682232500501171,0.14432989690721648,0.4020618556701031,1
194.0,5.7156589802452755,0.12371134020618557,0.30927835051546393,1
194.0,5.812945110997517,0.11855670103092783,0.4175257731958763,1
194.0,5.815554582269046,0.09278350515463918,0.41237113402061853,1
194.0,5.795055033744843,0.15979381443298968,0.33505154639175255,1
194.0,5.75082683092101,0.09278350515463918,0.41237113402061853,1
194.0,5.851737829736336,0.14432989690721648,0.4020618556701031,1
26.0,4.209867121904035,0.0,0.19230769230769232,1
26.0,4.363713275750189,0.038461538461538464,0.19230769230769232,1
26.0,4.363713275750189,0.0,0.23076923076923078,1
26.0,4.286790198827112,0.0,0.23076923076923078,1
194.0,5.734913297222127,0.12371134020618557,0.38144329896907214,1
26.0,4.286790198827112,0.038461538461538464,0.19230769230769232,1
194.0,5.747511492186373,0.10824742268041238,0.422680412371134,1
194.0,5.736172672906895,0.15463917525773196,0.36082474226804123,1
194.0,5.693676183820063,0.12371134020618557,0.39690721649484534,1
194.0,5.800541131839957,0.15979381443298968,0.36597938144329895,1
194.0,5.7674210626162346,0.11855670103092783,0.37628865979381443,1
26.0,4.286790198827112,0.0,0.23076923076923078,1
26.0,4.209867121904035,0.0,0.19230769230769232,1
26.0,4.363713275750189,0.038461538461538464,0.19230769230769232,1
194.0,5.732616199010538,0.13917525773195877,0.33505154639175255,1
194.0,5.746467807119994,0.15979381443298968,0.36597938144329895,1
194.0,5.81221464991465,0.1958762886597938,0.3865979381443299,1
194.0,5.780688655170902,0.14948453608247422,0.30412371134020616,1
194.0,5.717469596267207,0.16494845360824742,0.3402061855670103,1
194.0,5.785058979377843,0.14432989690721648,0.3556701030927835,1
194.0,5.716471979632282,0.13917525773195877,0.3247422680412371,1
194.0,5.743926730015192,0.12371134020618557,0.3917525773195876,1
26.0,4.363713275750189,0.0,0.23076923076923078,1
26.0,4.363713275750189,0.0,0.23076923076923078,1
26.0,4.209867121904035,0.0,0.19230769230769232,1
26.0,4.363713275750189,0.038461538461538464,0.19230769230769232,1
194.0,5.6691299845547825,0.13917525773195877,0.3402061855670103,1
26.0,4.363713275750189,0.038461538461538464,0.23076923076923078,1
194.0,5.729358804960285,0.13917525773195877,0.38144329896907214,1
194.0,5.760750796466215,0.14432989690721648,0.3556701030927835,1
194.0,5.792960332937799,0.18041237113402062,0.32989690721649484,1
194.0,5.659206019009577,0.17010309278350516,0.3865979381443299,1
194.0,5.776232948928329,0.12886597938144329,0.36597938144329895,1
26.0,4.363713275750189,0.07692307692307693,0.19230769230769232,1
26.0,4.363713275750189,0.038461538461538464,0.23076923076923078,1
26.0,4.363713275750189,0.038461538461538464,0.23076923076923078,1
194.0,5.776714944175198,0.15979381443298968,0.3247422680412371,1
194.0,5.824834319690595,0.13917525773195877,0.36597938144329895,1
194.0,5.772474928551007,0.14432989690721648,0.36597938144329895,1
194.0,5.712584501595786,0.13402061855670103,0.31443298969072164,1
194.0,5.715374044536586,0.17010309278350516,0.33505154639175255,1
194.0,5.735009979663684,0.15979381443298968,0.30927835051546393,1
194.0,5.701890761363535,0.12886597938144329,0.31443298969072164,1
194.0,5.816202505047773,0.17525773195876287,0.34536082474226804,1
26.0,4.209867121904035,0.0,0.19230769230769232,1
26.0,4.363713275750189,0.038461538461538464,0.19230769230769232,1
26.0,4.286790198827112,0.0,0.23076923076923078,1
26.0,4.363713275750189,0.0,0.23076923076923078,1
194.0,5.7977151190264715,0.17525773195876287,0.37628865979381443,1
26.0,4.363713275750189,0.038461538461538464,0.19230769230769232,1
194.0,5.722292776522606,0.14432989690721648,0.3917525773195876,1
194.0,5.740650704884735,0.11855670103092783,0.39690721649484534,1
194.0,5.764526655636019,0.13402061855670103,0.3865979381443299,1
194.0,5.762046642023666,0.11855670103092783,0.34536082474226804,1
194.0,5.792074393805422,0.19072164948453607,0.33505154639175255,1
26.0,4.257756064128517,0.0,0.23076923076923078,1
26.0,4.18083298720544,0.0,0.19230769230769232,1
26.0,4.257756064128517,0.038461538461538464,0.19230769230769232,1
194.0,5.796865649766776,0.17010309278350516,0.3711340206185567,1
194.0,5.76627251351044,0.08762886597938144,0.3917525773195876,1
194.0,5.756129162691781,0.12886597938144329,0.4020618556701031,1
194.0,5.8120814976004125,0.17010309278350516,0.36082474226804123,1
194.0,5.7639256522123254,0.13402061855670103,0.3711340206185567,1
194.0,5.704535851584172,0.13402061855670103,0.30927835051546393,1
194.0,5.675933403019045,0.13402061855670103,0.3865979381443299,1
194.0,5.674601938512484,0.1134020618556701,0.36597938144329895,1
26.0,4.286790198827112,0.0,0.19230769230769232,1
26.0,4.209867121904035,0.0,0.19230769230769232,1
26.0,4.103909910282363,0.0,0.15384615384615385,1
26.0,4.209867121904035,0.038461538461538464,0.15384615384615385,1
194.0,5.7818372042766955,0.15463917525773196,0.3556701030927835,1
26.0,4.209867121904035,0.0,0.19230769230769232,1
194.0,5.7299561137289095,0.1134020618556701,0.3556701030927835,1
194.0,5.715539972068447,0.17525773195876287,0.3402061855670103,1
194.0,5.790148464261726,0.12371134020618557,0.4329896907216495,1
194.0,5.7458481726161015,0.15463917525773196,0.3711340206185567,1
194.0,5.836821061748804,0.12371134020618557,0.4536082474226804,1
26.0,4.363713275750189,0.038461538461538464,0.15384615384615385,1
26.0,4.286790198827112,0.0,0.19230769230769232,1
26.0,4.363713275750189,0.0,0.19230769230769232,1
194.0,5.781718196099871,0.10824742268041238,0.3711340206185567,1
194.0,5.78351466798439,0.18556701030927836,0.3556701030927835,1
194.0,5.745834028478682,0.15979381443298968,0.37628865979381443,1
194.0,5.687188833070816,0.10824742268041238,0.42783505154639173,1
194.0,5.812430340533032,0.14432989690721648,0.4020618556701031,1
194.0,5.756178925778307,0.13402061855670103,0.38144329896907214,1
194.0,5.761747562177567,0.10824742268041238,0.32989690721649484,1
194.0,5.775732322601259,0.12371134020618557,0.31958762886597936,1
26.0,4.132944044980959,0.0,0.15384615384615385,1
26.0,4.286790198827112,0.038461538461538464,0.15384615384615385,1
26.0,4.363713275750189,0.038461538461538464,0.19230769230769232,1
26.0,4.363713275750189,0.038461538461538464,0.19230769230769232,1
194.0,5.779706033596969,0.13917525773195877,0.36597938144329895,1
26.0,4.363713275750189,0.07692307692307693,0.15384615384615385,1
194.0,5.785177987554667,0.17010309278350516,0.33505154639175255,1
194.0,5.817185126621709,0.17010309278350516,0.34536082474226804,1
194.0,5.83223504692348,0.16494845360824742,0.3865979381443299,1
194.0,5.7221737683457805,0.16494845360824742,0.34536082474226804,1
194.0,5.798960350573824,0.14432989690721648,0.3865979381443299,1
26.0,4.363713275750189,0.038461538461538464,0.19230769230769232,1
26.0,4.209867121904035,0.0,0.15384615384615385,1
26.0,4.363713275750189,0.038461538461538464,0.15384615384615385,1
194.0,5.79874465995544,0.14432989690721648,0.34536082474226804,1
194.0,5.774966242569285,0.15463917525773196,0.36082474226804123,1
194.0,5.778259255568647,0.10824742268041238,0.4020618556701031,1
194.0,5.8032837554257295,0.11855670103092783,0.38144329896907214,1
194.0,5.7740548588935665,0.13402061855670103,0.39690721649484534,1
194.0,5.771408917749354,0.11855670103092783,0.422680412371134,1
194.0,5.771359154662832,0.14432989690721648,0.3556701030927835,1
194.0,5.801354131226965,0.10824742268041238,0.41237113402061853,1
26.0,4.209867121904035,0.0,0.23076923076923078,1
26.0,4.286790198827112,0.0,0.23076923076923078,1
26.0,4.209867121904035,0.0,0.19230769230769232,1
26.0,4.286790198827112,0.038461538461538464,0.19230769230769232,1
194.0,5.776963410011195,0.14432989690721648,0.3402061855670103,1
26.0,4.363713275750189,0.0,0.23076923076923078,1
194.0,5.741262157790776,0.1958762886597938,0.30412371134020616,1
194.0,5.677812413207706,0.19072164948453607,0.3865979381443299,1
194.0,5.812430340533037,0.09278350515463918,0.38144329896907214,1
194.0,5.78077204439862,0.14948453608247422,0.35051546391752575,1
194.0,5.650225361434131,0.16494845360824742,0.37628865979381443,1
26.0,4.363713275750189,0.038461538461538464,0.19230769230769232,1
26.0,4.363713275750189,0.0,0.23076923076923078,1
26.0,4.363713275750189,0.0,0.23076923076923078,1
194.0,5.767935833080718,0.12886597938144329,0.39690721649484534,1
194.0,5.78509459832695,0.13402061855670103,0.422680412371134,1
194.0,5.7866753795930865,0.09278350515463918,0.4020618556701031,1
194.0,5.774069003030982,0.14432989690721648,0.35051546391752575,1
194.0,5.7505746704299385,0.12371134020618557,0.3917525773195876,1
194.0,5.774951247508294,0.13917525773195877,0.3865979381443299,1
194.0,5.7191685347865935,0.11855670103092783,0.3865979381443299,1
194.0,5.775919428514356,0.12886597938144329,0.36082474226804123,1
26.0,4.18083298720544,0.0,0.15384615384615385,1
26.0,4.286790198827112,0.038461538461538464,0.15384615384615385,1
26.0,4.209867121904035,0.0,0.19230769230769232,1
26.0,4.209867121904035,0.0,0.19230769230769232,1
194.0,5.691461623912619,0.12886597938144329,0.34536082474226804,1
26.0,4.286790198827112,0.038461538461538464,0.15384615384615385,1
194.0,5.668100443625817,0.10824742268041238,0.3247422680412371,1
194.0,5.776895015844473,0.09278350515463918,0.3865979381443299,1
194.0,5.810119098184031,0.11855670103092783,0.3865979381443299,1
194.0,5.752835298768845,0.18556701030927836,0.3247422680412371,1
194.0,5.748562507927037,0.15463917525773196,0.36082474226804123,1
26.0,4.363713275750189,0.038461538461538464,0.19230769230769232,1
26.0,4.209867121904035,0.038461538461538464,0.15384615384615385,1
26.0,4.286790198827112,0.07692307692307693,0.15384615384615385,1
194.0,5.759087476895937,0.15979381443298968,0.35051546391752575,1
194.0,5.8082044690462595,0.0979381443298969,0.37628865979381443,1
194.0,5.773086381457047,0.07731958762886598,0.3711340206185567,1
194.0,5.808838247687569,0.17010309278350516,0.3917525773195876,1
194.0,5.753918297439403,0.16494845360824742,0.31443298969072164,1
194.0,5.761398719244942,0.12371134020618557,0.36082474226804123,1
194.0,5.738519534205004,0.14432989690721648,0.33505154639175255,1
194.0,5.714607113581036,0.15463917525773196,0.38144329896907214,1
26.0,4.363713275750189,0.07692307692307693,0.19230769230769232,1
26.0,4.363713275750189,0.07692307692307693,0.19230769230769232,1
26.0,4.286790198827112,0.07692307692307693,0.15384615384615385,1
26.0,4.286790198827112,0.11538461538461539,0.15384615384615385,1
194.0,5.800108899679618,0.15463917525773196,0.38144329896907214,1
26.0,4.363713275750189,0.07692307692307693,0.19230769230769232,1
194.0,5.840712234440372,0.15979381443298968,0.4072164948453608,1
194.0,5.81795205757726,0.13402061855670103,0.35051546391752575,1
194.0,5.8523857525150635,0.12886597938144329,0.3917525773195876,1
194.0,5.755462608832854,0.1134020618556701,0.36597938144329895,1
194.0,5.788172771631507,0.17010309278350516,0.3711340206185567,1
26.0,4.363713275750189,0.07692307692307693,0.15384615384615385,1
26.0,4.209867121904035,0.038461538461538464,0.23076923076923078,1
26.0,4.257756064128517,0.038461538461538464,0.23076923076923078,1
194.0,5.7155764419411295,0.18041237113402062,0.3556701030927835,1
194.0,5.70288383241982,0.11855670103092783,0.33505154639175255,1
194.0,5.801987909868278,0.09278350515463918,0.4639175257731959,1
194.0,5.728376183386349,0.17010309278350516,0.3556701030927835,1
194.0,5.79646988747912,0.18041237113402062,0.4329896907216495,1
194.0,5.7760811655338875,0.14432989690721648,0.35051546391752575,1
194.0,5.749858353484492,0.16494845360824742,0.36082474226804123,1
194.0,5.754732147749989,0.20618556701030927,0.35051546391752575,1
194.0,5.847764118740628,0.13917525773195877,0.35051546391752575,1
26.0,4.363713275750189,0.07692307692307693,0.19230769230769232,1
26.0,4.286790198827112,0.038461538461538464,0.23076923076923078,1
26.0,4.363713275750189,0.038461538461538464,0.23076923076923078,1
26.0,4.286790198827112,0.038461538461538464,0.19230769230769232,1
26.0,4.363713275750189,0.07692307692307693,0.19230769230769232,1
194.0,5.789069160246234,0.10309278350515463,0.4020618556701031,1
194.0,5.731071887617086,0.15979381443298968,0.4175257731958763,1
194.0,5.828308255282806,0.12371134020618557,0.3865979381443299,1
194.0,5.799259430419922,0.14948453608247422,0.3865979381443299,1
194.0,5.741428085322636,0.17010309278350516,0.3711340206185567,1
194.0,5.771542070063596,0.14948453608247422,0.35051546391752575,1
26.0,4.286790198827112,0.0,0.19230769230769232,1
26.0,4.363713275750189,0.038461538461538464,0.19230769230769232,1
26.0,4.286790198827112,0.0,0.2692307692307692,1
194.0,5.76036917831597,0.15463917525773196,0.4175257731958763,1
194.0,5.797282886866128,0.12371134020618557,0.38144329896907214,1
194.0,5.743473023043155,0.13402061855670103,0.39690721649484534,1
194.0,5.799676667519275,0.14432989690721648,0.36082474226804123,1
194.0,5.765074201318118,0.14432989690721648,0.3402061855670103,1
194.0,5.782784206901524,0.15463917525773196,0.33505154639175255,1
194.0,5.646787895714602,0.14948453608247422,0.36597938144329895,1
194.0,5.766521830270017,0.10824742268041238,0.36597938144329895,1
26.0,4.286790198827112,0.0,0.23076923076923078,1
26.0,4.209867121904035,0.0,0.19230769230769232,1
26.0,4.363713275750189,0.038461538461538464,0.19230769230769232,1
26.0,4.363713275750189,0.0,0.23076923076923078,1
26.0,4.363713275750189,0.0,0.23076923076923078,1
194.0,5.8570082372130665,0.14432989690721648,0.37628865979381443,1
194.0,5.686839990138186,0.15979381443298968,0.31443298969072164,1
194.0,5.692923397001929,0.15979381443298968,0.36597938144329895,1
194.0,5.76003447952076,0.1134020618556701,0.31443298969072164,1
194.0,5.829060191177367,0.15979381443298968,0.33505154639175255,1
194.0,5.792923863065113,0.17525773195876287,0.3402061855670103,1
26.0,4.286790198827112,0.0,0.23076923076923078,1
26.0,4.440636352673266,0.0,0.23076923076923078,1
26.0,4.363713275750189,0.0,0.19230769230769232,1
194.0,5.786041600951778,0.13402061855670103,0.3711340206185567,1
194.0,5.752669371236986,0.12371134020618557,0.39690721649484534,1
194.0,5.778043564950264,0.13917525773195877,0.41237113402061853,1
194.0,5.819230064342227,0.14948453608247422,0.37628865979381443,1
194.0,5.713027183238478,0.12371134020618557,0.34536082474226804,1
194.0,5.701436203467924,0.1134020618556701,0.39690721649484534,1
194.0,5.751557292003876,0.15979381443298968,0.32989690721649484,1
194.0,5.707279326093519,0.1134020618556701,0.4484536082474227,1
194.0,5.76289611128336,0.12886597938144329,0.3556701030927835,1
26.0,4.257756064128517,0.038461538461538464,0.23076923076923078,1
26.0,4.363713275750189,0.038461538461538464,0.23076923076923078,1
26.0,4.286790198827112,0.038461538461538464,0.19230769230769232,1
26.0,4.363713275750189,0.07692307692307693,0.19230769230769232,1
194.0,5.7815166496189025,0.12371134020618557,0.3865979381443299,1
26.0,4.440636352673266,0.038461538461538464,0.23076923076923078,1
194.0,5.719884555301588,0.14432989690721648,0.38144329896907214,1
194.0,5.83190034812827,0.12371134020618557,0.36082474226804123,1
194.0,5.671394307548757,0.13917525773195877,0.30927835051546393,1
194.0,5.756561394852125,0.11855670103092783,0.41237113402061853,1
194.0,5.776977554148614,0.211340206185567,0.3556701030927835,1
26.0,4.440636352673266,0.038461538461538464,0.23076923076923078,1
26.0,4.440636352673266,0.0,0.2692307692307692,1
26.0,4.440636352673266,0.0,0.2692307692307692,1
194.0,5.864908739849446,0.16494845360824742,0.3865979381443299,1
194.0,5.708906175791117,0.13917525773195877,0.3711340206185567,1
194.0,5.80824008799537,0.13402061855670103,0.35051546391752575,1
194.0,5.751953054291534,0.09278350515463918,0.4329896907216495,1
194.0,5.737857467288867,0.1134020618556701,0.3917525773195876,1
194.0,5.790148464261724,0.18041237113402062,0.42783505154639173,1
194.0,5.737260158520238,0.14948453608247422,0.3247422680412371,1
194.0,5.654033144897979,0.12886597938144329,0.36597938144329895,1
26.0,4.363713275750189,0.0,0.23076923076923078,1
26.0,4.440636352673266,0.038461538461538464,0.23076923076923078,1
26.0,4.440636352673266,0.0,0.2692307692307692,1
26.0,4.440636352673266,0.0,0.2692307692307692,1
194.0,5.774054858893567,0.16494845360824742,0.3556701030927835,1
26.0,4.440636352673266,0.038461538461538464,0.23076923076923078,1
194.0,5.782517902273039,0.13917525773195877,0.39690721649484534,1
194.0,5.868083595595558,0.13402061855670103,0.38144329896907214,1
194.0,5.754847461271749,0.15463917525773196,0.3556701030927835,1
194.0,5.810299169853305,0.15979381443298968,0.41237113402061853,1
194.0,5.755761688678957,0.12371134020618557,0.35051546391752575,1
26.0,4.440636352673266,0.0,0.2692307692307692,1
26.0,4.286790198827112,0.0,0.19230769230769232,1
26.0,4.440636352673266,0.038461538461538464,0.19230769230769232,1
194.0,5.69527025830004,0.10824742268041238,0.32989690721649484,1
194.0,5.697746577257328,0.18041237113402062,0.34536082474226804,1
194.0,5.758885930414969,0.13917525773195877,0.3556701030927835,1
194.0,5.8049826939451155,0.15979381443298968,0.31443298969072164,1
194.0,5.736374219387858,0.14432989690721648,0.37628865979381443,1
194.0,5.740398544393668,0.17525773195876287,0.3711340206185567,1
194.0,5.733249977651846,0.14948453608247422,0.38144329896907214,1
194.0,5.686325219673704,0.15979381443298968,0.3402061855670103,1
26.0,4.440636352673266,0.0,0.23076923076923078,1
26.0,4.363713275750189,0.0,0.23076923076923078,1
26.0,4.286790198827112,0.0,0.19230769230769232,1
26.0,4.440636352673266,0.038461538461538464,0.19230769230769232,1
194.0,5.77430332472957,0.12886597938144329,0.422680412371134,1
26.0,4.440636352673266,0.0,0.23076923076923078,1
194.0,5.707973317303701,0.13917525773195877,0.3402061855670103,1
194.0,5.789151698550375,0.14948453608247422,0.3917525773195876,1
194.0,5.8195789072748525,0.14948453608247422,0.3247422680412371,1
194.0,5.745571418505268,0.14432989690721648,0.3865979381443299,1
194.0,5.756276459143442,0.12886597938144329,0.35051546391752575,1
26.0,4.440636352673266,0.038461538461538464,0.19230769230769232,1
26.0,4.440636352673266,0.0,0.23076923076923078,1
26.0,4.440636352673266,0.0,0.23076923076923078,1
194.0,5.775898250133124,0.14948453608247422,0.35051546391752575,1
194.0,5.752467824756018,0.18041237113402062,0.3917525773195876,1
194.0,5.772258387009049,0.14432989690721648,0.36597938144329895,1
194.0,5.797596110849642,0.14948453608247422,0.31958762886597936,1
194.0,5.85037359001216,0.14948453608247422,0.34536082474226804,1
194.0,5.821145544403573,0.14948453608247422,0.36597938144329895,1
194.0,5.733498443487849,0.12886597938144329,0.36597938144329895,1
194.0,5.78993277364334,0.14948453608247422,0.36082474226804123,1
26.0,4.363713275750189,0.038461538461538464,0.19230769230769232,1
26.0,4.440636352673266,0.07692307692307693,0.19230769230769232,1
26.0,4.440636352673266,0.038461538461538464,0.23076923076923078,1
26.0,4.440636352673266,0.038461538461538464,0.23076923076923078,1
194.0,5.72335878732426,0.10824742268041238,0.44329896907216493,1
26.0,4.440636352673266,0.038461538461538464,0.19230769230769232,1
194.0,5.701854291490851,0.16494845360824742,0.39690721649484534,1
194.0,5.735610983087375,0.13917525773195877,0.3402061855670103,1
194.0,5.8362921471469065,0.14948453608247422,0.3917525773195876,1
194.0,5.768666294163586,0.12371134020618557,0.38144329896907214,1
194.0,5.669548072577714,0.0979381443298969,0.38144329896907214,1
26.0,4.440636352673266,0.0,0.23076923076923078,1
26.0,4.363713275750189,0.0,0.19230769230769232,1
26.0,4.440636352673266,0.038461538461538464,0.19230769230769232,1
194.0,5.728905097988249,0.11855670103092783,0.44329896907216493,1
194.0,5.727648566034972,0.12886597938144329,0.3865979381443299,1
194.0,5.819877987120953,0.10824742268041238,0.3865979381443299,1
194.0,5.7327708261364725,0.17010309278350516,0.34536082474226804,1
194.0,5.756427391614306,0.12886597938144329,0.3556701030927835,1
194.0,5.769962139721036,0.12886597938144329,0.29896907216494845,1
194.0,5.7785433403537585,0.12886597938144329,0.3402061855670103,1
194.0,5.77709656232544,0.13402061855670103,0.3247422680412371,1
26.0,4.334679141051594,0.0,0.23076923076923078,1
26.0,4.334679141051594,0.0,0.23076923076923078,1
26.0,4.257756064128517,0.0,0.19230769230769232,1
26.0,4.334679141051594,0.038461538461538464,0.19230769230769232,1
194.0,5.780224498716519,0.13402061855670103,0.3556701030927835,1
26.0,4.363713275750189,0.0,0.23076923076923078,1
194.0,5.73988377392918,0.09278350515463918,0.4484536082474227,1
194.0,5.784878907708566,0.14432989690721648,0.36082474226804123,1
194.0,5.733728278243647,0.13402061855670103,0.39690721649484534,1
194.0,5.635843987799205,0.15979381443298968,0.3247422680412371,1
194.0,5.7015693557821665,0.13402061855670103,0.3711340206185567,1
26.0,4.363713275750189,0.038461538461538464,0.15384615384615385,1
26.0,4.363713275750189,0.0,0.19230769230769232,1
26.0,4.286790198827112,0.0,0.19230769230769232,1
194.0,5.753469077410154,0.10309278350515463,0.32989690721649484,1
194.0,5.6841948999175465,0.16494845360824742,0.38144329896907214,1
194.0,5.73745437432693,0.13402061855670103,0.3556701030927835,1
194.0,5.779058110818243,0.15979381443298968,0.33505154639175255,1
194.0,5.755113765900231,0.14432989690721648,0.42783505154639173,1
194.0,5.780040732392178,0.13402061855670103,0.3865979381443299,1
194.0,5.837321688075872,0.17010309278350516,0.39690721649484534,1
194.0,5.787920611140438,0.13917525773195877,0.3247422680412371,1
26.0,4.286790198827112,0.0,0.15384615384615385,1
26.0,4.440636352673266,0.038461538461538464,0.15384615384615385,1
26.0,4.363713275750189,0.0,0.19230769230769232,1
26.0,4.440636352673266,0.0,0.19230769230769232,1
194.0,5.806742695956951,0.13917525773195877,0.3556701030927835,1
26.0,4.363713275750189,0.038461538461538464,0.15384615384615385,1
194.0,5.7567912296079236,0.14432989690721648,0.3711340206185567,1
194.0,5.6392068003819835,0.11855670103092783,0.37628865979381443,1
194.0,5.791297013367521,0.13402061855670103,0.39690721649484534,1
194.0,5.7415106236267786,0.0979381443298969,0.30412371134020616,1
194.0,5.851223059271852,0.15463917525773196,0.42783505154639173,1
26.0,4.363713275750189,0.0,0.19230769230769232,1
26.0,4.209867121904035,0.0,0.15384615384615385,1
26.0,4.363713275750189,0.038461538461538464,0.15384615384615385,1
194.0,5.743475866774646,0.10824742268041238,0.3556701030927835,1
194.0,5.784364137244085,0.14948453608247422,0.4072164948453608,1
194.0,5.792459706610726,0.13917525773195877,0.35051546391752575,1
194.0,5.807092389813152,0.10824742268041238,0.4742268041237113,1
194.0,5.805810688393115,0.13402061855670103,0.33505154639175255,1
194.0,5.742479101063292,0.16494845360824742,0.4175257731958763,1
194.0,5.807257466421433,0.16494845360824742,0.36597938144329895,1
194.0,5.672423848477722,0.12886597938144329,0.3711340206185567,1
26.0,4.440636352673266,0.038461538461538464,0.19230769230769232,1
26.0,4.440636352673266,0.038461538461538464,0.19230769230769232,1
26.0,4.286790198827112,0.0,0.15384615384615385,1
26.0,4.440636352673266,0.038461538461538464,0.15384615384615385,1
194.0,5.792326554296489,0.14948453608247422,0.4020618556701031,1
26.0,4.286790198827112,0.0,0.23076923076923078,1
194.0,5.795022258527225,0.13917525773195877,0.35051546391752575,1
194.0,5.7977151190264715,0.13402061855670103,0.4175257731958763,1
194.0,5.6749507814451094,0.12886597938144329,0.36082474226804123,1
194.0,5.816670356157225,0.13917525773195877,0.37628865979381443,1
194.0,5.729106644469217,0.15979381443298968,0.3711340206185567,1
26.0,4.363713275750189,0.038461538461538464,0.19230769230769232,1
26.0,4.286790198827112,0.0,0.23076923076923078,1
26.0,4.363713275750189,0.0,0.23076923076923078,1
194.0,5.846615569634834,0.14948453608247422,0.38144329896907214,1
194.0,5.804896460985907,0.12371134020618557,0.39690721649484534,1
194.0,5.756046624387639,0.15463917525773196,0.4072164948453608,1
194.0,5.791297013367519,0.14432989690721648,0.39690721649484534,1
194.0,5.73773845911204,0.12886597938144329,0.35051546391752575,1
194.0,5.795454490687566,0.15463917525773196,0.36082474226804123,1
194.0,5.745222575572641,0.1134020618556701,0.39690721649484534,1
194.0,5.767435206753651,0.11855670103092783,0.3402061855670103,1
194.0,5.789298995002033,0.15979381443298968,0.3865979381443299,1
26.0,4.440636352673266,0.038461538461538464,0.19230769230769232,1
26.0,4.440636352673266,0.0,0.23076923076923078,1
26.0,4.440636352673266,0.0,0.23076923076923078,1
26.0,4.363713275750189,0.0,0.19230769230769232,1
26.0,4.440636352673266,0.038461538461538464,0.19230769230769232,1
194.0,5.775599170287019,0.10309278350515463,0.36597938144329895,1
194.0,5.6817513561778785,0.12371134020618557,0.37628865979381443,1
194.0,5.750625284440038,0.1134020618556701,0.38144329896907214,1
194.0,5.821494387336198,0.12371134020618557,0.36082474226804123,1
194.0,5.767935833080716,0.11855670103092783,0.4329896907216495,1
194.0,5.71700458888925,0.13402061855670103,0.36082474226804123,1
26.0,4.257756064128517,0.0,0.15384615384615385,1
26.0,4.363713275750189,0.038461538461538464,0.15384615384615385,1
26.0,4.286790198827112,0.0,0.19230769230769232,1
194.0,5.719445288897427,0.10309278350515463,0.3711340206185567,1
194.0,5.6598033277782065,0.13917525773195877,0.32989690721649484,1
194.0,5.677826557345123,0.06701030927835051,0.36597938144329895,1
194.0,5.764990812090405,0.16494845360824742,0.36082474226804123,1
194.0,5.71126718122664,0.13402061855670103,0.3917525773195876,1
194.0,5.757605079918509,0.13402061855670103,0.4020618556701031,1
194.0,5.840913780921333,0.12371134020618557,0.41237113402061853,1
26.0,4.363713275750189,0.038461538461538464,0.19230769230769232,1
26.0,4.440636352673266,0.038461538461538464,0.19230769230769232,1
26.0,4.286790198827112,0.038461538461538464,0.15384615384615385,1
26.0,4.363713275750189,0.07692307692307693,0.15384615384615385,1
194.0,5.780905196712861,0.17010309278350516,0.3711340206185567,1
26.0,4.440636352673266,0.038461538461538464,0.19230769230769232,1
194.0,5.697879729571571,0.0979381443298969,0.3556701030927835,1
194.0,5.814276575504079,0.1134020618556701,0.3865979381443299,1
194.0,5.740564471925527,0.10824742268041238,0.36082474226804123,1
194.0,5.773720160098358,0.12371134020618557,0.3917525773195876,1
194.0,5.781203425635387,0.11855670103092783,0.4329896907216495,1
26.0,4.440636352673266,0.07692307692307693,0.15384615384615385,1
26.0,4.440636352673266,0.07692307692307693,0.19230769230769232,1
26.0,4.440636352673266,0.07692307692307693,0.19230769230769232,1
194.0,5.739750621614941,0.12886597938144329,0.34536082474226804,1
194.0,5.7143445036076175,0.18556701030927836,0.3556701030927835,1
194.0,5.830521964266678,0.17010309278350516,0.36082474226804123,1
194.0,5.7272491090922495,0.13402061855670103,0.36082474226804123,1
194.0,5.758141325194685,0.11855670103092783,0.39690721649484534,1
194.0,5.781585894709205,0.12886597938144329,0.36082474226804123,1
194.0,5.724687408099328,0.1958762886597938,0.29896907216494845,1
194.0,5.829456804388604,0.10824742268041238,0.34536082474226804,1
26.0,4.286790198827112,0.038461538461538464,0.15384615384615385,1
26.0,4.440636352673266,0.07692307692307693,0.15384615384615385,1
26.0,4.363713275750189,0.038461538461538464,0.23076923076923078,1
26.0,4.363713275750189,0.038461538461538464,0.23076923076923078,1
194.0,5.756992776088892,0.15463917525773196,0.36082474226804123,1
26.0,4.440636352673266,0.07692307692307693,0.19230769230769232,1
194.0,5.716021967315315,0.17010309278350516,0.32989690721649484,1
194.0,5.72995611372891,0.12886597938144329,0.3556701030927835,1
194.0,5.750574670429942,0.13917525773195877,0.3917525773195876,1
194.0,5.802203600486659,0.15463917525773196,0.3247422680412371,1
194.0,5.788985771018514,0.15979381443298968,0.36082474226804123,1
26.0,4.440636352673266,0.038461538461538464,0.23076923076923078,1
26.0,4.363713275750189,0.038461538461538464,0.19230769230769232,1
26.0,4.440636352673266,0.07692307692307693,0.19230769230769232,1
194.0,5.820727456380647,0.13402061855670103,0.41237113402061853,1
194.0,5.801473139403792,0.13402061855670103,0.4020618556701031,1
194.0,5.715420963891621,0.13917525773195877,0.32989690721649484,1
194.0,5.831468966891502,0.17010309278350516,0.3556701030927835,1
194.0,5.735629614167579,0.09278350515463918,0.3711340206185567,1
194.0,5.74916351135073,0.13402061855670103,0.4020618556701031,1
194.0,5.820943146999028,0.12371134020618557,0.34536082474226804,1
194.0,5.756229539788408,0.10309278350515463,0.38144329896907214,1
26.0,4.440636352673266,0.0,0.23076923076923078,1
26.0,4.440636352673266,0.0,0.23076923076923078,1
26.0,4.363713275750189,0.0,0.19230769230769232,1
26.0,4.440636352673266,0.038461538461538464,0.19230769230769232,1
194.0,5.729657033882811,0.0979381443298969,0.32989690721649484,1
26.0,4.363713275750189,0.0,0.2692307692307692,1
194.0,5.699148137777763,0.14432989690721648,0.3711340206185567,1
194.0,5.796865649766776,0.12371134020618557,0.39690721649484534,1
194.0,5.766535123483855,0.09278350515463918,0.35051546391752575,1
194.0,5.760898092917872,0.12886597938144329,0.4484536082474227,1
194.0,5.786675379593087,0.14432989690721648,0.35051546391752575,1
26.0,4.286790198827112,0.038461538461538464,0.19230769230769232,1
26.0,4.363713275750189,0.0,0.23076923076923078,1
26.0,4.363713275750189,0.0,0.23076923076923078,1
194.0,5.74048108269781,0.15463917525773196,0.41237113402061853,1
194.0,5.806527005338567,0.1134020618556701,0.4175257731958763,1
194.0,5.768799446477827,0.10309278350515463,0.44329896907216493,1
194.0,5.699460510837706,0.12886597938144329,0.3247422680412371,1
194.0,5.685691441032394,0.12886597938144329,0.3917525773195876,1
194.0,5.7362916810837214,0.1134020618556701,0.38144329896907214,1
194.0,5.66391019108815,0.11855670103092783,0.34536082474226804,1
194.0,5.772140229755799,0.12371134020618557,0.36597938144329895,1
26.0,4.286790198827112,0.0,0.19230769230769232,1
26.0,4.363713275750189,0.038461538461538464,0.19230769230769232,1
26.0,4.363713275750189,0.0,0.23076923076923078,1
26.0,4.440636352673266,0.0,0.23076923076923078,1
194.0,5.8662045854069,0.13402061855670103,0.36082474226804123,1
26.0,4.440636352673266,0.038461538461538464,0.19230769230769232,1
194.0,5.800278521866541,0.15463917525773196,0.33505154639175255,1
194.0,5.825781322315421,0.15463917525773196,0.33505154639175255,1
194.0,5.8131466574784865,0.15979381443298968,0.38144329896907214,1
194.0,5.730337731879152,0.16494845360824742,0.36082474226804123,1
194.0,5.778342644796367,0.12371134020618557,0.36597938144329895,1
26.0,4.440636352673266,0.038461538461538464,0.23076923076923078,1
26.0,4.363713275750189,0.038461538461538464,0.19230769230769232,1
26.0,4.440636352673266,0.07692307692307693,0.19230769230769232,1
194.0,5.829539342692745,0.17525773195876287,0.3917525773195876,1
194.0,5.6679353670175345,0.13402061855670103,0.35051546391752575,1
194.0,5.842710252805855,0.15463917525773196,0.36597938144329895,1
194.0,5.690000701746887,0.13917525773195877,0.32989690721649484,1
194.0,5.766319432865472,0.13917525773195877,0.32989690721649484,1
194.0,5.783730358602774,0.1134020618556701,0.4072164948453608,1
194.0,5.804514842835662,0.13917525773195877,0.3711340206185567,1
194.0,5.816969436003323,0.15979381443298968,0.3402061855670103,1
26.0,4.363713275750189,0.0,0.2692307692307692,1
26.0,4.363713275750189,0.0,0.2692307692307692,1
26.0,4.363713275750189,0.0,0.23076923076923078,1
26.0,4.363713275750189,0.038461538461538464,0.23076923076923078,1
194.0,5.792459706610727,0.13402061855670103,0.4175257731958763,1
26.0,4.440636352673266,0.0,0.2692307692307692,1
194.0,5.774702781672296,0.08762886597938144,0.38144329896907214,1
194.0,5.750910220148728,0.17525773195876287,0.3711340206185567,1
194.0,5.810252250498275,0.14432989690721648,0.37628865979381443,1
194.0,5.744289717085231,0.13402061855670103,0.3865979381443299,1
194.0,5.766143055851267,0.1134020618556701,0.3556701030927835,1
26.0,4.440636352673266,0.038461538461538464,0.23076923076923078,1
26.0,4.363713275750189,0.0,0.2692307692307692,1
26.0,4.257756064128517,0.0,0.2692307692307692,1
194.0,5.755963235159925,0.13402061855670103,0.38144329896907214,1
194.0,5.7471513488478285,0.10309278350515463,0.4329896907216495,1
194.0,5.788067907592096,0.12886597938144329,0.38144329896907214,1
194.0,5.771027299599116,0.10309278350515463,0.4175257731958763,1
194.0,5.701638600872471,0.13917525773195877,0.36082474226804123,1
194.0,5.7727731574735355,0.10309278350515463,0.3917525773195876,1
194.0,5.74154709349946,0.15463917525773196,0.31958762886597936,1
194.0,5.799093502888063,0.20618556701030927,0.3711340206185567,1
26.0,4.363713275750189,0.0,0.23076923076923078,1
26.0,4.440636352673266,0.038461538461538464,0.23076923076923078,1
26.0,4.440636352673266,0.0,0.2692307692307692,1
26.0,4.440636352673266,0.0,0.2692307692307692,1
194.0,5.804947074996005,0.15979381443298968,0.3711340206185567,1
26.0,4.440636352673266,0.038461538461538464,0.19230769230769232,1
194.0,5.776581791860956,0.10824742268041238,0.3711340206185567,1
194.0,5.764559430853637,0.12371134020618557,0.3556701030927835,1
194.0,5.735657902442408,0.12886597938144329,0.37628865979381443,1
194.0,5.8169196729168,0.12886597938144329,0.35051546391752575,1
194.0,5.801224673567792,0.17525773195876287,0.36082474226804123,1
26.0,4.363713275750189,0.0,0.23076923076923078,1
26.0,4.286790198827112,0.0,0.19230769230769232,1
26.0,4.440636352673266,0.038461538461538464,0.19230769230769232,1
194.0,5.774033384081874,0.15979381443298968,0.4175257731958763,1
194.0,5.793524866488807,0.12371134020618557,0.33505154639175255,1
194.0,5.753605073455887,0.1134020618556701,0.3711340206185567,1
194.0,5.747331420517103,0.10824742268041238,0.3865979381443299,1
194.0,5.714726121757863,0.13402061855670103,0.3865979381443299,1
194.0,5.766438441042297,0.13402061855670103,0.3247422680412371,1
194.0,5.786855451262363,0.10824742268041238,0.3865979381443299,1
194.0,5.684662751027001,0.15463917525773196,0.30412371134020616,1
26.0,4.363713275750189,0.0,0.23076923076923078,1
26.0,4.440636352673266,0.0,0.23076923076923078,1
26.0,4.363713275750189,0.0,0.19230769230769232,1
26.0,4.440636352673266,0.038461538461538464,0.19230769230769232,1
194.0,5.768464747682617,0.13402061855670103,0.3865979381443299,1
26.0,4.440636352673266,0.0,0.23076923076923078,1
194.0,5.760668258162073,0.10309278350515463,0.3711340206185567,1
194.0,5.690454112288458,0.13917525773195877,0.3247422680412371,1
194.0,5.770343757871276,0.10824742268041238,0.3402061855670103,1
194.0,5.778029420812849,0.11855670103092783,0.35051546391752575,1
194.0,5.733549057497949,0.13917525773195877,0.3711340206185567,1
26.0,4.440636352673266,0.07692307692307693,0.19230769230769232,1
26.0,4.440636352673266,0.038461538461538464,0.23076923076923078,1
26.0,4.363713275750189,0.038461538461538464,0.23076923076923078,1
194.0,5.754299915589649,0.1134020618556701,0.4020618556701031,1
194.0,5.77351861361739,0.13917525773195877,0.31958762886597936,1
194.0,5.720712846180045,0.12886597938144329,0.38144329896907214,1
194.0,5.6717759256989995,0.13917525773195877,0.39690721649484534,1
194.0,5.755113765900229,0.10824742268041238,0.422680412371134,1
194.0,5.7813834973046605,0.14948453608247422,0.35051546391752575,1
194.0,5.7727375385244235,0.13917525773195877,0.37628865979381443,1
194.0,5.770977536512588,0.12886597938144329,0.36082474226804123,1
26.0,4.286790198827112,0.0,0.19230769230769232,1
26.0,4.286790198827112,0.038461538461538464,0.19230769230769232,1
26.0,4.440636352673266,0.0,0.23076923076923078,1
26.0,4.440636352673266,0.0,0.23076923076923078,1
194.0,5.7707290706765875,0.14948453608247422,0.36082474226804123,1
26.0,4.440636352673266,0.038461538461538464,0.19230769230769232,1
194.0,5.747032340671,0.10309278350515463,0.4072164948453608,1
194.0,5.761734268963724,0.1134020618556701,0.4020618556701031,1
194.0,5.800875830635166,0.12886597938144329,0.3556701030927835,1
194.0,5.768083129532374,0.0979381443298969,0.35051546391752575,1
194.0,5.662762492905931,0.1134020618556701,0.36082474226804123,1
26.0,4.363713275750189,0.0,0.23076923076923078,1
26.0,4.209867121904035,0.0,0.19230769230769232,1
26.0,4.363713275750189,0.038461538461538464,0.19230769230769232,1
194.0,5.704201152788965,0.11855670103092783,0.422680412371134,1
194.0,5.746467807119991,0.14432989690721648,0.3711340206185567,1
194.0,5.779526812851268,0.15463917525773196,0.35051546391752575,1
194.0,5.788053763454679,0.13402061855670103,0.36597938144329895,1
194.0,5.770210605557038,0.13402061855670103,0.4072164948453608,1
194.0,5.803402763602554,0.13917525773195877,0.41237113402061853,1
194.0,5.789932773643341,0.11855670103092783,0.32989690721649484,1
194.0,5.74637027375486,0.12371134020618557,0.42783505154639173,1
26.0,4.363713275750189,0.0,0.23076923076923078,1
26.0,4.363713275750189,0.0,0.23076923076923078,1
26.0,4.209867121904035,0.0,0.15384615384615385,1
26.0,4.363713275750189,0.038461538461538464,0.15384615384615385,1
194.0,5.773421080252257,0.14432989690721648,0.36082474226804123,1
26.0,4.286790198827112,0.0,0.19230769230769232,1
194.0,5.7766793252260875,0.13402061855670103,0.32989690721649484,1
194.0,5.741608156991912,0.15463917525773196,0.30927835051546393,1
194.0,5.761365944027322,0.10824742268041238,0.3402061855670103,1
194.0,5.716522593642381,0.14948453608247422,0.4020618556701031,1
194.0,5.777946031585131,0.17525773195876287,0.36597938144329895,1
26.0,4.363713275750189,0.038461538461538464,0.15384615384615385,1
26.0,4.440636352673266,0.0,0.19230769230769232,1
26.0,4.363713275750189,0.0,0.19230769230769232,1
194.0,5.814525041340078,0.14948453608247422,0.35051546391752575,1
194.0,5.77152792592618,0.14432989690721648,0.4020618556701031,1
194.0,5.736874845714929,0.15463917525773196,0.3556701030927835,1
194.0,5.749844209347072,0.16494845360824742,0.32989690721649484,1
194.0,5.734398526757642,0.15463917525773196,0.29896907216494845,1
194.0,5.711000876598155,0.15463917525773196,0.3865979381443299,1
194.0,5.785742521105676,0.13402061855670103,0.34536082474226804,1
194.0,5.774785319976436,0.12371134020618557,0.39690721649484534,1
26.0,4.286790198827112,0.0,0.15384615384615385,1
26.0,4.363713275750189,0.038461538461538464,0.15384615384615385,1
26.0,4.363713275750189,0.0,0.19230769230769232,1
26.0,4.363713275750189,0.0,0.19230769230769232,1
194.0,5.799198366927474,0.14432989690721648,0.36082474226804123,1
26.0,4.363713275750189,0.038461538461538464,0.15384615384615385,1
194.0,5.821591069777757,0.16494845360824742,0.33505154639175255,1
194.0,5.762165650200493,0.09278350515463918,0.422680412371134,1
194.0,5.731104662834703,0.1134020618556701,0.37628865979381443,1
194.0,5.7764486395467145,0.13917525773195877,0.33505154639175255,1
194.0,5.779490342978583,0.17010309278350516,0.30927835051546393,1
26.0,4.363713275750189,0.038461538461538464,0.19230769230769232,1
26.0,4.257756064128517,0.038461538461538464,0.15384615384615385,1
26.0,4.363713275750189,0.07692307692307693,0.15384615384615385,1
194.0,5.783320155747245,0.15979381443298968,0.36597938144329895,1
194.0,5.768032515522275,0.12886597938144329,0.38144329896907214,1
194.0,5.810036559879891,0.0979381443298969,0.4381443298969072,1
194.0,5.712980263883444,0.12886597938144329,0.3402061855670103,1
194.0,5.6718726081405535,0.0979381443298969,0.3711340206185567,1
194.0,5.739235851150457,0.13402061855670103,0.31443298969072164,1
194.0,5.735978457100203,0.10824742268041238,0.41237113402061853,1
194.0,5.821710077954582,0.13917525773195877,0.3556701030927835,1
26.0,4.363713275750189,0.0,0.23076923076923078,1
26.0,4.363713275750189,0.0,0.23076923076923078,1
26.0,4.286790198827112,0.0,0.19230769230769232,1
26.0,4.363713275750189,0.038461538461538464,0.19230769230769232,1
194.0,5.827145562039596,0.15463917525773196,0.38144329896907214,1
26.0,4.363713275750189,0.0,0.23076923076923078,1
194.0,5.724618163009025,0.11855670103092783,0.36597938144329895,1
194.0,5.737857467288865,0.16494845360824742,0.3402061855670103,1
194.0,5.811101719757965,0.13917525773195877,0.4072164948453608,1
194.0,5.825482242469322,0.17525773195876287,0.3402061855670103,1
194.0,5.862479340247193,0.13917525773195877,0.3917525773195876,1
26.0,4.363713275750189,0.038461538461538464,0.19230769230769232,1
26.0,4.440636352673266,0.0,0.23076923076923078,1
26.0,4.440636352673266,0.0,0.23076923076923078,1
194.0,5.715792132559516,0.13917525773195877,0.3865979381443299,1
194.0,5.788136301758824,0.14432989690721648,0.3711340206185567,1
194.0,5.75207206246836,0.10309278350515463,0.36597938144329895,1
194.0,5.751557292003876,0.12886597938144329,0.44329896907216493,1
194.0,5.735873593060793,0.14948453608247422,0.35051546391752575,1
194.0,5.725251090726761,0.14432989690721648,0.4329896907216495,1
194.0,5.764307270362569,0.13402061855670103,0.3556701030927835,1
194.0,5.78150250548149,0.12371134020618557,0.38144329896907214,1
26.0,4.286790198827112,0.0,0.15384615384615385,1
26.0,4.440636352673266,0.038461538461538464,0.15384615384615385,1
26.0,4.440636352673266,0.0,0.19230769230769232,1
26.0,4.363713275750189,0.0,0.19230769230769232,1
194.0,5.763759724680468,0.17010309278350516,0.33505154639175255,1
26.0,4.363713275750189,0.038461538461538464,0.15384615384615385,1
194.0,5.813146657478484,0.10824742268041238,0.37628865979381443,1
194.0,5.779393660537027,0.1134020618556701,0.3711340206185567,1
194.0,5.771243841141072,0.12886597938144329,0.39690721649484534,1
194.0,5.846482417320593,0.11855670103092783,0.3917525773195876,1
194.0,5.783647820298629,0.15979381443298968,0.33505154639175255,1
26.0,4.363713275750189,0.0,0.19230769230769232,1
26.0,4.286790198827112,0.0,0.15384615384615385,1
26.0,4.440636352673266,0.038461538461538464,0.15384615384615385,1
194.0,5.755564629140777,0.1134020618556701,0.38144329896907214,1
194.0,5.724438091339751,0.09278350515463918,0.41237113402061853,1
194.0,5.782232966564356,0.17525773195876287,0.30927835051546393,1
194.0,5.7979635848624715,0.17525773195876287,0.33505154639175255,1
194.0,5.785058979377846,0.14948453608247422,0.3247422680412371,1
194.0,5.812563492847276,0.15463917525773196,0.34536082474226804,1
194.0,5.795702956523567,0.14948453608247422,0.37628865979381443,1
194.0,5.831252425349546,0.17010309278350516,0.38144329896907214,1
26.0,4.440636352673266,0.038461538461538464,0.19230769230769232,1
26.0,4.440636352673266,0.038461538461538464,0.19230769230769232,1
26.0,4.286790198827112,0.038461538461538464,0.15384615384615385,1
26.0,4.440636352673266,0.07692307692307693,0.15384615384615385,1
194.0,5.78792061114044,0.13402061855670103,0.4072164948453608,1
26.0,4.440636352673266,0.07692307692307693,0.19230769230769232,1
194.0,5.751208449071251,0.14432989690721648,0.35051546391752575,1
194.0,5.804313296354698,0.21649484536082475,0.41237113402061853,1
194.0,5.723588622080058,0.18041237113402062,0.3711340206185567,1
194.0,5.747450428693927,0.1958762886597938,0.34536082474226804,1
194.0,5.815771123811003,0.13402061855670103,0.39690721649484534,1
26.0,4.363713275750189,0.11538461538461539,0.15384615384615385,1
26.0,4.440636352673266,0.07692307692307693,0.19230769230769232,1
26.0,4.440636352673266,0.07692307692307693,0.19230769230769232,1
194.0,5.811663409577482,0.12886597938144329,0.35051546391752575,1
194.0,5.843059095738481,0.13917525773195877,0.36082474226804123,1
194.0,5.742111627050471,0.20103092783505155,0.3402061855670103,1
194.0,5.861150719472125,0.12371134020618557,0.42783505154639173,1
194.0,5.790746623953926,0.15979381443298968,0.3247422680412371,1
194.0,5.777478180475684,0.211340206185567,0.35051546391752575,1
194.0,5.787204294194987,0.13917525773195877,0.36082474226804123,1
194.0,5.772939935928966,0.13402061855670103,0.38144329896907214,1
26.0,4.363713275750189,0.038461538461538464,0.19230769230769232,1
26.0,4.440636352673266,0.07692307692307693,0.19230769230769232,1
26.0,4.363713275750189,0.038461538461538464,0.23076923076923078,1
26.0,4.440636352673266,0.038461538461538464,0.23076923076923078,1
194.0,5.771326379445214,0.10309278350515463,0.34536082474226804,1
26.0,4.440636352673266,0.07692307692307693,0.19230769230769232,1
194.0,5.793906484639046,0.11855670103092783,0.44329896907216493,1
194.0,5.740733243188875,0.08762886597938144,0.3556701030927835,1
194.0,5.734830758917982,0.1134020618556701,0.38144329896907214,1
194.0,5.74399063723913,0.13402061855670103,0.32989690721649484,1
194.0,5.821494387336199,0.10824742268041238,0.36597938144329895,1
26.0,4.363713275750189,0.0,0.23076923076923078,1
26.0,4.286790198827112,0.0,0.19230769230769232,1
26.0,4.363713275750189,0.038461538461538464,0.19230769230769232,1
194.0,5.756597013801234,0.10824742268041238,0.4329896907216495,1
194.0,5.799713137391959,0.17525773195876287,0.4072164948453608,1
194.0,5.77591239427054,0.12886597938144329,0.4329896907216495,1
194.0,5.766787283974925,0.17010309278350516,0.32989690721649484,1
194.0,5.7733385419481165,0.13917525773195877,0.39690721649484534,1
194.0,5.790350861666267,0.18041237113402062,0.3711340206185567,1
194.0,5.718415747968459,0.12371134020618557,0.32989690721649484,1
194.0,5.777096562325439,0.14948453608247422,0.36082474226804123,1
26.0,4.363713275750189,0.0,0.23076923076923078,1
26.0,4.286790198827112,0.0,0.23076923076923078,1
26.0,4.18083298720544,0.0,0.19230769230769232,1
26.0,4.286790198827112,0.038461538461538464,0.19230769230769232,1
194.0,5.7813834973046605,0.10824742268041238,0.41237113402061853,1
26.0,4.363713275750189,0.0,0.23076923076923078,1
194.0,5.765394459545455,0.13402061855670103,0.39690721649484534,1
194.0,5.815554582269047,0.12371134020618557,0.37628865979381443,1
194.0,5.669860445637653,0.10824742268041238,0.39690721649484534,1
194.0,5.800108899679615,0.12886597938144329,0.4020618556701031,1
194.0,5.785393678173051,0.13402061855670103,0.32989690721649484,1
26.0,4.440636352673266,0.038461538461538464,0.19230769230769232,1
26.0,4.286790198827112,0.0,0.23076923076923078,1
26.0,4.363713275750189,0.0,0.23076923076923078,1
194.0,5.727861412921866,0.20103092783505155,0.37628865979381443,1
194.0,5.785789440460709,0.12886597938144329,0.4329896907216495,1
194.0,5.740578616062942,0.13402061855670103,0.3556701030927835,1
194.0,5.67977396170051,0.15463917525773196,0.4072164948453608,1
194.0,5.756046624387642,0.13402061855670103,0.33505154639175255,1
194.0,5.846100799170349,0.18556701030927836,0.3711340206185567,1
194.0,5.847979809359014,0.13917525773195877,0.4072164948453608,1
194.0,5.784878907708566,0.11855670103092783,0.36082474226804123,1
26.0,4.286790198827112,0.0,0.19230769230769232,1
26.0,4.440636352673266,0.038461538461538464,0.19230769230769232,1
26.0,4.440636352673266,0.038461538461538464,0.23076923076923078,1
26.0,4.440636352673266,0.038461538461538464,0.23076923076923078,1
194.0,5.7597212555372455,0.17010309278350516,0.3711340206185567,1
26.0,4.440636352673266,0.07692307692307693,0.19230769230769232,1
194.0,5.720510448775504,0.11855670103092783,0.38144329896907214,1
194.0,5.801523753413894,0.11855670103092783,0.4020618556701031,1
194.0,5.745653956809408,0.11855670103092783,0.3865979381443299,1
194.0,5.689100618477091,0.13402061855670103,0.41237113402061853,1
194.0,5.761099639398841,0.11855670103092783,0.422680412371134,1
26.0,4.440636352673266,0.038461538461538464,0.23076923076923078,1
26.0,4.286790198827112,0.0,0.19230769230769232,1
26.0,4.440636352673266,0.038461538461538464,0.19230769230769232,1
194.0,5.74060094179821,0.14432989690721648,0.3711340206185567,1
194.0,5.798014198872571,0.14432989690721648,0.34536082474226804,1
194.0,5.808024397376986,0.14948453608247422,0.37628865979381443,1
194.0,5.73606184632792,0.17525773195876287,0.3556701030927835,1
194.0,5.689032224310366,0.08247422680412371,0.4896907216494845,1
194.0,5.7416802458137015,0.15463917525773196,0.42783505154639173,1
194.0,5.747698894529927,0.10309278350515463,0.3917525773195876,1
194.0,5.796732497452532,0.10309278350515463,0.42783505154639173,1
26.0,4.363713275750189,0.0,0.2692307692307692,1
26.0,4.440636352673266,0.0,0.2692307692307692,1
26.0,4.363713275750189,0.0,0.23076923076923078,1
26.0,4.440636352673266,0.038461538461538464,0.23076923076923078,1
194.0,5.789799621329099,0.14432989690721648,0.41237113402061853,1
26.0,4.363713275750189,0.0,0.2692307692307692,1
194.0,5.782866745205664,0.14432989690721648,0.3865979381443299,1
194.0,5.830341892597403,0.12886597938144329,0.4020618556701031,1
194.0,5.7871901500575715,0.15463917525773196,0.39690721649484534,1
194.0,5.795537028991707,0.10824742268041238,0.4072164948453608,1
194.0,5.745186105699956,0.16494845360824742,0.3711340206185567,1
26.0,4.440636352673266,0.038461538461538464,0.23076923076923078,1
26.0,4.440636352673266,0.0,0.2692307692307692,1
26.0,4.440636352673266,0.0,0.2692307692307692,1
194.0,5.721061689112671,0.11855670103092783,0.32989690721649484,1
194.0,5.839981773357501,0.15463917525773196,0.42783505154639173,1
194.0,5.801473139403793,0.10824742268041238,0.31443298969072164,1
194.0,5.6943710259538225,0.13402061855670103,0.37628865979381443,1
194.0,5.823470079966418,0.13917525773195877,0.36082474226804123,1
194.0,5.782866745205664,0.13917525773195877,0.3917525773195876,1
194.0,5.762381340818877,0.10824742268041238,0.4175257731958763,1
194.0,5.749592048856008,0.17010309278350516,0.36597938144329895,1
26.0,4.18083298720544,0.0,0.19230769230769232,1
26.0,4.286790198827112,0.038461538461538464,0.19230769230769232,1
26.0,4.363713275750189,0.0,0.23076923076923078,1
26.0,4.363713275750189,0.0,0.23076923076923078,1
194.0,5.677978340739564,0.12886597938144329,0.4175257731958763,1
26.0,4.440636352673266,0.038461538461538464,0.19230769230769232,1
194.0,5.779407804674441,0.15463917525773196,0.37628865979381443,1
194.0,5.819363216656467,0.12371134020618557,0.44329896907216493,1
194.0,5.74492349572654,0.12886597938144329,0.3917525773195876,1
194.0,5.748958270214697,0.08762886597938144,0.4175257731958763,1
194.0,5.779108724828342,0.12371134020618557,0.4381443298969072,1
26.0,4.440636352673266,0.0,0.23076923076923078,1
26.0,4.286790198827112,0.0,0.19230769230769232,1
26.0,4.363713275750189,0.038461538461538464,0.19230769230769232,1
194.0,5.730075121905735,0.13402061855670103,0.32989690721649484,1
194.0,5.765074201318125,0.18041237113402062,0.37628865979381443,1
194.0,5.786638909720399,0.11855670103092783,0.37628865979381443,1
194.0,5.792110863678102,0.12886597938144329,0.3865979381443299,1
194.0,5.774353938739671,0.12371134020618557,0.4020618556701031,1
194.0,5.86384357997137,0.1134020618556701,0.38144329896907214,1
194.0,5.790396930097725,0.15979381443298968,0.36597938144329895,1
194.0,5.798100431831776,0.10824742268041238,0.422680412371134,1
26.0,4.440636352673266,0.038461538461538464,0.23076923076923078,1
26.0,4.440636352673266,0.038461538461538464,0.23076923076923078,1
26.0,4.363713275750189,0.038461538461538464,0.19230769230769232,1
26.0,4.440636352673266,0.07692307692307693,0.19230769230769232,1
194.0,5.67704633317573,0.1134020618556701,0.39690721649484534,1
26.0,4.363713275750189,0.038461538461538464,0.23076923076923078,1
194.0,5.828078420527007,0.12371134020618557,0.44329896907216493,1
194.0,5.68713906998429,0.18041237113402062,0.3865979381443299,1
194.0,5.767219516135265,0.1134020618556701,0.34536082474226804,1
194.0,5.795620418219427,0.15463917525773196,0.37628865979381443,1
194.0,5.7255866404455436,0.1134020618556701,0.3917525773195876,1
26.0,4.440636352673266,0.038461538461538464,0.19230769230769232,1
26.0,4.286790198827112,0.0,0.23076923076923078,1
26.0,4.286790198827112,0.0,0.23076923076923078,1
194.0,5.770678456666487,0.12886597938144329,0.4536082474226804,1
194.0,5.732050814535955,0.15463917525773196,0.34536082474226804,1
194.0,5.778460802049617,0.16494845360824742,0.32989690721649484,1
194.0,5.627309706521514,0.13917525773195877,0.3556701030927835,1
194.0,5.781336577949627,0.10824742268041238,0.37628865979381443,1
194.0,5.8043489153038035,0.13402061855670103,0.36082474226804123,1
194.0,5.77308638145705,0.15979381443298968,0.36597938144329895,1
194.0,5.686408608901421,0.14948453608247422,0.34536082474226804,1
194.0,5.797596110849644,0.14432989690721648,0.39690721649484534,1
26.0,4.440636352673266,0.038461538461538464,0.19230769230769232,1
26.0,4.363713275750189,0.0,0.23076923076923078,1
26.0,4.363713275750189,0.0,0.23076923076923078,1
26.0,4.286790198827112,0.0,0.19230769230769232,1
194.0,5.828977652873227,0.1134020618556701,0.39690721649484534,1
26.0,4.334679141051594,0.0,0.23076923076923078,1
194.0,5.76478926560944,0.14948453608247422,0.4020618556701031,1
194.0,5.757975397662825,0.13917525773195877,0.38144329896907214,1
194.0,5.69527025830004,0.14948453608247422,0.32989690721649484,1
194.0,5.83103673473116,0.13917525773195877,0.35051546391752575,1
194.0,5.847681580436486,0.16494845360824742,0.38144329896907214,1
26.0,4.286790198827112,0.0,0.19230769230769232,1
26.0,4.363713275750189,0.038461538461538464,0.19230769230769232,1
26.0,4.363713275750189,0.0,0.23076923076923078,1
194.0,5.766401971169615,0.12371134020618557,0.3247422680412371,1
194.0,5.717552134571351,0.09278350515463918,0.31443298969072164,1
194.0,5.709650781011396,0.13917525773195877,0.30927835051546393,1
194.0,5.699543049141848,0.08762886597938144,0.4329896907216495,1
194.0,5.790461688245241,0.12886597938144329,0.35051546391752575,1
194.0,5.740615085935626,0.1134020618556701,0.38144329896907214,1
194.0,5.721310154948678,0.12886597938144329,0.3711340206185567,1
26.0,4.286790198827112,0.0,0.19230769230769232,1
26.0,4.286790198827112,0.0,0.19230769230769232,1
26.0,4.18083298720544,0.0,0.15384615384615385,1
26.0,4.363713275750189,0.038461538461538464,0.15384615384615385,1
194.0,5.772571610992565,0.14948453608247422,0.36597938144329895,1
26.0,4.363713275750189,0.0,0.19230769230769232,1
194.0,5.659886717005919,0.07731958762886598,0.39690721649484534,1
194.0,5.805162765614391,0.12886597938144329,0.3917525773195876,1
194.0,5.757759707044443,0.13917525773195877,0.34536082474226804,1
194.0,5.811400799604065,0.12371134020618557,0.3711340206185567,1
194.0,5.858289087709526,0.1134020618556701,0.39690721649484534,1
26.0,4.363713275750189,0.038461538461538464,0.15384615384615385,1
26.0,4.286790198827112,0.0,0.19230769230769232,1
26.0,4.363713275750189,0.0,0.19230769230769232,1
194.0,5.758141325194687,0.1134020618556701,0.3247422680412371,1
194.0,5.787787458826197,0.19072164948453607,0.3402061855670103,1
194.0,5.74224193563322,0.13402061855670103,0.38144329896907214,1
194.0,5.731752585613431,0.0979381443298969,0.39690721649484534,1
194.0,5.764177812703394,0.1134020618556701,0.3917525773195876,1
194.0,5.827742870808223,0.14432989690721648,0.35051546391752575,1
194.0,5.70014405256554,0.14432989690721648,0.37628865979381443,1
194.0,5.769814843269379,0.12371134020618557,0.36082474226804123,1
26.0,4.363713275750189,0.038461538461538464,0.15384615384615385,1
26.0,4.440636352673266,0.07692307692307693,0.15384615384615385,1
26.0,4.363713275750189,0.038461538461538464,0.19230769230769232,1
26.0,4.363713275750189,0.038461538461538464,0.19230769230769232,1
194.0,5.811400799604067,0.10824742268041238,0.4329896907216495,1
26.0,4.363713275750189,0.07692307692307693,0.15384615384615385,1
194.0,5.77589825013312,0.13917525773195877,0.3917525773195876,1
194.0,5.748944126077277,0.13402061855670103,0.3402061855670103,1
194.0,5.705446384336318,0.15979381443298968,0.33505154639175255,1
194.0,5.804467923480633,0.14948453608247422,0.3402061855670103,1
194.0,5.800407979525715,0.18556701030927836,0.36082474226804123,1
26.0,4.286790198827112,0.0,0.23076923076923078,1
26.0,4.286790198827112,0.0,0.19230769230769232,1
26.0,4.363713275750189,0.038461538461538464,0.19230769230769232,1
194.0,5.640765552343311,0.1134020618556701,0.30412371134020616,1
194.0,5.7901484642617245,0.15463917525773196,0.3865979381443299,1
194.0,5.7015552116447505,0.11855670103092783,0.3556701030927835,1
194.0,5.761049876312316,0.12371134020618557,0.3556701030927835,1
194.0,5.711662943514298,0.17010309278350516,0.3917525773195876,1
194.0,5.86397673228561,0.11855670103092783,0.39690721649484534,1
194.0,5.78775468360858,0.12371134020618557,0.39690721649484534,1
194.0,5.769947995583621,0.13402061855670103,0.3865979381443299,1
26.0,4.440636352673266,0.0,0.23076923076923078,1
26.0,4.440636352673266,0.0,0.23076923076923078,1
26.0,4.363713275750189,0.0,0.19230769230769232,1
26.0,4.440636352673266,0.038461538461538464,0.19230769230769232,1
194.0,5.762597031437258,0.12886597938144329,0.38144329896907214,1
26.0,4.440636352673266,0.0,0.23076923076923078,1
194.0,5.74642088776496,0.14948453608247422,0.28350515463917525,1
194.0,5.773072237319634,0.1134020618556701,0.36082474226804123,1
194.0,5.7863406807978786,0.1134020618556701,0.34536082474226804,1
194.0,5.770811608980729,0.12371134020618557,0.3865979381443299,1
194.0,5.770476910185519,0.1134020618556701,0.38144329896907214,1
26.0,4.440636352673266,0.038461538461538464,0.19230769230769232,1
26.0,4.440636352673266,0.0,0.23076923076923078,1
26.0,4.440636352673266,0.0,0.23076923076923078,1
194.0,5.792711867101795,0.13402061855670103,0.33505154639175255,1
194.0,5.76464196915778,0.10309278350515463,0.35051546391752575,1
194.0,5.808754858459853,0.12371134020618557,0.35051546391752575,1
194.0,5.802804603910352,0.17525773195876287,0.34536082474226804,1
194.0,5.755246918214474,0.15979381443298968,0.27835051546391754,1
194.0,5.808539167841469,0.13917525773195877,0.3556701030927835,1
194.0,5.774234930562841,0.18556701030927836,0.3556701030927835,1
194.0,5.774317468866985,0.18041237113402062,0.36082474226804123,1
26.0,4.209867121904035,0.0,0.15384615384615385,1
26.0,4.363713275750189,0.038461538461538464,0.15384615384615385,1
26.0,4.440636352673266,0.0,0.19230769230769232,1
26.0,4.363713275750189,0.0,0.19230769230769232,1
194.0,5.752719985247086,0.10309278350515463,0.29381443298969073,1
26.0,4.440636352673266,0.038461538461538464,0.15384615384615385,1
194.0,5.749926747651217,0.14948453608247422,0.39690721649484534,1
194.0,5.670030067824578,0.14432989690721648,0.35051546391752575,1
194.0,5.7846773612276,0.14948453608247422,0.3917525773195876,1
194.0,5.800756822458343,0.1134020618556701,0.4020618556701031,1
194.0,5.698380355898638,0.15979381443298968,0.36082474226804123,1
26.0,4.440636352673266,0.038461538461538464,0.19230769230769232,1
26.0,4.363713275750189,0.038461538461538464,0.15384615384615385,1
26.0,4.440636352673266,0.07692307692307693,0.15384615384615385,1
194.0,5.794936025568015,0.10309278350515463,0.3556701030927835,1
194.0,5.788604152868273,0.14948453608247422,0.4020618556701031,1
194.0,5.821710077954582,0.11855670103092783,0.34536082474226804,1
194.0,5.781203425635386,0.15979381443298968,0.36082474226804123,1
194.0,5.834628827576625,0.13402061855670103,0.3917525773195876,1
194.0,5.737489993276037,0.13402061855670103,0.39690721649484534,1
194.0,5.751305131512808,0.15979381443298968,0.35051546391752575,1
194.0,5.829805647321225,0.17010309278350516,0.3917525773195876,1
26.0,4.363713275750189,0.07692307692307693,0.19230769230769232,1
26.0,4.440636352673266,0.07692307692307693,0.19230769230769232,1
26.0,4.363713275750189,0.07692307692307693,0.15384615384615385,1
26.0,4.363713275750189,0.11538461538461539,0.15384615384615385,1
194.0,5.684529598712758,0.12371134020618557,0.38144329896907214,1
26.0,4.440636352673266,0.07692307692307693,0.19230769230769232,1
194.0,5.790580696422067,0.13917525773195877,0.35051546391752575,1
194.0,5.74578710912365,0.18041237113402062,0.28865979381443296,1
194.0,5.724319083162926,0.19072164948453607,0.3402061855670103,1
194.0,5.786905214348885,0.13402061855670103,0.3865979381443299,1
194.0,5.782614584714597,0.17525773195876287,0.38144329896907214,1
26.0,4.440636352673266,0.07692307692307693,0.19230769230769232,1
26.0,4.363713275750189,0.038461538461538464,0.23076923076923078,1
26.0,4.440636352673266,0.038461538461538464,0.23076923076923078,1
194.0,5.69247702070417,0.15979381443298968,0.31443298969072164,1
194.0,5.8388190801142885,0.15979381443298968,0.35051546391752575,1
194.0,5.773504469479976,0.17010309278350516,0.3556701030927835,1
194.0,5.819877987120953,0.14432989690721648,0.36082474226804123,1
194.0,5.759257099082864,0.14432989690721648,0.3402061855670103,1
194.0,5.803269611288309,0.13402061855670103,0.3711340206185567,1
194.0,5.825349090155081,0.14432989690721648,0.37628865979381443,1
194.0,5.758656095659169,0.13917525773195877,0.35051546391752575,1
26.0,4.363713275750189,0.038461538461538464,0.19230769230769232,1
26.0,4.440636352673266,0.07692307692307693,0.19230769230769232,1
26.0,4.363713275750189,0.0,0.23076923076923078,1
26.0,4.363713275750189,0.0,0.23076923076923078,1
194.0,5.792326554296486,0.12371134020618557,0.3711340206185567,1
26.0,4.363713275750189,0.038461538461538464,0.19230769230769232,1
194.0,5.845021495154857,0.12886597938144329,0.36597938144329895,1
194.0,5.704132758622237,0.14948453608247422,0.34536082474226804,1
194.0,5.7259824027332025,0.07216494845360824,0.4072164948453608,1
194.0,5.82167445900547,0.15463917525773196,0.32989690721649484,1
194.0,5.800443598474823,0.16494845360824742,0.4020618556701031,1
26.0,4.363713275750189,0.0,0.2692307692307692,1
26.0,4.209867121904035,0.0,0.19230769230769232,1
26.0,4.363713275750189,0.038461538461538464,0.19230769230769232,1
194.0,5.821242226845133,0.13917525773195877,0.3865979381443299,1
194.0,5.7423974136827285,0.11855670103092783,0.4329896907216495,1
194.0,5.796948188070919,0.15463917525773196,0.3402061855670103,1
194.0,5.670976219525829,0.1134020618556701,0.35051546391752575,1
194.0,5.792207546119659,0.13917525773195877,0.38144329896907214,1
194.0,5.766654982584258,0.14948453608247422,0.33505154639175255,1
194.0,5.696502196633554,0.14948453608247422,0.35051546391752575,1
194.0,5.680340197098673,0.13402061855670103,0.3402061855670103,1
26.0,4.440636352673266,0.0,0.23076923076923078,1
26.0,4.363713275750189,0.0,0.23076923076923078,1
26.0,4.286790198827112,0.0,0.19230769230769232,1
26.0,4.440636352673266,0.038461538461538464,0.19230769230769232,1
194.0,5.793690794020662,0.13402061855670103,0.3402061855670103,1
26.0,4.440636352673266,0.0,0.23076923076923078,1
194.0,5.787153680184886,0.11855670103092783,0.36082474226804123,1
194.0,5.755495384050475,0.13402061855670103,0.3917525773195876,1
194.0,5.7553153123811995,0.12886597938144329,0.41237113402061853,1
194.0,5.7091574853586025,0.13917525773195877,0.3711340206185567,1
194.0,5.770343757871278,0.08762886597938144,0.36082474226804123,1
26.0,4.363713275750189,0.038461538461538464,0.19230769230769232,1
26.0,4.440636352673266,0.0,0.23076923076923078,1
26.0,4.440636352673266,0.0,0.23076923076923078,1
194.0,5.780689506094476,0.15979381443298968,0.38144329896907214,1
194.0,5.837670531008493,0.14432989690721648,0.3556701030927835,1
194.0,5.757374394239133,0.17010309278350516,0.32989690721649484,1
194.0,5.781516649618903,0.14948453608247422,0.41237113402061853,1
194.0,5.78154942483652,0.13402061855670103,0.3711340206185567,1
194.0,5.725132933473508,0.1134020618556701,0.36597938144329895,1
194.0,5.752205214782601,0.16494845360824742,0.37628865979381443,1
194.0,5.785692758019151,0.16494845360824742,0.39690721649484534,1
26.0,4.363713275750189,0.038461538461538464,0.19230769230769232,1
26.0,4.440636352673266,0.07692307692307693,0.19230769230769232,1
26.0,4.440636352673266,0.038461538461538464,0.23076923076923078,1
26.0,4.440636352673266,0.038461538461538464,0.23076923076923078,1
194.0,5.799860433843614,0.10309278350515463,0.37628865979381443,1
26.0,4.440636352673266,0.038461538461538464,0.19230769230769232,1
194.0,5.83073765488506,0.13402061855670103,0.39690721649484534,1
194.0,5.770812459904303,0.12371134020618557,0.39690721649484534,1
194.0,5.792110863678103,0.12371134020618557,0.4175257731958763,1
194.0,5.762547268350735,0.08247422680412371,0.4484536082474227,1
194.0,5.8329157449198235,0.12886597938144329,0.3865979381443299,1
26.0,4.363713275750189,0.0,0.2692307692307692,1
26.0,4.363713275750189,0.0,0.23076923076923078,1
26.0,4.440636352673266,0.038461538461538464,0.23076923076923078,1
194.0,5.7320516654595295,0.07731958762886598,0.4020618556701031,1
194.0,5.768633518945969,0.12886597938144329,0.4072164948453608,1
194.0,5.792661253091696,0.13917525773195877,0.4072164948453608,1
194.0,5.781369353167247,0.13917525773195877,0.36597938144329895,1
194.0,5.763195191129461,0.12371134020618557,0.3917525773195876,1
194.0,5.78288088934308,0.15463917525773196,0.3402061855670103,1
194.0,5.733764748116333,0.1134020618556701,0.35051546391752575,1
194.0,5.749807739474391,0.1134020618556701,0.4072164948453608,1
26.0,4.440636352673266,0.0,0.2692307692307692,1
26.0,4.440636352673266,0.0,0.2692307692307692,1
26.0,4.363713275750189,0.0,0.23076923076923078,1
26.0,4.440636352673266,0.038461538461538464,0.23076923076923078,1
194.0,5.8228727711977895,0.16494845360824742,0.3865979381443299,1
26.0,4.363713275750189,0.0,0.2692307692307692,1
194.0,5.798611507641198,0.12886597938144329,0.4329896907216495,1
194.0,5.734531679071883,0.13402061855670103,0.41237113402061853,1
194.0,5.8182005234132586,0.15979381443298968,0.422680412371134,1
194.0,5.82548224246932,0.12371134020618557,0.4381443298969072,1
194.0,5.781851348414112,0.13402061855670103,0.4072164948453608,1
26.0,4.440636352673266,0.038461538461538464,0.19230769230769232,1
26.0,4.440636352673266,0.0,0.23076923076923078,1
26.0,4.363713275750189,0.0,0.23076923076923078,1
194.0,5.820827833477268,0.18041237113402062,0.36082474226804123,1
194.0,5.861748879164322,0.14432989690721648,0.36597938144329895,1
194.0,5.777597188652507,0.15463917525773196,0.31958762886597936,1
194.0,5.797499428408087,0.14948453608247422,0.4072164948453608,1
194.0,5.754980613585991,0.12886597938144329,0.4329896907216495,1
194.0,5.809737480033791,0.15979381443298968,0.3711340206185567,1
194.0,5.716619276083939,0.1134020618556701,0.4072164948453608,1
194.0,5.809568708770439,0.10824742268041238,0.4020618556701031,1
194.0,5.842627714501712,0.13917525773195877,0.3917525773195876,1
26.0,4.440636352673266,0.038461538461538464,0.19230769230769232,1
26.0,4.363713275750189,0.0,0.23076923076923078,1
26.0,4.440636352673266,0.0,0.23076923076923078,1
26.0,4.286790198827112,0.0,0.19230769230769232,1
26.0,4.363713275750189,0.038461538461538464,0.19230769230769232,1
194.0,5.701220512849543,0.12371134020618557,0.36082474226804123,1
194.0,5.797797657330611,0.12371134020618557,0.38144329896907214,1
194.0,5.701637749948893,0.11855670103092783,0.36597938144329895,1
194.0,5.680720964325337,0.22164948453608246,0.29896907216494845,1
194.0,5.799594129215131,0.13917525773195877,0.3556701030927835,1
26.0,4.440636352673266,0.0,0.23076923076923078,1
26.0,4.286790198827112,0.0,0.19230769230769232,1
26.0,4.440636352673266,0.038461538461538464,0.19230769230769232,1
194.0,5.812178180041967,0.17525773195876287,0.38144329896907214,1
194.0,5.813927732571454,0.0979381443298969,0.39690721649484534,1
194.0,5.712930500796916,0.16494845360824742,0.30927835051546393,1
194.0,5.726712863816073,0.17010309278350516,0.4175257731958763,1
194.0,5.776329631369889,0.14432989690721648,0.32989690721649484,1
194.0,5.732782126542396,0.0979381443298969,0.3711340206185567,1
194.0,5.716352971455456,0.11855670103092783,0.4484536082474227,1
194.0,5.786840456201372,0.11855670103092783,0.39690721649484534,1
194.0,5.70903847718178,0.13917525773195877,0.38144329896907214,1
26.0,4.440636352673266,0.038461538461538464,0.23076923076923078,1
194.0,5.789249231915507,0.13402061855670103,0.3711340206185567,1
26.0,4.440636352673266,0.038461538461538464,0.19230769230769232,1
26.0,4.286790198827112,0.0,0.23076923076923078,1
26.0,4.286790198827112,0.0,0.23076923076923078,1
26.0,4.286790198827112,0.0,0.19230769230769232,1
194.0,5.68350005778379,0.08762886597938144,0.4381443298969072,1
194.0,5.787585912345228,0.15463917525773196,0.3402061855670103,1
194.0,5.738001920009029,0.08762886597938144,0.36597938144329895,1
194.0,5.744671335235475,0.15979381443298968,0.29896907216494845,1
26.0,4.440636352673266,0.038461538461538464,0.19230769230769232,1
26.0,4.363713275750189,0.0,0.23076923076923078,1
26.0,4.440636352673266,0.0,0.23076923076923078,1
194.0,5.790231853489441,0.17010309278350516,0.35051546391752575,1
194.0,5.6937728662616225,0.14948453608247422,0.33505154639175255,1
194.0,5.8267170245343225,0.10824742268041238,0.41237113402061853,1
194.0,5.798528969337054,0.0979381443298969,0.39690721649484534,1
194.0,5.712581657864294,0.10309278350515463,0.3711340206185567,1
194.0,5.806458611171841,0.13917525773195877,0.41237113402061853,1
194.0,5.748145270827686,0.14948453608247422,0.35051546391752575,1
194.0,5.721958077727397,0.11855670103092783,0.41237113402061853,1
26.0,4.257756064128517,0.0,0.19230769230769232,1
26.0,4.334679141051594,0.038461538461538464,0.19230769230769232,1
26.0,4.363713275750189,0.0,0.23076923076923078,1
26.0,4.363713275750189,0.0,0.23076923076923078,1
194.0,5.693772866261621,0.15463917525773196,0.37628865979381443,1
26.0,4.363713275750189,0.038461538461538464,0.19230769230769232,1
194.0,5.801271592922825,0.12886597938144329,0.31958762886597936,1
194.0,5.803021145452313,0.10824742268041238,0.34536082474226804,1
194.0,5.66869860331802,0.15463917525773196,0.3556701030927835,1
194.0,5.761085495261425,0.15979381443298968,0.3402061855670103,1
194.0,5.69864666052712,0.12886597938144329,0.35051546391752575,1
26.0,4.286790198827112,0.0,0.19230769230769232,1
26.0,4.18083298720544,0.0,0.15384615384615385,1
26.0,4.286790198827112,0.038461538461538464,0.15384615384615385,1
194.0,5.7958688840554276,0.09278350515463918,0.34536082474226804,1
194.0,5.751125910767109,0.14948453608247422,0.3556701030927835,1
194.0,5.794972495440701,0.10309278350515463,0.4020618556701031,1
194.0,5.730806433912178,0.14432989690721648,0.32989690721649484,1
194.0,5.755246918214473,0.17525773195876287,0.3865979381443299,1
194.0,5.779324415446727,0.14948453608247422,0.3711340206185567,1
194.0,5.734362056884956,0.1134020618556701,0.31443298969072164,1
194.0,5.810418178030131,0.18041237113402062,0.33505154639175255,1
26.0,4.363713275750189,0.0,0.19230769230769232,1
26.0,4.440636352673266,0.0,0.19230769230769232,1
26.0,4.286790198827112,0.0,0.15384615384615385,1
26.0,4.363713275750189,0.038461538461538464,0.15384615384615385,1
194.0,5.713027183238476,0.13917525773195877,0.37628865979381443,1
26.0,4.363713275750189,0.0,0.19230769230769232,1
194.0,5.81806737109902,0.13402061855670103,0.39690721649484534,1
194.0,5.735294915372372,0.12371134020618557,0.29896907216494845,1
194.0,5.7618309514052815,0.15463917525773196,0.35051546391752575,1
194.0,5.758752778100726,0.14432989690721648,0.3556701030927835,1
194.0,5.791811783832002,0.12371134020618557,0.422680412371134,1
26.0,4.363713275750189,0.038461538461538464,0.15384615384615385,1
26.0,4.440636352673266,0.038461538461538464,0.19230769230769232,1
26.0,4.440636352673266,0.038461538461538464,0.19230769230769232,1
194.0,5.7445887969313345,0.15979381443298968,0.36082474226804123,1
194.0,5.758104855322002,0.1134020618556701,0.3865979381443299,1
194.0,5.801091521253548,0.14948453608247422,0.35051546391752575,1
194.0,5.710953660812668,0.10309278350515463,0.4484536082474227,1
194.0,5.717469596267205,0.15463917525773196,0.32989690721649484,1
194.0,5.841741775369337,0.15979381443298968,0.38144329896907214,1
194.0,5.78308243582405,0.13917525773195877,0.36082474226804123,1
194.0,5.79771511902647,0.14948453608247422,0.3402061855670103,1
26.0,4.286790198827112,0.0,0.15384615384615385,1
26.0,4.440636352673266,0.038461538461538464,0.15384615384615385,1
26.0,4.286790198827112,0.0,0.23076923076923078,1
26.0,4.286790198827112,0.0,0.23076923076923078,1
194.0,5.821029379958241,0.12886597938144329,0.3711340206185567,1
26.0,4.363713275750189,0.038461538461538464,0.19230769230769232,1
194.0,5.783432129680248,0.13917525773195877,0.36597938144329895,1
194.0,5.688560957962384,0.09278350515463918,0.4690721649484536,1
194.0,5.6399525529562995,0.13917525773195877,0.35051546391752575,1
194.0,5.771193227130975,0.13402061855670103,0.3917525773195876,1
194.0,5.756693696242793,0.1134020618556701,0.37628865979381443,1
26.0,4.363713275750189,0.0,0.23076923076923078,1
26.0,4.286790198827112,0.0,0.19230769230769232,1
26.0,4.363713275750189,0.038461538461538464,0.19230769230769232,1
194.0,5.816969436003322,0.14948453608247422,0.39690721649484534,1
194.0,5.81229718821879,0.14432989690721648,0.36082474226804123,1
194.0,5.779623495292828,0.13402061855670103,0.37628865979381443,1
194.0,5.716738284260765,0.12886597938144329,0.33505154639175255,1
194.0,5.797930809644852,0.15979381443298968,0.38144329896907214,1
194.0,5.756561394852123,0.1134020618556701,0.3917525773195876,1
194.0,5.688420771404321,0.15979381443298968,0.4175257731958763,1
194.0,5.740279536216843,0.15463917525773196,0.3711340206185567,1
26.0,4.440636352673266,0.0,0.23076923076923078,1
26.0,4.440636352673266,0.0,0.23076923076923078,1
26.0,4.363713275750189,0.0,0.19230769230769232,1
26.0,4.363713275750189,0.038461538461538464,0.19230769230769232,1
194.0,5.7744975405362595,0.12371134020618557,0.3556701030927835,1
26.0,4.440636352673266,0.0,0.23076923076923078,1
194.0,5.756344853310165,0.12371134020618557,0.36597938144329895,1
194.0,5.848246113987497,0.14432989690721648,0.3402061855670103,1
194.0,5.750754742099215,0.15979381443298968,0.3556701030927835,1
194.0,5.707242856220834,0.10309278350515463,0.3556701030927835,1
194.0,5.772571610992564,0.18041237113402062,0.3917525773195876,1
26.0,4.363713275750189,0.038461538461538464,0.15384615384615385,1
26.0,4.286790198827112,0.0,0.19230769230769232,1
26.0,4.286790198827112,0.0,0.19230769230769232,1
194.0,5.7809877350170025,0.11855670103092783,0.41237113402061853,1
194.0,5.799594129215131,0.12371134020618557,0.39690721649484534,1
194.0,5.8105654744817885,0.14948453608247422,0.4020618556701031,1
194.0,5.704283691093106,0.09278350515463918,0.4381443298969072,1
194.0,5.749292969009905,0.13917525773195877,0.37628865979381443,1
194.0,5.661218181512483,0.15979381443298968,0.33505154639175255,1
194.0,5.700406662538957,0.0979381443298969,0.3247422680412371,1
194.0,5.6967178872519355,0.07216494845360824,0.3865979381443299,1
26.0,4.286790198827112,0.038461538461538464,0.15384615384615385,1
26.0,4.363713275750189,0.07692307692307693,0.15384615384615385,1
26.0,4.363713275750189,0.038461538461538464,0.19230769230769232,1
26.0,4.440636352673266,0.038461538461538464,0.19230769230769232,1
194.0,5.756143306829201,0.13917525773195877,0.38144329896907214,1
26.0,4.440636352673266,0.07692307692307693,0.15384615384615385,1
194.0,5.77528679722708,0.211340206185567,0.34536082474226804,1
194.0,5.831853428773239,0.14948453608247422,0.3556701030927835,1
194.0,5.722904229428649,0.12886597938144329,0.35051546391752575,1
194.0,5.7169042117926265,0.13917525773195877,0.33505154639175255,1
194.0,5.796135188683907,0.13917525773195877,0.36082474226804123,1
26.0,4.440636352673266,0.07692307692307693,0.19230769230769232,1
26.0,4.363713275750189,0.07692307692307693,0.15384615384615385,1
26.0,4.363713275750189,0.11538461538461539,0.15384615384615385,1
194.0,5.728674412308875,0.15463917525773196,0.3711340206185567,1
194.0,5.760286640011829,0.13917525773195877,0.41237113402061853,1
194.0,5.783262507493323,0.11855670103092783,0.38144329896907214,1
194.0,5.752104837685977,0.10824742268041238,0.4639175257731959,1
194.0,5.786772062034644,0.17525773195876287,0.39690721649484534,1
194.0,5.7710742189541415,0.15979381443298968,0.3556701030927835,1
194.0,5.74460294106875,0.13917525773195877,0.37628865979381443,1
194.0,5.797200348561987,0.16494845360824742,0.3917525773195876,1
26.0,4.363713275750189,0.038461538461538464,0.23076923076923078,1
26.0,4.286790198827112,0.038461538461538464,0.23076923076923078,1
26.0,4.363713275750189,0.038461538461538464,0.19230769230769232,1
26.0,4.440636352673266,0.07692307692307693,0.19230769230769232,1
194.0,5.846817116115804,0.15463917525773196,0.33505154639175255,1
26.0,4.286790198827112,0.038461538461538464,0.23076923076923078,1
194.0,5.72297347451895,0.13917525773195877,0.35051546391752575,1
194.0,5.783179969189178,0.12371134020618557,0.422680412371134,1
194.0,5.693341485024851,0.1134020618556701,0.4484536082474227,1
194.0,5.75969978072555,0.14948453608247422,0.37628865979381443,1
194.0,5.838437461964049,0.12886597938144329,0.4175257731958763,1
26.0,4.440636352673266,0.07692307692307693,0.19230769230769232,1
26.0,4.440636352673266,0.038461538461538464,0.23076923076923078,1
26.0,4.363713275750189,0.038461538461538464,0.23076923076923078,1
194.0,5.729956113728913,0.14948453608247422,0.36082474226804123,1
194.0,5.772856546701248,0.13917525773195877,0.3402061855670103,1
194.0,5.6791907970693005,0.1134020618556701,0.42783505154639173,1
194.0,5.7790581108182435,0.12886597938144329,0.4020618556701031,1
194.0,5.717635523799066,0.12371134020618557,0.37628865979381443,1
194.0,5.744394284694183,0.14432989690721648,0.3865979381443299,1
194.0,5.774069003030987,0.13917525773195877,0.37628865979381443,1
194.0,5.672124768631624,0.12371134020618557,0.35051546391752575,1
26.0,4.363713275750189,0.0,0.19230769230769232,1
26.0,4.440636352673266,0.038461538461538464,0.19230769230769232,1
26.0,4.286790198827112,0.0,0.2692307692307692,1
26.0,4.286790198827112,0.0,0.2692307692307692,1
194.0,5.811714023587583,0.12371134020618557,0.37628865979381443,1
26.0,4.363713275750189,0.038461538461538464,0.19230769230769232,1
194.0,5.662629340591689,0.12371134020618557,0.30927835051546393,1
194.0,5.75207206246836,0.0979381443298969,0.38144329896907214,1
194.0,5.699161430991606,0.10824742268041238,0.39690721649484534,1
194.0,5.817566744771952,0.13917525773195877,0.3556701030927835,1
194.0,5.800076124461999,0.15463917525773196,0.33505154639175255,1
26.0,4.286790198827112,0.0,0.23076923076923078,1
26.0,4.286790198827112,0.0,0.19230769230769232,1
26.0,4.440636352673266,0.038461538461538464,0.19230769230769232,1
194.0,5.802635832647001,0.12371134020618557,0.39690721649484534,1
194.0,5.751438283827051,0.13917525773195877,0.36597938144329895,1
194.0,5.788136301758822,0.16494845360824742,0.38144329896907214,1
194.0,5.757460627198344,0.0979381443298969,0.3711340206185567,1
194.0,5.752871768641529,0.20618556701030927,0.32989690721649484,1
194.0,5.696133871697149,0.09278350515463918,0.422680412371134,1
194.0,5.771790535899598,0.14432989690721648,0.36082474226804123,1
194.0,5.770329613733864,0.14432989690721648,0.32989690721649484,1
26.0,4.363713275750189,0.0,0.23076923076923078,1
26.0,4.363713275750189,0.0,0.23076923076923078,1
26.0,4.363713275750189,0.0,0.19230769230769232,1
26.0,4.440636352673266,0.038461538461538464,0.19230769230769232,1
194.0,5.711648799376884,0.12371134020618557,0.35051546391752575,1
26.0,4.286790198827112,0.0,0.23076923076923078,1
194.0,5.670893681221685,0.1134020618556701,0.37628865979381443,1
194.0,5.693988556880005,0.14432989690721648,0.36597938144329895,1
194.0,5.729009962027656,0.14948453608247422,0.34536082474226804,1
194.0,5.759304018437895,0.12371134020618557,0.4175257731958763,1
194.0,5.775285946303505,0.14432989690721648,0.422680412371134,1
26.0,4.440636352673266,0.07692307692307693,0.19230769230769232,1
26.0,4.363713275750189,0.038461538461538464,0.23076923076923078,1
26.0,4.363713275750189,0.038461538461538464,0.23076923076923078,1
194.0,5.816202505047772,0.17525773195876287,0.3917525773195876,1
194.0,5.7436924083166065,0.13402061855670103,0.36597938144329895,1
194.0,5.820212685916164,0.1134020618556701,0.35051546391752575,1
194.0,5.779241877142584,0.14432989690721648,0.35051546391752575,1
194.0,5.866636817567239,0.13402061855670103,0.422680412371134,1
194.0,5.732183966850196,0.0979381443298969,0.37628865979381443,1
194.0,5.8108860291395805,0.18041237113402062,0.3865979381443299,1
194.0,5.816321513224597,0.16494845360824742,0.38144329896907214,1
194.0,5.750455662253116,0.12886597938144329,0.38144329896907214,1
26.0,4.440636352673266,0.038461538461538464,0.23076923076923078,1
26.0,4.440636352673266,0.0,0.2692307692307692,1
26.0,4.440636352673266,0.0,0.2692307692307692,1
26.0,4.286790198827112,0.0,0.23076923076923078,1
194.0,5.727213490143138,0.13917525773195877,0.37628865979381443,1
26.0,4.363713275750189,0.0,0.2692307692307692,1
194.0,5.755927616210814,0.14432989690721648,0.32989690721649484,1
194.0,5.806274844847501,0.16494845360824742,0.3917525773195876,1
194.0,5.697965962530778,0.15979381443298968,0.33505154639175255,1
194.0,5.830306273648296,0.12886597938144329,0.44329896907216493,1
194.0,5.717767825189734,0.13402061855670103,0.3865979381443299,1
26.0,4.363713275750189,0.0,0.23076923076923078,1
26.0,4.440636352673266,0.038461538461538464,0.23076923076923078,1
26.0,4.440636352673266,0.0,0.2692307692307692,1
194.0,5.693042405178753,0.15463917525773196,0.37628865979381443,1
194.0,5.7346142173760235,0.13402061855670103,0.3402061855670103,1
194.0,5.780534028044968,0.12371134020618557,0.39690721649484534,1
194.0,5.81896745436881,0.15979381443298968,0.4072164948453608,1
194.0,5.768032515522275,0.14948453608247422,0.3402061855670103,1
194.0,5.845802570247823,0.13917525773195877,0.3865979381443299,1
194.0,5.804215762989564,0.15979381443298968,0.3556701030927835,1
26.0,4.440636352673266,0.0,0.2692307692307692,1
26.0,4.363713275750189,0.0,0.2692307692307692,1
26.0,4.286790198827112,0.0,0.19230769230769232,1
26.0,4.440636352673266,0.038461538461538464,0.19230769230769232,1
194.0,5.750791211971897,0.12371134020618557,0.3402061855670103,1
26.0,4.363713275750189,0.0,0.23076923076923078,1
194.0,5.618051443911661,0.12371134020618557,0.35051546391752575,1
194.0,5.702369061955336,0.15463917525773196,0.3247422680412371,1
194.0,5.722821691124508,0.16494845360824742,0.3711340206185567,1
194.0,5.81174964253669,0.0979381443298969,0.41237113402061853,1
194.0,5.728210255854489,0.12371134020618557,0.36597938144329895,1
26.0,4.440636352673266,0.038461538461538464,0.19230769230769232,1
26.0,4.440636352673266,0.0,0.23076923076923078,1
26.0,4.363713275750189,0.0,0.23076923076923078,1
194.0,5.760584868934355,0.11855670103092783,0.3917525773195876,1
194.0,5.676829791633771,0.12886597938144329,0.422680412371134,1
194.0,5.743821865975782,0.10309278350515463,0.422680412371134,1
194.0,5.83694006992563,0.14948453608247422,0.33505154639175255,1
194.0,5.7673020544394085,0.13917525773195877,0.29896907216494845,1
194.0,5.744588796931334,0.15463917525773196,0.4381443298969072,1
194.0,5.754048606022153,0.17010309278350516,0.33505154639175255,1
194.0,5.785177987554669,0.12886597938144329,0.3917525773195876,1
26.0,4.363713275750189,0.0,0.19230769230769232,1
26.0,4.440636352673266,0.038461538461538464,0.19230769230769232,1
26.0,4.440636352673266,0.0,0.23076923076923078,1
26.0,4.440636352673266,0.0,0.23076923076923078,1
194.0,5.737307077875269,0.10824742268041238,0.34536082474226804,1
26.0,4.440636352673266,0.038461538461538464,0.19230769230769232,1
194.0,5.685594758590837,0.08762886597938144,0.41237113402061853,1
194.0,5.789368240092333,0.13402061855670103,0.33505154639175255,1
194.0,5.791930792008829,0.16494845360824742,0.32989690721649484,1
194.0,5.789932773643341,0.17010309278350516,0.37628865979381443,1
194.0,5.774450621181225,0.13402061855670103,0.34536082474226804,1
26.0,4.363713275750189,0.038461538461538464,0.23076923076923078,1
26.0,4.363713275750189,0.038461538461538464,0.19230769230769232,1
26.0,4.440636352673266,0.07692307692307693,0.19230769230769232,1
194.0,5.74852973270942,0.13402061855670103,0.42783505154639173,1
194.0,5.726915261220615,0.12886597938144329,0.36597938144329895,1
194.0,5.754299915589648,0.14432989690721648,0.30927835051546393,1
194.0,5.7496276678051155,0.14432989690721648,0.4072164948453608,1
194.0,5.786423219102019,0.08762886597938144,0.37628865979381443,1
194.0,5.63738915011623,0.14432989690721648,0.32989690721649484,1
194.0,5.794720334949632,0.11855670103092783,0.36082474226804123,1
194.0,5.6982986685180705,0.17010309278350516,0.31958762886597936,1
26.0,4.363713275750189,0.0,0.19230769230769232,1
26.0,4.363713275750189,0.0,0.19230769230769232,1
26.0,4.209867121904035,0.0,0.15384615384615385,1
26.0,4.363713275750189,0.038461538461538464,0.15384615384615385,1
194.0,5.683417519479647,0.1134020618556701,0.3402061855670103,1
26.0,4.363713275750189,0.0,0.19230769230769232,1
194.0,5.805796544255702,0.12371134020618557,0.37628865979381443,1
194.0,5.823240245210617,0.12371134020618557,0.4175257731958763,1
194.0,5.7668342033299576,0.12371134020618557,0.37628865979381443,1
194.0,5.769529907560694,0.09278350515463918,0.3917525773195876,1
194.0,5.829971574853084,0.15463917525773196,0.38144329896907214,1
26.0,4.286790198827112,0.038461538461538464,0.15384615384615385,1
26.0,4.257756064128517,0.0,0.19230769230769232,1
26.0,4.257756064128517,0.0,0.19230769230769232,1
194.0,5.655397384622157,0.15463917525773196,0.36597938144329895,1
194.0,5.769947995583621,0.13917525773195877,0.41237113402061853,1
194.0,5.737356840961797,0.12371134020618557,0.38144329896907214,1
194.0,5.775814860905401,0.14948453608247422,0.3865979381443299,1
194.0,5.766668275798097,0.12886597938144329,0.3865979381443299,1
194.0,5.661682337966866,0.14432989690721648,0.3556701030927835,1
194.0,5.757291855934992,0.08247422680412371,0.4381443298969072,1
194.0,5.788302229290679,0.0979381443298969,0.422680412371134,1
26.0,4.103909910282363,0.0,0.11538461538461539,1
26.0,4.286790198827112,0.038461538461538464,0.11538461538461539,1
26.0,4.286790198827112,0.0,0.15384615384615385,1
26.0,4.209867121904035,0.0,0.15384615384615385,1
194.0,5.792758786456829,0.12886597938144329,0.38144329896907214,1
26.0,4.209867121904035,0.038461538461538464,0.11538461538461539,1
194.0,5.777744485104167,0.14948453608247422,0.30412371134020616,1
194.0,5.714258270648413,0.11855670103092783,0.36597938144329895,1
194.0,5.823769159812517,0.14432989690721648,0.35051546391752575,1
194.0,5.770462766048102,0.15979381443298968,0.31958762886597936,1
194.0,5.692394482400029,0.12886597938144329,0.3556701030927835,1
26.0,4.286790198827112,0.0,0.15384615384615385,1
26.0,4.209867121904035,0.0,0.11538461538461539,1
26.0,4.363713275750189,0.038461538461538464,0.11538461538461539,1
194.0,5.827876023122468,0.10824742268041238,0.3711340206185567,1
194.0,5.7471513488478285,0.12371134020618557,0.3556701030927835,1
194.0,5.841993935860401,0.14432989690721648,0.4072164948453608,1
194.0,5.67451854928477,0.16494845360824742,0.30412371134020616,1
194.0,5.803784381752793,0.15979381443298968,0.42783505154639173,1
194.0,5.805497464409599,0.11855670103092783,0.3556701030927835,1
194.0,5.81075287682534,0.12371134020618557,0.3556701030927835,1
194.0,5.825781322315418,0.15979381443298968,0.37628865979381443,1
26.0,4.286790198827112,0.0,0.15384615384615385,1
26.0,4.286790198827112,0.0,0.15384615384615385,1
26.0,4.132944044980959,0.0,0.11538461538461539,1
26.0,4.286790198827112,0.038461538461538464,0.11538461538461539,1
194.0,5.803269611288313,0.13402061855670103,0.3247422680412371,1
26.0,4.363713275750189,0.038461538461538464,0.15384615384615385,1
194.0,5.688517453845881,0.13917525773195877,0.29896907216494845,1
194.0,5.756248170868607,0.12371134020618557,0.37628865979381443,1
194.0,5.86911313652453,0.16494845360824742,0.38144329896907214,1
194.0,5.823888167989344,0.11855670103092783,0.4639175257731959,1
194.0,5.770163686202003,0.18041237113402062,0.3402061855670103,1
26.0,4.286790198827112,0.07692307692307693,0.11538461538461539,1
26.0,4.363713275750189,0.038461538461538464,0.15384615384615385,1
26.0,4.363713275750189,0.038461538461538464,0.15384615384615385,1
194.0,5.781204276558961,0.1958762886597938,0.3402061855670103,1
194.0,5.712713959254959,0.15463917525773196,0.35051546391752575,1
194.0,5.763277729433605,0.13917525773195877,0.3402061855670103,1
194.0,5.758871786277552,0.13917525773195877,0.36082474226804123,1
194.0,5.775084399822537,0.13917525773195877,0.39690721649484534,1
194.0,5.788636928085892,0.15979381443298968,0.3711340206185567,1
194.0,5.788100682809713,0.14948453608247422,0.33505154639175255,1
194.0,5.763961271161435,0.15463917525773196,0.37628865979381443,1
26.0,4.209867121904035,0.0,0.15384615384615385,1
26.0,4.363713275750189,0.038461538461538464,0.15384615384615385,1
26.0,4.286790198827112,0.0,0.19230769230769232,1
26.0,4.363713275750189,0.0,0.19230769230769232,1
194.0,5.809053938305952,0.1134020618556701,0.37628865979381443,1
26.0,4.363713275750189,0.038461538461538464,0.15384615384615385,1
194.0,5.795055033744841,0.17010309278350516,0.3865979381443299,1
194.0,5.706930483160893,0.13402061855670103,0.39690721649484534,1
194.0,5.705064766186072,0.08762886597938144,0.32989690721649484,1
194.0,5.7883022292906805,0.14948453608247422,0.37628865979381443,1
194.0,5.773935850716739,0.1134020618556701,0.3711340206185567,1
26.0,4.440636352673266,0.0,0.19230769230769232,1
26.0,4.363713275750189,0.0,0.15384615384615385,1
26.0,4.440636352673266,0.038461538461538464,0.15384615384615385,1
194.0,5.718282595654219,0.1958762886597938,0.36597938144329895,1
194.0,5.739668083310801,0.11855670103092783,0.39690721649484534,1
194.0,5.755628536364714,0.14432989690721648,0.35051546391752575,1
194.0,5.789284850864615,0.11855670103092783,0.4072164948453608,1
194.0,5.801008982949409,0.13402061855670103,0.33505154639175255,1
194.0,5.722007840813923,0.16494845360824742,0.36597938144329895,1
194.0,5.829373415160885,0.14948453608247422,0.4381443298969072,1
194.0,5.77559917028702,0.15463917525773196,0.3917525773195876,1
26.0,4.440636352673266,0.0,0.15384615384615385,1
26.0,4.363713275750189,0.0,0.15384615384615385,1
26.0,4.257756064128517,0.0,0.11538461538461539,1
26.0,4.363713275750189,0.038461538461538464,0.11538461538461539,1
194.0,5.75143828382705,0.09278350515463918,0.39690721649484534,1
26.0,4.286790198827112,0.0,0.15384615384615385,1
194.0,5.825648170001179,0.13917525773195877,0.33505154639175255,1
194.0,5.8294568043886015,0.13917525773195877,0.3711340206185567,1
194.0,5.759735399674661,0.13917525773195877,0.3247422680412371,1
194.0,5.834942051560138,0.11855670103092783,0.39690721649484534,1
194.0,5.745736495113549,0.12371134020618557,0.31958762886597936,1
26.0,4.440636352673266,0.038461538461538464,0.11538461538461539,1
26.0,4.363713275750189,0.038461538461538464,0.15384615384615385,1
26.0,4.440636352673266,0.038461538461538464,0.15384615384615385,1
194.0,5.841645092927777,0.13402061855670103,0.3865979381443299,1
194.0,5.771326379445215,0.12886597938144329,0.37628865979381443,1
194.0,5.745654807732984,0.12371134020618557,0.36082474226804123,1
194.0,5.772355920374182,0.12371134020618557,0.4072164948453608,1
194.0,5.833912510631175,0.13917525773195877,0.3917525773195876,1
194.0,5.852170061896677,0.17010309278350516,0.3711340206185567,1
194.0,5.6781106421302345,0.13402061855670103,0.3247422680412371,1
194.0,5.710917487370441,0.14432989690721648,0.33505154639175255,1
26.0,4.286790198827112,0.038461538461538464,0.11538461538461539,1
26.0,4.440636352673266,0.07692307692307693,0.11538461538461539,1
26.0,4.440636352673266,0.07692307692307693,0.15384615384615385,1
26.0,4.440636352673266,0.07692307692307693,0.15384615384615385,1
194.0,5.813279809792727,0.17525773195876287,0.3402061855670103,1
26.0,4.363713275750189,0.11538461538461539,0.11538461538461539,1
194.0,5.832318436151197,0.15979381443298968,0.35051546391752575,1
194.0,5.739286465160559,0.14948453608247422,0.38144329896907214,1
194.0,5.676732258268641,0.13402061855670103,0.36082474226804123,1
194.0,5.816404051528742,0.13402061855670103,0.4072164948453608,1
194.0,5.724485010694786,0.17010309278350516,0.36082474226804123,1
26.0,4.440636352673266,0.07692307692307693,0.15384615384615385,1
26.0,4.286790198827112,0.038461538461538464,0.11538461538461539,1
26.0,4.440636352673266,0.07692307692307693,0.11538461538461539,1
194.0,5.749711057032832,0.14432989690721648,0.39690721649484534,1
194.0,5.7870711418807455,0.12886597938144329,0.3711340206185567,1
194.0,5.725551021496436,0.14948453608247422,0.3402061855670103,1
194.0,5.830007193802194,0.10309278350515463,0.4329896907216495,1
194.0,5.816069352733529,0.16494845360824742,0.3711340206185567,1
194.0,5.852303214210918,0.15463917525773196,0.3917525773195876,1
194.0,5.720280614019706,0.12886597938144329,0.36597938144329895,1
194.0,5.82608040216152,0.13402061855670103,0.35051546391752575,1
26.0,4.363713275750189,0.038461538461538464,0.19230769230769232,1
26.0,4.440636352673266,0.038461538461538464,0.19230769230769232,1
26.0,4.363713275750189,0.038461538461538464,0.15384615384615385,1
26.0,4.440636352673266,0.07692307692307693,0.15384615384615385,1
194.0,5.770343757871277,0.13402061855670103,0.422680412371134,1
26.0,4.440636352673266,0.038461538461538464,0.19230769230769232,1
194.0,5.722159624208367,0.08762886597938144,0.3865979381443299,1
194.0,5.812646031151417,0.12886597938144329,0.3865979381443299,1
194.0,5.831385577663787,0.12371134020618557,0.4381443298969072,1
194.0,5.7607872663389,0.14948453608247422,0.32989690721649484,1
194.0,5.796685578097503,0.13402061855670103,0.3402061855670103,1
26.0,4.363713275750189,0.038461538461538464,0.15384615384615385,1
26.0,4.440636352673266,0.0,0.19230769230769232,1
26.0,4.440636352673266,0.0,0.19230769230769232,1
194.0,5.690216392365267,0.16494845360824742,0.36082474226804123,1
194.0,5.742576634428431,0.1134020618556701,0.3556701030927835,1
194.0,5.732616199010539,0.15979381443298968,0.3711340206185567,1
194.0,5.671909078013239,0.11855670103092783,0.37628865979381443,1
194.0,5.843225023270341,0.12371134020618557,0.38144329896907214,1
194.0,5.7696274409258255,0.14432989690721648,0.36597938144329895,1
194.0,5.779789422824685,0.20103092783505155,0.36082474226804123,1
194.0,5.812214649914649,0.14948453608247422,0.39690721649484534,1
26.0,4.18083298720544,0.0,0.15384615384615385,1
26.0,4.286790198827112,0.038461538461538464,0.15384615384615385,1
26.0,4.363713275750189,0.0,0.19230769230769232,1
26.0,4.363713275750189,0.0,0.19230769230769232,1
194.0,5.730654650517737,0.12371134020618557,0.36082474226804123,1
26.0,4.440636352673266,0.038461538461538464,0.15384615384615385,1
194.0,5.694838877063276,0.14948453608247422,0.36597938144329895,1
194.0,5.78797122515054,0.18041237113402062,0.35051546391752575,1
194.0,5.792625634142587,0.14948453608247422,0.31958762886597936,1
194.0,5.865221963832963,0.14948453608247422,0.4020618556701031,1
194.0,5.759423026614723,0.10824742268041238,0.42783505154639173,1
26.0,4.440636352673266,0.0,0.19230769230769232,1
26.0,4.286790198827112,0.0,0.15384615384615385,1
26.0,4.363713275750189,0.038461538461538464,0.15384615384615385,1
194.0,5.75323475571157,0.10824742268041238,0.3711340206185567,1
194.0,5.778126103254408,0.11855670103092783,0.3711340206185567,1
194.0,5.775948013219643,0.17525773195876287,0.34536082474226804,1
194.0,5.7109183382940145,0.15979381443298968,0.29381443298969073,1
194.0,5.723657016246785,0.08762886597938144,0.35051546391752575,1
194.0,5.849790425380944,0.10309278350515463,0.4020618556701031,1
194.0,5.736194998642162,0.1134020618556701,0.3917525773195876,1
194.0,5.767183046262583,0.14948453608247422,0.38144329896907214,1
26.0,4.363713275750189,0.038461538461538464,0.19230769230769232,1
26.0,4.363713275750189,0.038461538461538464,0.19230769230769232,1
26.0,4.286790198827112,0.038461538461538464,0.15384615384615385,1
26.0,4.363713275750189,0.07692307692307693,0.15384615384615385,1
194.0,5.752453680618603,0.15979381443298968,0.37628865979381443,1
26.0,4.440636352673266,0.038461538461538464,0.19230769230769232,1
194.0,5.794590877290456,0.17525773195876287,0.30927835051546393,1
194.0,5.707591699153459,0.11855670103092783,0.36597938144329895,1
194.0,5.78625729157016,0.14948453608247422,0.33505154639175255,1
194.0,5.812945110997516,0.15979381443298968,0.3711340206185567,1
194.0,5.751604211358909,0.11855670103092783,0.3865979381443299,1
26.0,4.440636352673266,0.038461538461538464,0.15384615384615385,1
26.0,4.286790198827112,0.0,0.23076923076923078,1
26.0,4.286790198827112,0.0,0.23076923076923078,1
194.0,5.681703585899274,0.1134020618556701,0.44329896907216493,1
194.0,5.7293223350876,0.11855670103092783,0.4484536082474227,1
194.0,5.7037689206286215,0.11855670103092783,0.38144329896907214,1
194.0,5.798863668132263,0.11855670103092783,0.39690721649484534,1
194.0,5.789633693797241,0.14948453608247422,0.4072164948453608,1
194.0,5.799594129215131,0.16494845360824742,0.32989690721649484,1
194.0,5.7564921497618275,0.12886597938144329,0.36597938144329895,1
194.0,5.802516824470176,0.12371134020618557,0.36597938144329895,1
26.0,4.286790198827112,0.0,0.19230769230769232,1
26.0,4.363713275750189,0.038461538461538464,0.19230769230769232,1
26.0,4.363713275750189,0.0,0.23076923076923078,1
26.0,4.286790198827112,0.0,0.23076923076923078,1
194.0,5.862828183179817,0.11855670103092783,0.3556701030927835,1
26.0,4.363713275750189,0.038461538461538464,0.19230769230769232,1
194.0,5.671023138880861,0.12886597938144329,0.39690721649484534,1
194.0,5.749426121324146,0.0979381443298969,0.4845360824742268,1
194.0,5.775948013219646,0.15979381443298968,0.32989690721649484,1
194.0,5.782866745205664,0.13917525773195877,0.4175257731958763,1
194.0,5.806145387188328,0.13402061855670103,0.3917525773195876,1
26.0,4.363713275750189,0.0,0.23076923076923078,1
26.0,4.286790198827112,0.0,0.19230769230769232,1
26.0,4.363713275750189,0.038461538461538464,0.19230769230769232,1
194.0,5.844387716513548,0.17010309278350516,0.3917525773195876,1
194.0,5.763277729433603,0.13917525773195877,0.4020618556701031,1
194.0,5.740794306681322,0.15463917525773196,0.3865979381443299,1
194.0,5.7695299075606945,0.10309278350515463,0.4175257731958763,1
194.0,5.747068810543686,0.1134020618556701,0.44329896907216493,1
194.0,5.709517628697151,0.08247422680412371,0.41237113402061853,1
194.0,5.766535123483855,0.13402061855670103,0.38144329896907214,1
194.0,5.760883948780457,0.10824742268041238,0.41237113402061853,1
26.0,4.286790198827112,0.0,0.19230769230769232,1
26.0,4.286790198827112,0.0,0.19230769230769232,1
26.0,4.209867121904035,0.0,0.15384615384615385,1
26.0,4.363713275750189,0.038461538461538464,0.15384615384615385,1
194.0,5.744804487549716,0.13402061855670103,0.3865979381443299,1
26.0,4.286790198827112,0.0,0.19230769230769232,1
194.0,5.743008015665197,0.13402061855670103,0.4020618556701031,1
194.0,5.771693853458038,0.14432989690721648,0.3247422680412371,1
194.0,5.748994740087378,0.14948453608247422,0.32989690721649484,1
194.0,5.831422047536474,0.12371134020618557,0.3556701030927835,1
194.0,5.722159624208364,0.12886597938144329,0.30927835051546393,1
26.0,4.286790198827112,0.038461538461538464,0.15384615384615385,1
26.0,4.286790198827112,0.0,0.19230769230769232,1
26.0,4.363713275750189,0.0,0.19230769230769232,1
194.0,5.760451716620114,0.1134020618556701,0.3711340206185567,1
194.0,5.836806917611388,0.16494845360824742,0.3247422680412371,1
194.0,5.8566266190628244,0.10824742268041238,0.3917525773195876,1
194.0,5.728807564623115,0.14948453608247422,0.3917525773195876,1
194.0,5.787801602963613,0.10824742268041238,0.36082474226804123,1
194.0,5.829110805187468,0.14948453608247422,0.35051546391752575,1
194.0,5.6844931288400735,0.10309278350515463,0.3556701030927835,1
194.0,5.716021967315312,0.14948453608247422,0.37628865979381443,1
26.0,4.286790198827112,0.038461538461538464,0.15384615384615385,1
26.0,4.363713275750189,0.07692307692307693,0.15384615384615385,1
26.0,4.363713275750189,0.038461538461538464,0.19230769230769232,1
26.0,4.286790198827112,0.038461538461538464,0.19230769230769232,1
194.0,5.731104662834704,0.09278350515463918,0.422680412371134,1
26.0,4.363713275750189,0.07692307692307693,0.15384615384615385,1
194.0,5.695270258300041,0.15463917525773196,0.36082474226804123,1
194.0,5.748346817308656,0.12371134020618557,0.35051546391752575,1
194.0,5.7929603329377946,0.11855670103092783,0.35051546391752575,1
194.0,5.772007077441557,0.13402061855670103,0.36597938144329895,1
194.0,5.750790361048327,0.14432989690721648,0.36597938144329895,1
26.0,4.18083298720544,0.0,0.19230769230769232,1
26.0,4.18083298720544,0.0,0.15384615384615385,1
26.0,4.257756064128516,0.038461538461538464,0.15384615384615385,1
194.0,5.790663234726208,0.13402061855670103,0.3865979381443299,1
194.0,5.713013039101062,0.14948453608247422,0.34536082474226804,1
194.0,5.620243678083834,0.1134020618556701,0.3556701030927835,1
194.0,5.776113940751504,0.13917525773195877,0.3556701030927835,1
194.0,5.770462766048104,0.11855670103092783,0.4175257731958763,1
194.0,5.741294933008392,0.15463917525773196,0.36597938144329895,1
194.0,5.7022715285902015,0.17010309278350516,0.31958762886597936,1
194.0,5.810119098184032,0.12886597938144329,0.3865979381443299,1
26.0,4.257756064128517,0.0,0.19230769230769232,1
26.0,4.257756064128517,0.0,0.19230769230769232,1
26.0,4.18083298720544,0.0,0.15384615384615385,1
26.0,4.257756064128517,0.038461538461538464,0.15384615384615385,1
26.0,4.209867121904035,0.0,0.19230769230769232,1
194.0,5.776113940751505,0.13917525773195877,0.3865979381443299,1
194.0,5.7076609442437585,0.10309278350515463,0.32989690721649484,1
194.0,5.7164861237696964,0.12886597938144329,0.34536082474226804,1
194.0,5.80640799716174,0.16494845360824742,0.30412371134020616,1
194.0,5.775217552136777,0.12371134020618557,0.39690721649484534,1
194.0,5.81582088689753,0.14432989690721648,0.30927835051546393,1
26.0,4.257756064128517,0.038461538461538464,0.15384615384615385,1
26.0,4.257756064128517,0.0,0.19230769230769232,1
26.0,4.257756064128517,0.0,0.19230769230769232,1
194.0,5.704283691093106,0.17525773195876287,0.4536082474226804,1
194.0,5.724653781958134,0.1134020618556701,0.37628865979381443,1
194.0,5.760585719857929,0.0979381443298969,0.4484536082474227,1
194.0,5.732015195586846,0.12371134020618557,0.34536082474226804,1
194.0,5.763612428228811,0.14948453608247422,0.31958762886597936,1
194.0,5.798395817022811,0.17525773195876287,0.32989690721649484,1
194.0,5.825147543674112,0.13917525773195877,0.38144329896907214,1
194.0,5.757259080717375,0.13917525773195877,0.32989690721649484,1
26.0,4.074875775583768,0.0,0.11538461538461539,1
26.0,4.257756064128517,0.038461538461538464,0.11538461538461539,1
26.0,4.334679141051594,0.0,0.15384615384615385,1
26.0,4.257756064128517,0.0,0.15384615384615385,1
194.0,5.80704177580305,0.12886597938144329,0.36597938144329895,1
26.0,4.334679141051594,0.038461538461538464,0.11538461538461539,1
194.0,5.719110590102218,0.10824742268041238,0.37628865979381443,1
194.0,5.715673124382688,0.13917525773195877,0.33505154639175255,1
194.0,5.805879082559841,0.14948453608247422,0.33505154639175255,1
194.0,5.80516276561439,0.10824742268041238,0.3556701030927835,1
194.0,5.715323430526487,0.21649484536082475,0.3402061855670103,1
26.0,4.257756064128517,0.0,0.15384615384615385,1
26.0,4.18083298720544,0.0,0.11538461538461539,1
26.0,4.257756064128517,0.038461538461538464,0.11538461538461539,1
194.0,5.809053938305955,0.13402061855670103,0.3917525773195876,1
194.0,5.75627645914344,0.18041237113402062,0.31443298969072164,1
194.0,5.8280775696034315,0.12371134020618557,0.3917525773195876,1
194.0,5.734830758917981,0.13402061855670103,0.36082474226804123,1
194.0,5.791329788585136,0.16494845360824742,0.31958762886597936,1
194.0,5.683596740225347,0.13917525773195877,0.31958762886597936,1
194.0,5.822105840242242,0.15463917525773196,0.3402061855670103,1
194.0,5.754332690807263,0.11855670103092783,0.34536082474226804,1
26.0,4.257756064128517,0.038461538461538464,0.15384615384615385,1
26.0,4.257756064128517,0.038461538461538464,0.15384615384615385,1
26.0,4.151798852506845,0.038461538461538464,0.11538461538461539,1
26.0,4.257756064128517,0.07692307692307693,0.11538461538461539,1
194.0,5.720510448775505,0.11855670103092783,0.41237113402061853,1
26.0,4.334679141051594,0.038461538461538464,0.15384615384615385,1
194.0,5.781300959000518,0.14432989690721648,0.36597938144329895,1
194.0,5.86470719336848,0.12886597938144329,0.36597938144329895,1
194.0,5.786505757406164,0.15463917525773196,0.39690721649484534,1
194.0,5.785311139868907,0.14432989690721648,0.3247422680412371,1
194.0,5.6592885573137215,0.08762886597938144,0.4381443298969072,1
26.0,4.286790198827112,0.038461538461538464,0.15384615384615385,1
26.0,4.286790198827112,0.0,0.19230769230769232,1
26.0,4.286790198827112,0.0,0.19230769230769232,1
194.0,5.714211351293378,0.12886597938144329,0.34536082474226804,1
194.0,5.761197172763971,0.16494845360824742,0.34536082474226804,1
194.0,5.745953036655508,0.18556701030927836,0.3247422680412371,1
194.0,5.8037018434486525,0.14432989690721648,0.3711340206185567,1
194.0,5.822955309501937,0.1134020618556701,0.3917525773195876,1
194.0,5.76989738157352,0.12886597938144329,0.3865979381443299,1
194.0,5.772175848704908,0.12886597938144329,0.38144329896907214,1
194.0,5.825982868796391,0.13917525773195877,0.39690721649484534,1
26.0,4.286790198827112,0.0,0.15384615384615385,1
26.0,4.363713275750189,0.038461538461538464,0.15384615384615385,1
26.0,4.363713275750189,0.0,0.19230769230769232,1
26.0,4.363713275750189,0.0,0.19230769230769232,1
27.0,3.926571651178274,0.18518518518518517,0.0,1
30.0,3.7851744471284112,0.16666666666666666,0.0,1
29.0,3.6209360647507722,0.20689655172413793,0.0,1
28.0,3.8693312611115185,0.17857142857142858,0.0,1
244.0,5.559247361150595,0.1557377049180328,0.4385245901639344,1
244.0,5.420123141058387,0.13114754098360656,0.36475409836065575,1
244.0,5.574603359929652,0.14344262295081966,0.39344262295081966,1
244.0,5.487311891578714,0.1557377049180328,0.38114754098360654,1
243.0,5.463131728988748,0.16872427983539096,0.345679012345679,1
244.0,5.422623668339248,0.13524590163934427,0.3729508196721312,1
244.0,5.425408163233305,0.16393442622950818,0.3360655737704918,1
244.0,5.352473444822427,0.1762295081967213,0.3401639344262295,1
244.0,5.373006546679397,0.14344262295081966,0.4139344262295082,1
244.0,5.517001015279704,0.13934426229508196,0.4139344262295082,1
244.0,5.327414792510061,0.16393442622950818,0.36065573770491804,1
244.0,5.340730610295758,0.16393442622950818,0.3524590163934426,1
202.0,4.944823103211415,0.10891089108910891,0.41089108910891087,1
31.0,3.868664553793222,0.1935483870967742,0.0,1
28.0,3.8693312611115185,0.17857142857142858,0.0,1
30.0,3.893344863722962,0.2,0.0,1
31.0,3.908829473078271,0.22580645161290322,0.0,1
31.0,3.973345602110529,0.22580645161290322,0.0,1
31.0,3.819962134298805,0.22580645161290322,0.0,1
31.0,3.868664553793222,0.1935483870967742,0.0,1
29.0,3.9523029776623866,0.20689655172413793,0.0,1
97.0,4.6852021151112515,0.14432989690721648,0.38144329896907214,1
31.0,3.868664553793222,0.1935483870967742,0.0,1
29.0,4.021268494903765,0.20689655172413793,0.0,1
31.0,3.973345602110529,0.22580645161290322,0.0,1
31.0,3.908829473078271,0.22580645161290322,0.0,1
30.0,3.7851744471284112,0.16666666666666666,0.0,1
28.0,3.9407598325400897,0.17857142857142858,0.0,1
112.0,4.8478450739158765,0.13392857142857142,0.42857142857142855,1
31.0,3.93318068282548,0.1935483870967742,0.0,1
29.0,4.021268494903765,0.20689655172413793,0.0,1
31.0,3.908829473078271,0.22580645161290322,0.0,1
31.0,3.868664553793222,0.1935483870967742,0.0,1
29.0,3.8833374604210067,0.20689655172413793,0.0,1
110.0,5.476604772864007,0.17272727272727273,0.2818181818181818,1
31.0,3.93318068282548,0.1935483870967742,0.0,1
29.0,3.8833374604210067,0.20689655172413793,0.0,1
31.0,3.973345602110529,0.22580645161290322,0.0,1
30.0,3.7185077804617443,0.16666666666666666,0.0,1
29.0,3.7883413396567494,0.20689655172413793,0.0,1
222.0,5.743700004752205,0.17117117117117117,0.35135135135135137,1
31.0,3.715281085981497,0.1935483870967742,0.0,1
29.0,4.021268494903765,0.20689655172413793,0.0,1
31.0,3.8844782633310624,0.22580645161290322,0.0,1
31.0,3.93318068282548,0.1935483870967742,0.0,1
29.0,3.9523029776623866,0.20689655172413793,0.0,1
174.0,5.702543341762305,0.16091954022988506,0.40804597701149425,1
31.0,3.93318068282548,0.1935483870967742,0.0,1
29.0,4.021268494903765,0.20689655172413793,0.0,1
31.0,3.973345602110529,0.22580645161290322,0.0,1
31.0,3.868664553793222,0.1935483870967742,0.0,1
29.0,3.9523029776623866,0.20689655172413793,0.0,1
174.0,5.625848066084452,0.1896551724137931,0.3448275862068966,1
31.0,3.675116166696448,0.1935483870967742,0.0,1
29.0,3.8833374604210067,0.20689655172413793,0.0,1
31.0,3.973345602110529,0.22580645161290322,0.0,1
30.0,3.893344863722962,0.2,0.0,1
31.0,3.804148424760964,0.1935483870967742,0.0,1
29.0,3.9523029776623866,0.20689655172413793,0.0,1
157.0,5.7267906538984406,0.12738853503184713,0.3503184713375796,1
31.0,3.804148424760964,0.1935483870967742,0.0,1
29.0,3.9523029776623866,0.20689655172413793,0.0,1
31.0,3.908829473078271,0.22580645161290322,0.0,1
31.0,3.779797215013755,0.1935483870967742,0.0,1
28.0,3.8693312611115185,0.17857142857142858,0.0,1
243.0,5.817750534210071,0.13991769547325103,0.39094650205761317,1
241.0,5.778988790649932,0.16597510373443983,0.3651452282157676,1
244.0,5.76026156715347,0.12295081967213115,0.38114754098360654,1
244.0,5.739927433880885,0.21721311475409835,0.26639344262295084,1
244.0,5.724325825146576,0.13524590163934427,0.3524590163934426,1
244.0,5.799292459157864,0.15163934426229508,0.3237704918032787,1
243.0,5.8178859527461375,0.1522633744855967,0.3292181069958848,1
244.0,5.789424009653598,0.11885245901639344,0.39344262295081966,1
244.0,5.763329309407347,0.1721311475409836,0.3073770491803279,1
244.0,5.752448071571062,0.1680327868852459,0.38114754098360654,1
243.0,5.7761766891335515,0.1646090534979424,0.4074074074074074,1
245.0,5.796905098606498,0.15918367346938775,0.37551020408163266,1
244.0,5.745058673938114,0.14344262295081966,0.3319672131147541,1
244.0,5.786699927396057,0.18032786885245902,0.29098360655737704,1
245.0,5.762433784427419,0.18775510204081633,0.3224489795918367,1
245.0,5.744132288086784,0.1673469387755102,0.2857142857142857,1
245.0,5.859748531528424,0.12653061224489795,0.3306122448979592,1
245.0,5.774111116204224,0.16326530612244897,0.37551020408163266,1
245.0,5.748465182241044,0.1510204081632653,0.3795918367346939,1
245.0,5.738645507658768,0.16326530612244897,0.3224489795918367,1
244.0,5.810445462918855,0.14754098360655737,0.36475409836065575,1
245.0,5.801237992760757,0.1346938775510204,0.39183673469387753,1
245.0,5.714600478373,0.17551020408163265,0.3142857142857143,1
245.0,5.750009225593475,0.17142857142857143,0.3224489795918367,1
245.0,5.814058057393755,0.1836734693877551,0.363265306122449,1
245.0,5.790377859927885,0.18775510204081633,0.30612244897959184,1
245.0,5.807845106349789,0.15918367346938775,0.32653061224489793,1
244.0,5.807377720664982,0.1721311475409836,0.3360655737704918,1
245.0,5.77858884949215,0.1836734693877551,0.32653061224489793,1
245.0,5.731411179857785,0.15918367346938775,0.3836734693877551,1
245.0,5.7387480169888905,0.17959183673469387,0.3183673469387755,1
245.0,5.726394444891115,0.15510204081632653,0.37142857142857144,1
245.0,5.787120324722045,0.1673469387755102,0.3142857142857143,1
245.0,5.791281753328797,0.19183673469387755,0.33877551020408164,1
245.0,5.812625018907705,0.16326530612244897,0.3142857142857143,1
244.0,5.740576096032481,0.1762295081967213,0.29918032786885246,1
245.0,5.7701381576897495,0.17142857142857143,0.3551020408163265,1
245.0,5.796506432519309,0.16326530612244897,0.3346938775510204,1
245.0,5.80704107786995,0.14285714285714285,0.39591836734693875,1
245.0,5.757670641689744,0.08571428571428572,0.4122448979591837,1
245.0,5.756941826664738,0.19591836734693877,0.3346938775510204,1
244.0,5.774669058992888,0.1885245901639344,0.3360655737704918,1
245.0,5.849846449110116,0.19591836734693877,0.3306122448979592,1
245.0,5.809868424394647,0.15918367346938775,0.3306122448979592,1
245.0,5.794730462938241,0.1836734693877551,0.3510204081632653,1
245.0,5.804643745204134,0.17959183673469387,0.31020408163265306,1
245.0,5.76073504534772,0.15510204081632653,0.3469387755102041,1
245.0,5.841258565095511,0.1306122448979592,0.3836734693877551,1
245.0,5.814768524619998,0.19183673469387755,0.33877551020408164,1
245.0,5.845488276127103,0.2,0.3469387755102041,1
245.0,5.765355365998259,0.1306122448979592,0.3346938775510204,1
245.0,5.75368918763901,0.1836734693877551,0.37551020408163266,1
245.0,5.812017734804127,0.15918367346938775,0.3020408163265306,1
245.0,5.761995040307742,0.16326530612244897,0.33877551020408164,1
245.0,5.810453308803056,0.14285714285714285,0.37142857142857144,1
245.0,5.771865540229826,0.17959183673469387,0.3510204081632653,1
245.0,5.835692302395064,0.14285714285714285,0.3183673469387755,1
245.0,5.720922182512289,0.16326530612244897,0.37142857142857144,1
245.0,5.828520627143993,0.1510204081632653,0.34285714285714286,1
245.0,5.860418246929635,0.1469387755102041,0.39591836734693875,1
245.0,5.816834799830926,0.16326530612244897,0.3795918367346939,1
245.0,5.738482990187785,0.14285714285714285,0.3836734693877551,1
245.0,5.8012863450772265,0.17142857142857143,0.3469387755102041,1
245.0,5.751699469136913,0.16326530612244897,0.3224489795918367,1
244.0,5.790623543810167,0.14344262295081966,0.3524590163934426,1
245.0,5.835758333048848,0.17551020408163265,0.3836734693877551,1
245.0,5.737995219959096,0.1673469387755102,0.3306122448979592,1
245.0,5.774111789996767,0.15918367346938775,0.33877551020408164,1
245.0,5.733716529248515,0.14285714285714285,0.37551020408163266,1
245.0,5.818835044388065,0.19183673469387755,0.3020408163265306,1
245.0,5.852001154669996,0.14285714285714285,0.33877551020408164,1
245.0,5.842327620376455,0.1510204081632653,0.37551020408163266,1
245.0,5.823697992144538,0.1673469387755102,0.3551020408163265,1
245.0,5.7809178997331205,0.1836734693877551,0.3142857142857143,1
245.0,5.756770361117228,0.12653061224489795,0.363265306122449,1
245.0,5.777876804287392,0.1673469387755102,0.3551020408163265,1
245.0,5.720893539051913,0.16326530612244897,0.3510204081632653,1
245.0,5.811079393245656,0.13877551020408163,0.3836734693877551,1
245.0,5.802260491519486,0.2,0.32653061224489793,1
245.0,5.762326097762632,0.1510204081632653,0.363265306122449,1
245.0,5.81889280075787,0.13877551020408163,0.37551020408163266,1
245.0,5.7377725229615395,0.14285714285714285,0.37142857142857144,1
245.0,5.753757470063853,0.1469387755102041,0.39183673469387753,1
245.0,5.815110108129931,0.15510204081632653,0.35918367346938773,1
243.0,5.841646120432288,0.15637860082304528,0.32510288065843623,1
245.0,5.838377061557157,0.1469387755102041,0.3469387755102041,1
245.0,5.766555135001679,0.19183673469387755,0.3020408163265306,1
245.0,5.765959724538232,0.11428571428571428,0.3877551020408163,1
245.0,5.796269610110561,0.19183673469387755,0.3836734693877551,1
245.0,5.828067364975134,0.15918367346938775,0.3469387755102041,1
245.0,5.78488258396361,0.15918367346938775,0.3306122448979592,1
245.0,5.834203759310276,0.17142857142857143,0.34285714285714286,1
245.0,5.819336893597921,0.1510204081632653,0.37551020408163266,1
245.0,5.812414149120254,0.19591836734693877,0.3183673469387755,1
245.0,5.795850796099258,0.19591836734693877,0.3224489795918367,1
244.0,5.7740931988045725,0.20491803278688525,0.3442622950819672,1
244.0,5.827368870495217,0.16393442622950818,0.35655737704918034,1
245.0,5.837074736793583,0.18775510204081633,0.37142857142857144,1
245.0,5.782958896115295,0.17551020408163265,0.3551020408163265,1
244.0,5.77360077427077,0.1721311475409836,0.3442622950819672,1
246.0,5.791112092531048,0.13414634146341464,0.36585365853658536,1
246.0,5.84613488339808,0.15853658536585366,0.3902439024390244,1
246.0,5.838268751553654,0.14634146341463414,0.35365853658536583,1
246.0,5.851497267215087,0.13414634146341464,0.37398373983739835,1
246.0,5.693628033477534,0.17073170731707318,0.3861788617886179,1
246.0,5.805068036432245,0.15853658536585366,0.32926829268292684,1
246.0,5.774105106721225,0.16666666666666666,0.2967479674796748,1
246.0,5.819893862699566,0.15447154471544716,0.3780487804878049,1
245.0,5.744220044643191,0.18775510204081633,0.3469387755102041,1
246.0,5.787336536053727,0.1951219512195122,0.3252032520325203,1
246.0,5.810183172443109,0.17886178861788618,0.3048780487804878,1
246.0,5.782706907454098,0.14634146341463414,0.3048780487804878,1
246.0,5.855565533942694,0.13821138211382114,0.3780487804878049,1
246.0,5.799818228506966,0.16260162601626016,0.34146341463414637,1
246.0,5.842516027463031,0.15447154471544716,0.3170731707317073,1
246.0,5.786173272383763,0.18699186991869918,0.33739837398373984,1
246.0,5.774040015538284,0.17479674796747968,0.3130081300813008,1
246.0,5.776569610688541,0.14227642276422764,0.3333333333333333,1
246.0,5.735635859759658,0.17479674796747968,0.34552845528455284,1
246.0,5.766182795396088,0.17886178861788618,0.34552845528455284,1
246.0,5.740384282635059,0.15853658536585366,0.4065040650406504,1
246.0,5.736024210481077,0.21544715447154472,0.35365853658536583,1
246.0,5.840733255520967,0.15447154471544716,0.34552845528455284,1
245.0,5.704635964657058,0.1673469387755102,0.3551020408163265,1
246.0,5.757779852936658,0.16260162601626016,0.37398373983739835,1
246.0,5.796003427969543,0.1910569105691057,0.34552845528455284,1
246.0,5.834030387346505,0.18292682926829268,0.35772357723577236,1
160.0,5.5916997393425865,0.1375,0.275,1
31.0,3.804148424760964,0.1935483870967742,0.0,1
29.0,3.9523029776623866,0.20689655172413793,0.0,1
29.0,3.9523029776623866,0.20689655172413793,0.0,1
29.0,3.9523029776623866,0.20689655172413793,0.0,1
244.0,5.797266501774126,0.15163934426229508,0.38524590163934425,1
244.0,5.836794122501377,0.19262295081967212,0.3155737704918033,1
244.0,5.757616616361389,0.1557377049180328,0.3360655737704918,1
244.0,5.770401106028454,0.14344262295081966,0.3524590163934426,1
244.0,5.7512195408763755,0.1598360655737705,0.3155737704918033,1
244.0,5.757926303425411,0.18442622950819673,0.3483606557377049,1
244.0,5.833129437468882,0.15163934426229508,0.3442622950819672,1
244.0,5.805738320811091,0.15163934426229508,0.3114754098360656,1
243.0,5.8135151266074425,0.1440329218106996,0.32510288065843623,1
243.0,5.741248783647896,0.12345679012345678,0.3950617283950617,1
244.0,5.78698853186978,0.1598360655737705,0.3237704918032787,1
245.0,5.8167316167082594,0.16326530612244897,0.34285714285714286,1
245.0,5.798764103386116,0.16326530612244897,0.35918367346938773,1
245.0,5.786513040618464,0.15510204081632653,0.4122448979591837,1
245.0,5.816968439117008,0.15510204081632653,0.37551020408163266,1
245.0,5.709791687630182,0.13877551020408163,0.33877551020408164,1
245.0,5.777628782031056,0.1673469387755102,0.3551020408163265,1
245.0,5.852149546729787,0.17551020408163265,0.33877551020408164,1
244.0,5.831387108164666,0.18442622950819673,0.3524590163934426,1
245.0,5.811532890139044,0.12653061224489795,0.39183673469387753,1
245.0,5.81325825563258,0.20408163265306123,0.3795918367346939,1
245.0,5.8234618435283325,0.1510204081632653,0.37551020408163266,1
245.0,5.804090618114209,0.1346938775510204,0.37551020408163266,1
245.0,5.725596660176478,0.17142857142857143,0.3183673469387755,1
245.0,5.795822591706905,0.19183673469387755,0.2979591836734694,1
245.0,5.819194980027854,0.17142857142857143,0.37142857142857144,1
245.0,5.807673640802279,0.1836734693877551,0.35918367346938773,1
245.0,5.800857005010884,0.17142857142857143,0.3510204081632653,1
245.0,5.71081778574506,0.19183673469387755,0.2897959183673469,1
245.0,5.782682669466602,0.17959183673469387,0.3836734693877551,1
245.0,5.795642617150888,0.13877551020408163,0.37142857142857144,1
244.0,5.734005267826666,0.20081967213114754,0.27459016393442626,1
244.0,5.779112979057439,0.1885245901639344,0.319672131147541,1
245.0,5.758095934190771,0.1673469387755102,0.2979591836734694,1
245.0,5.783725772126252,0.16326530612244897,0.37142857142857144,1
245.0,5.768952232942968,0.1306122448979592,0.3224489795918367,1
244.0,5.777341653215104,0.15163934426229508,0.36475409836065575,1
245.0,5.7992453486950515,0.19591836734693877,0.3346938775510204,1
245.0,5.71652484001386,0.18775510204081633,0.3142857142857143,1
244.0,5.810786185361576,0.18032786885245902,0.3483606557377049,1
245.0,5.82929313302988,0.17959183673469387,0.3836734693877551,1
244.0,5.829243802341868,0.1680327868852459,0.3155737704918033,1
245.0,5.766079238413121,0.1346938775510204,0.33877551020408164,1
245.0,5.795993383461869,0.1673469387755102,0.35918367346938773,1
245.0,5.750163247528196,0.19183673469387755,0.33877551020408164,1
245.0,5.7989066907487254,0.17959183673469387,0.34285714285714286,1
245.0,5.830570132534674,0.15510204081632653,0.37142857142857144,1
244.0,5.81679331136818,0.16393442622950818,0.3114754098360656,1
245.0,5.710580963336313,0.17142857142857143,0.3020408163265306,1
245.0,5.799664162706353,0.20816326530612245,0.3673469387755102,1
245.0,5.812530783861566,0.18775510204081633,0.3510204081632653,1
245.0,5.799484422874863,0.17959183673469387,0.363265306122449,1
244.0,5.813250659683511,0.14344262295081966,0.36885245901639346,1
244.0,5.8336333434377945,0.1680327868852459,0.28688524590163933,1
245.0,5.8336737057080645,0.1469387755102041,0.3551020408163265,1
245.0,5.753299251812614,0.2,0.3346938775510204,1
245.0,5.698852353679431,0.17551020408163265,0.3346938775510204,1
245.0,5.714429012825488,0.17142857142857143,0.3795918367346939,1
245.0,5.82214251421999,0.19591836734693877,0.363265306122449,1
244.0,5.790918653324801,0.15163934426229508,0.3360655737704918,1
245.0,5.752201318346765,0.1469387755102041,0.32653061224489793,1
245.0,5.747792541276223,0.19183673469387755,0.33877551020408164,1
245.0,5.834517812220391,0.1673469387755102,0.34285714285714286,1
245.0,5.706436539274331,0.16326530612244897,0.3795918367346939,1
245.0,5.80689849050734,0.17551020408163265,0.3551020408163265,1
245.0,5.826502938974063,0.17142857142857143,0.3795918367346939,1
245.0,5.780758307825744,0.16326530612244897,0.3469387755102041,1
245.0,5.765595067540583,0.1510204081632653,0.35918367346938773,1
245.0,5.764092445474629,0.17142857142857143,0.30612244897959184,1
245.0,5.820853641075066,0.17551020408163265,0.3510204081632653,1
244.0,5.768114628468607,0.19672131147540983,0.3073770491803279,1
245.0,5.817641080081826,0.1469387755102041,0.363265306122449,1
245.0,5.788382571453129,0.1673469387755102,0.31020408163265306,1
244.0,5.839571907173554,0.11885245901639344,0.35655737704918034,1
245.0,5.698954863009555,0.20408163265306123,0.2693877551020408,1
245.0,5.831188616485841,0.14285714285714285,0.3469387755102041,1
245.0,5.840668959329245,0.18775510204081633,0.3551020408163265,1
244.0,5.833593777705064,0.16393442622950818,0.3155737704918033,1
245.0,5.771874049238333,0.1673469387755102,0.3836734693877551,1
245.0,5.805210951275227,0.1673469387755102,0.3673469387755102,1
245.0,5.841789292490263,0.15510204081632653,0.363265306122449,1
245.0,5.797113716622889,0.2,0.32653061224489793,1
243.0,5.809472010595418,0.16872427983539096,0.31275720164609055,1
245.0,5.786353448711085,0.1510204081632653,0.3306122448979592,1
245.0,5.7573953235581214,0.1836734693877551,0.33877551020408164,1
245.0,5.77925096440193,0.1836734693877551,0.3346938775510204,1
245.0,5.855441589995459,0.19183673469387755,0.3551020408163265,1
245.0,5.798300080437692,0.17142857142857143,0.363265306122449,1
245.0,5.7887507813768995,0.1469387755102041,0.3510204081632653,1
245.0,5.787775961142096,0.17959183673469387,0.33877551020408164,1
245.0,5.776519648717621,0.17959183673469387,0.3183673469387755,1
245.0,5.7926100307136625,0.1673469387755102,0.3306122448979592,1
245.0,5.841523591896618,0.16326530612244897,0.3346938775510204,1
245.0,5.83974829610809,0.1469387755102041,0.37142857142857144,1
245.0,5.823327530449708,0.17959183673469387,0.3673469387755102,1
245.0,5.7993225791964225,0.1469387755102041,0.3673469387755102,1
244.0,5.815469251526501,0.1762295081967213,0.3401639344262295,1
245.0,5.729635884069258,0.17551020408163265,0.3510204081632653,1
245.0,5.784711792208644,0.17959183673469387,0.35918367346938773,1
245.0,5.757064266103234,0.19183673469387755,0.3510204081632653,1
246.0,5.760128196287626,0.16666666666666666,0.3861788617886179,1
246.0,5.758120718949284,0.18699186991869918,0.34552845528455284,1
246.0,5.735958448244582,0.15447154471544716,0.3170731707317073,1
246.0,5.756269942153213,0.1951219512195122,0.3130081300813008,1
246.0,5.734741247711426,0.18292682926829268,0.34552845528455284,1
246.0,5.815854356765863,0.15853658536585366,0.37398373983739835,1
246.0,5.82653029758399,0.17479674796747968,0.3252032520325203,1
246.0,5.770421159603234,0.16260162601626016,0.35365853658536583,1
244.0,5.771113808451639,0.1721311475409836,0.35655737704918034,1
246.0,5.782434046295481,0.16260162601626016,0.3617886178861789,1
246.0,5.768544535684326,0.15447154471544716,0.3048780487804878,1
246.0,5.768184040932905,0.15447154471544716,0.34552845528455284,1
246.0,5.7472117858449145,0.14227642276422764,0.3821138211382114,1
246.0,5.732839401481949,0.15040650406504066,0.3252032520325203,1
246.0,5.783952868781158,0.18292682926829268,0.4105691056910569,1
246.0,5.737818136742885,0.15040650406504066,0.3170731707317073,1
246.0,5.6856198938939215,0.1991869918699187,0.2886178861788618,1
246.0,5.787561241450007,0.13821138211382114,0.37398373983739835,1
246.0,5.782724513928253,0.13414634146341464,0.3983739837398374,1
246.0,5.729310187986862,0.16666666666666666,0.36585365853658536,1
246.0,5.783887777598217,0.2032520325203252,0.3130081300813008,1
244.0,5.769001760166584,0.18032786885245902,0.29508196721311475,1
246.0,5.795768239307063,0.18292682926829268,0.3699186991869919,1
246.0,5.810324742899103,0.15447154471544716,0.34959349593495936,1
246.0,5.783350966983215,0.15853658536585366,0.36585365853658536,1
246.0,5.824121072586965,0.14227642276422764,0.4024390243902439,1
244.0,5.79979077232636,0.19672131147540983,0.3401639344262295,1
160.0,5.652265892290778,0.16875,0.3,1
30.0,3.7851744471284112,0.16666666666666666,0.0,1
27.0,3.782122224145307,0.14814814814814814,0.0,1
29.0,3.7883413396567494,0.20689655172413793,0.0,1
29.0,3.857306856898129,0.20689655172413793,0.0,1
244.0,5.841380537748985,0.12704918032786885,0.39344262295081966,1
244.0,5.737199107582059,0.1680327868852459,0.36065573770491804,1
244.0,5.763394934124573,0.1598360655737705,0.3360655737704918,1
244.0,5.825674415118712,0.1598360655737705,0.32786885245901637,1
244.0,5.861649722858331,0.1721311475409836,0.319672131147541,1
243.0,5.77019018681452,0.1440329218106996,0.36213991769547327,1
244.0,5.865945319252904,0.1762295081967213,0.3401639344262295,1
244.0,5.832033509316635,0.14344262295081966,0.3442622950819672,1
244.0,5.807034737222634,0.1598360655737705,0.35655737704918034,1
244.0,5.761491682293792,0.18032786885245902,0.3524590163934426,1
245.0,5.782066437286498,0.17959183673469387,0.2979591836734694,1
245.0,5.800809774696122,0.1836734693877551,0.34285714285714286,1
245.0,5.781790210637806,0.19183673469387755,0.2979591836734694,1
245.0,5.719737401007098,0.21224489795918366,0.2938775510204082,1
245.0,5.729050999660849,0.1673469387755102,0.3306122448979592,1
245.0,5.724450374394163,0.1673469387755102,0.32653061224489793,1
244.0,5.807388966413581,0.14754098360655737,0.4139344262295082,1
245.0,5.811173628291798,0.1510204081632653,0.35918367346938773,1
245.0,5.7639581323960005,0.17551020408163265,0.3836734693877551,1
245.0,5.817470288326859,0.17551020408163265,0.3551020408163265,1
245.0,5.777115732973616,0.17551020408163265,0.3551020408163265,1
245.0,5.782104263547926,0.1346938775510204,0.3510204081632653,1
245.0,5.79159513244637,0.14285714285714285,0.40408163265306124,1
245.0,5.741629520527242,0.1469387755102041,0.3469387755102041,1
244.0,5.802066004137607,0.13114754098360656,0.3483606557377049,1
245.0,5.736217045036998,0.1510204081632653,0.37551020408163266,1
245.0,5.817336649040781,0.1673469387755102,0.34285714285714286,1
245.0,5.7655402367343855,0.17142857142857143,0.3224489795918367,1
245.0,5.776890784204998,0.1673469387755102,0.3510204081632653,1
244.0,5.815774930235749,0.1762295081967213,0.3401639344262295,1
245.0,5.7850533757185785,0.1836734693877551,0.3795918367346939,1
245.0,5.834004763162954,0.17142857142857143,0.363265306122449,1
245.0,5.732757135579964,0.1469387755102041,0.3346938775510204,1
245.0,5.712770351778276,0.1836734693877551,0.33877551020408164,1
245.0,5.751821908575407,0.1510204081632653,0.4,1
245.0,5.756562416893382,0.20408163265306123,0.3551020408163265,1
245.0,5.773886167435606,0.1469387755102041,0.3836734693877551,1
245.0,5.8165326205609365,0.18775510204081633,0.363265306122449,1
245.0,5.78871362890802,0.1510204081632653,0.3142857142857143,1
245.0,5.820209204502605,0.15510204081632653,0.3836734693877551,1
245.0,5.734651945243378,0.15510204081632653,0.34285714285714286,1
245.0,5.790885339012671,0.17551020408163265,0.3306122448979592,1
245.0,5.841221412626626,0.17142857142857143,0.3551020408163265,1
245.0,5.8265029389740635,0.18775510204081633,0.3877551020408163,1
244.0,5.769161770452644,0.1680327868852459,0.3770491803278688,1
245.0,5.806935642976222,0.2163265306122449,0.3346938775510204,1
245.0,5.76371078393221,0.17551020408163265,0.363265306122449,1
244.0,5.775161042659208,0.11885245901639344,0.36885245901639346,1
244.0,5.789289822665523,0.12704918032786885,0.38114754098360654,1
245.0,5.788978655709121,0.13877551020408163,0.37142857142857144,1
245.0,5.769146332910176,0.17551020408163265,0.3142857142857143,1
243.0,5.7788544292134345,0.20164609053497942,0.3168724279835391,1
245.0,5.824750042880711,0.17551020408163265,0.3673469387755102,1
245.0,5.769382481526382,0.17142857142857143,0.3306122448979592,1
245.0,5.735683613330917,0.2530612244897959,0.3183673469387755,1
245.0,5.733731955814771,0.18775510204081633,0.33877551020408164,1
245.0,5.802659831399219,0.1469387755102041,0.3551020408163265,1
244.0,5.816290081953259,0.18032786885245902,0.29918032786885246,1
245.0,5.818863922572969,0.11428571428571428,0.37142857142857144,1
245.0,5.844748026529987,0.13877551020408163,0.3510204081632653,1
244.0,5.7466809995564745,0.1557377049180328,0.3729508196721312,1
243.0,5.824642456514113,0.13580246913580246,0.3991769547325103,1
245.0,5.763237812907258,0.18775510204081633,0.31020408163265306,1
245.0,5.785737890323527,0.1836734693877551,0.3224489795918367,1
244.0,5.7361978006851535,0.1680327868852459,0.319672131147541,1
245.0,5.788884420662983,0.17551020408163265,0.3836734693877551,1
245.0,5.78971665353518,0.1673469387755102,0.3183673469387755,1
245.0,5.730963487661582,0.22040816326530613,0.33877551020408164,1
244.0,5.7997512065936325,0.18442622950819673,0.38114754098360654,1
244.0,5.80297919482008,0.1721311475409836,0.29918032786885246,1
245.0,5.777098728428845,0.1510204081632653,0.33877551020408164,1
244.0,5.858870585078177,0.20081967213114754,0.36885245901639346,1
245.0,5.791176318435069,0.17551020408163265,0.32653061224489793,1
245.0,5.780969177613196,0.19591836734693877,0.3346938775510204,1
245.0,5.708804993755243,0.17142857142857143,0.363265306122449,1
245.0,5.812111969850267,0.1510204081632653,0.3795918367346939,1
245.0,5.793137832544813,0.17142857142857143,0.3224489795918367,1
245.0,5.79575656105312,0.12653061224489795,0.3836734693877551,1
245.0,5.841931206060326,0.1673469387755102,0.3306122448979592,1
245.0,5.824750042880712,0.20408163265306123,0.3510204081632653,1
245.0,5.797495378165305,0.1836734693877551,0.30612244897959184,1
245.0,5.7875456172230715,0.1469387755102041,0.33877551020408164,1
245.0,5.734800102578646,0.1469387755102041,0.2979591836734694,1
244.0,5.7823126472997615,0.16393442622950818,0.3524590163934426,1
245.0,5.753568999971576,0.18775510204081633,0.37142857142857144,1
245.0,5.758734126998034,0.1469387755102041,0.37551020408163266,1
245.0,5.80661578536892,0.17959183673469387,0.2979591836734694,1
245.0,5.747857898137462,0.19591836734693877,0.363265306122449,1
245.0,5.747213461565003,0.19591836734693877,0.3142857142857143,1
245.0,5.803050441018164,0.17959183673469387,0.3551020408163265,1
245.0,5.7845410004536815,0.20408163265306123,0.33877551020408164,1
244.0,5.825637110385611,0.14754098360655737,0.36065573770491804,1
245.0,5.769360081831209,0.16326530612244897,0.3877551020408163,1
245.0,5.81246475320778,0.17959183673469387,0.37142857142857144,1
245.0,5.778284418451103,0.17142857142857143,0.3306122448979592,1
244.0,5.835908575249038,0.14754098360655737,0.3401639344262295,1
245.0,5.717074367747637,0.1510204081632653,0.3142857142857143,1
245.0,5.802486787873193,0.22857142857142856,0.34285714285714286,1
245.0,5.743222824713215,0.15510204081632653,0.32653061224489793,1
245.0,5.775588459441427,0.17142857142857143,0.35918367346938773,1
246.0,5.818089453171555,0.1951219512195122,0.3252032520325203,1
246.0,5.737259688541934,0.2032520325203252,0.3333333333333333,1
246.0,5.773239926520448,0.16260162601626016,0.32926829268292684,1
246.0,5.7903008491934616,0.17073170731707318,0.34552845528455284,1
246.0,5.772791140540152,0.18292682926829268,0.34552845528455284,1
246.0,5.770395312480398,0.18699186991869918,0.3130081300813008,1
246.0,5.693145830779275,0.16260162601626016,0.32926829268292684,1
245.0,5.759814382126566,0.1836734693877551,0.3306122448979592,1
246.0,5.813367544159044,0.18699186991869918,0.3170731707317073,1
246.0,5.749744294666245,0.17479674796747968,0.3170731707317073,1
246.0,5.732418751483294,0.17886178861788618,0.3008130081300813,1
246.0,5.82049867816858,0.13821138211382114,0.37398373983739835,1
246.0,5.735013437816495,0.15853658536585366,0.32926829268292684,1
246.0,5.789735277784556,0.16666666666666666,0.35365853658536583,1
246.0,5.824669037521718,0.18699186991869918,0.33739837398373984,1
246.0,5.8497572778164635,0.15853658536585366,0.32926829268292684,1
244.0,5.8302248787412,0.14344262295081966,0.319672131147541,1
246.0,5.783822015361725,0.1991869918699187,0.36585365853658536,1
245.0,5.792638235106021,0.17959183673469387,0.3510204081632653,1
246.0,5.794339684073612,0.15447154471544716,0.32926829268292684,1
246.0,5.816314250824624,0.14227642276422764,0.3861788617886179,1
245.0,5.834677404127773,0.12244897959183673,0.3673469387755102,1
246.0,5.768639058714725,0.15853658536585366,0.34146341463414637,1
246.0,5.736694788186578,0.12195121951219512,0.35772357723577236,1
246.0,5.806163295248199,0.1910569105691057,0.35772357723577236,1
245.0,5.747869097985049,0.1469387755102041,0.3346938775510204,1
245.0,5.7847883489174725,0.19591836734693877,0.2979591836734694,1
160.0,5.664504367415988,0.16875,0.28125,1
31.0,3.779797215013755,0.1935483870967742,0.0,1
29.0,3.8833374604210067,0.20689655172413793,0.0,1
29.0,4.021268494903765,0.20689655172413793,0.0,1
29.0,3.9523029776623866,0.20689655172413793,0.0,1
244.0,5.747820060928753,0.1598360655737705,0.4139344262295082,1
244.0,5.741263416025158,0.1598360655737705,0.3524590163934426,1
244.0,5.813261905432115,0.13524590163934427,0.3524590163934426,1
244.0,5.823610917315357,0.15163934426229508,0.4139344262295082,1
244.0,5.830156316470354,0.15163934426229508,0.36065573770491804,1
244.0,5.746801003242329,0.1680327868852459,0.3319672131147541,1
244.0,5.771342616695057,0.1762295081967213,0.32786885245901637,1
243.0,5.756635417076161,0.1728395061728395,0.3045267489711934,1
244.0,5.829483179779901,0.21311475409836064,0.3524590163934426,1
244.0,5.715582240184905,0.1762295081967213,0.3401639344262295,1
245.0,5.806764177428711,0.17959183673469387,0.363265306122449,1
245.0,5.747495931978895,0.15510204081632653,0.32653061224489793,1
245.0,5.846870710525622,0.1510204081632653,0.3795918367346939,1
245.0,5.779866522789489,0.19591836734693877,0.32653061224489793,1
245.0,5.799513301059762,0.17551020408163265,0.3183673469387755,1
245.0,5.771135377619729,0.15918367346938775,0.3673469387755102,1
245.0,5.754467263497556,0.19183673469387755,0.35918367346938773,1
245.0,5.744314279689335,0.1673469387755102,0.3795918367346939,1
245.0,5.753888857578875,0.16326530612244897,0.3183673469387755,1
245.0,5.755376726871122,0.20816326530612245,0.2897959183673469,1
245.0,5.793045849269733,0.1469387755102041,0.363265306122449,1
245.0,5.851992880386015,0.16326530612244897,0.3510204081632653,1
245.0,5.789964675791512,0.2,0.3346938775510204,1
245.0,5.780037314544453,0.17142857142857143,0.3836734693877551,1
245.0,5.752756650777726,0.20816326530612245,0.3183673469387755,1
244.0,5.822011083194197,0.18032786885245902,0.3483606557377049,1
245.0,5.819485724725733,0.17142857142857143,0.3346938775510204,1
245.0,5.808725691538454,0.1346938775510204,0.40408163265306124,1
245.0,5.841512392049028,0.1673469387755102,0.33877551020408164,1
245.0,5.846791228253193,0.1673469387755102,0.32653061224489793,1
245.0,5.8557726474503475,0.17142857142857143,0.3673469387755102,1
245.0,5.742248004478409,0.17551020408163265,0.3551020408163265,1
245.0,5.821566360072373,0.17551020408163265,0.37142857142857144,1
245.0,5.82464753355059,0.19591836734693877,0.363265306122449,1
245.0,5.800471116749797,0.1836734693877551,0.32653061224489793,1
245.0,5.810718335604157,0.15510204081632653,0.3795918367346939,1
245.0,5.785384433173464,0.1673469387755102,0.3836734693877551,1
244.0,5.865258675814219,0.14344262295081966,0.36885245901639346,1
245.0,5.790819308358884,0.16326530612244897,0.3510204081632653,1
245.0,5.758352465455616,0.17959183673469387,0.3836734693877551,1
245.0,5.777639981878643,0.1510204081632653,0.4163265306122449,1
245.0,5.85208418986855,0.1306122448979592,0.363265306122449,1
245.0,5.789150121256633,0.17551020408163265,0.3142857142857143,1
245.0,5.767872212538959,0.15918367346938775,0.35918367346938773,1
245.0,5.771059494703451,0.17551020408163265,0.3469387755102041,1
245.0,5.849792292096462,0.14285714285714285,0.3510204081632653,1
245.0,5.771714457330956,0.15918367346938775,0.4,1
245.0,5.804224931192836,0.16326530612244897,0.35918367346938773,1
244.0,5.831415428148794,0.1762295081967213,0.3524590163934426,1
245.0,5.766529182380381,0.2,0.32653061224489793,1
245.0,5.814101453627839,0.15918367346938775,0.31020408163265306,1
245.0,5.830305105733569,0.19591836734693877,0.3346938775510204,1
245.0,5.746338446348992,0.1469387755102041,0.39591836734693875,1
245.0,5.767134214712902,0.1836734693877551,0.34285714285714286,1
245.0,5.804621345508961,0.17959183673469387,0.35918367346938773,1
245.0,5.790503677470249,0.1673469387755102,0.32653061224489793,1
245.0,5.833425683451731,0.17551020408163265,0.3795918367346939,1
245.0,5.809939585953069,0.19591836734693877,0.3183673469387755,1
245.0,5.794334722414654,0.13877551020408163,0.3142857142857143,1
245.0,5.813582160805197,0.1469387755102041,0.3510204081632653,1
245.0,5.743593286408046,0.14285714285714285,0.33877551020408164,1
245.0,5.755851949667135,0.12244897959183673,0.363265306122449,1
245.0,5.809962659440788,0.1836734693877551,0.3306122448979592,1
245.0,5.795825517270509,0.16326530612244897,0.32653061224489793,1
245.0,5.7144008084331315,0.20408163265306123,0.32653061224489793,1
245.0,5.8089647657182635,0.1673469387755102,0.34285714285714286,1
245.0,5.732628392473992,0.19591836734693877,0.3510204081632653,1
245.0,5.772623246911976,0.19183673469387755,0.363265306122449,1
245.0,5.817955132991944,0.1836734693877551,0.3510204081632653,1
244.0,5.8087375007941215,0.19262295081967212,0.3155737704918033,1
245.0,5.688015529058805,0.15510204081632653,0.3551020408163265,1
245.0,5.846802428100779,0.1510204081632653,0.33877551020408164,1
245.0,5.796101743919199,0.14285714285714285,0.34285714285714286,1
245.0,5.794203334899635,0.1469387755102041,0.34285714285714286,1
245.0,5.772321067641989,0.2,0.3673469387755102,1
245.0,5.767105336528003,0.17959183673469387,0.32653061224489793,1
245.0,5.836877992417321,0.15918367346938775,0.3795918367346939,1
245.0,5.811385171871793,0.14285714285714285,0.3183673469387755,1
244.0,5.8241141467302775,0.15163934426229508,0.3319672131147541,1
245.0,5.694887669448944,0.15918367346938775,0.363265306122449,1
245.0,5.810453308803056,0.19183673469387755,0.363265306122449,1
245.0,5.7655044318505935,0.1836734693877551,0.30612244897959184,1
245.0,5.794610949063351,0.16326530612244897,0.3510204081632653,1
245.0,5.794639153455705,0.15510204081632653,0.37142857142857144,1
245.0,5.8208142368351234,0.1836734693877551,0.33877551020408164,1
245.0,5.810529191719338,0.18775510204081633,0.34285714285714286,1
245.0,5.7687442887191205,0.1510204081632653,0.3306122448979592,1
245.0,5.75303715057511,0.16326530612244897,0.363265306122449,1
245.0,5.800573626079919,0.1836734693877551,0.39183673469387753,1
245.0,5.765503758058049,0.15918367346938775,0.34285714285714286,1
244.0,5.760653101077517,0.19672131147540983,0.3524590163934426,1
245.0,5.805647443623841,0.17959183673469387,0.37142857142857144,1
245.0,5.798022506203911,0.1469387755102041,0.3346938775510204,1
244.0,5.672289489031742,0.18442622950819673,0.29918032786885246,1
245.0,5.773467353424304,0.19183673469387755,0.3020408163265306,1
244.0,5.818247712752662,0.14754098360655737,0.3401639344262295,1
245.0,5.799655888422369,0.17959183673469387,0.363265306122449,1
244.0,5.757255882129524,0.1557377049180328,0.3360655737704918,1
245.0,5.760421666230145,0.18775510204081633,0.363265306122449,1
244.0,5.825082392935371,0.1721311475409836,0.3360655737704918,1
245.0,5.826648451900276,0.18775510204081633,0.3142857142857143,1
245.0,5.792846179329869,0.15918367346938775,0.3224489795918367,1
245.0,5.816863004223282,0.1836734693877551,0.35918367346938773,1
245.0,5.7335322858749045,0.15510204081632653,0.2693877551020408,1
244.0,5.742350753675601,0.13114754098360656,0.3729508196721312,1
246.0,5.826255193807851,0.18292682926829268,0.3130081300813008,1
246.0,5.836917783929993,0.17073170731707318,0.33739837398373984,1
246.0,5.756533891609598,0.18699186991869918,0.36585365853658536,1
246.0,5.803792643257729,0.17479674796747968,0.34552845528455284,1
246.0,5.713314645895168,0.17073170731707318,0.3252032520325203,1
246.0,5.788532099000932,0.17886178861788618,0.34959349593495936,1
246.0,5.755117161749449,0.10975609756097561,0.37398373983739835,1
245.0,5.774283255544278,0.17959183673469387,0.2693877551020408,1
246.0,5.81013995261648,0.2032520325203252,0.34959349593495936,1
245.0,5.825121178368088,0.15918367346938775,0.33877551020408164,1
246.0,5.789800368967497,0.16260162601626016,0.3861788617886179,1
246.0,5.806796200457566,0.17479674796747968,0.3617886178861789,1
245.0,5.747604071183945,0.17959183673469387,0.33877551020408164,1
246.0,5.775127033705558,0.2032520325203252,0.3048780487804878,1
246.0,5.817929167904667,0.16666666666666666,0.33739837398373984,1
246.0,5.835396047773248,0.17073170731707318,0.36585365853658536,1
246.0,5.849598334656673,0.13414634146341464,0.3821138211382114,1
246.0,5.801970627255565,0.17886178861788618,0.34552845528455284,1
246.0,5.841820273688242,0.15447154471544716,0.34552845528455284,1
246.0,5.75470072128768,0.15040650406504066,0.4268292682926829,1
246.0,5.80587927976983,0.18699186991869918,0.3699186991869919,1
246.0,5.8700792549912935,0.15853658536585366,0.34146341463414637,1
160.0,5.663980285921574,0.16875,0.3625,1
31.0,3.868664553793222,0.1935483870967742,0.0,1
29.0,3.8833374604210067,0.20689655172413793,0.0,1
29.0,3.8143719431796277,0.20689655172413793,0.0,1
29.0,3.9523029776623866,0.20689655172413793,0.0,1
244.0,5.7898890264437695,0.16393442622950818,0.36885245901639346,1
244.0,5.831927642312689,0.1598360655737705,0.3401639344262295,1
243.0,5.793976124854205,0.13580246913580246,0.3786008230452675,1
243.0,5.82887559381259,0.12757201646090535,0.3950617283950617,1
244.0,5.857737352192825,0.15163934426229508,0.3770491803278688,1
244.0,5.8019318171495335,0.13114754098360656,0.39344262295081966,1
244.0,5.834652401124215,0.14754098360655737,0.3401639344262295,1
244.0,5.7913935627555935,0.13934426229508196,0.3442622950819672,1
244.0,5.816487632658932,0.14754098360655737,0.35655737704918034,1
244.0,5.781347968581966,0.1557377049180328,0.3155737704918033,1
245.0,5.794913128333337,0.14285714285714285,0.4122448979591837,1
245.0,5.7507788059157585,0.19183673469387755,0.32653061224489793,1
245.0,5.781713419204456,0.2163265306122449,0.3020408163265306,1
245.0,5.772304063097221,0.15510204081632653,0.363265306122449,1
245.0,5.812664423147651,0.16326530612244897,0.3510204081632653,1
245.0,5.792307851443675,0.13877551020408163,0.3469387755102041,1
244.0,5.844314769568778,0.1598360655737705,0.35655737704918034,1
245.0,5.76652985617293,0.13877551020408163,0.34285714285714286,1
245.0,5.763297365071313,0.18775510204081633,0.35918367346938773,1
245.0,5.749738628819712,0.16326530612244897,0.3551020408163265,1
245.0,5.798005501659142,0.17959183673469387,0.37142857142857144,1
245.0,5.783223922916401,0.15510204081632653,0.39183673469387753,1
245.0,5.762764841882304,0.17959183673469387,0.3346938775510204,1
245.0,5.806687620719888,0.17551020408163265,0.3510204081632653,1
244.0,5.777009238967367,0.1680327868852459,0.35655737704918034,1
245.0,5.811153919435703,0.1346938775510204,0.37142857142857144,1
245.0,5.752019326744214,0.17959183673469387,0.3551020408163265,1
245.0,5.7884374022593255,0.17551020408163265,0.34285714285714286,1
245.0,5.790306933093992,0.1346938775510204,0.3551020408163265,1
245.0,5.79993543327266,0.15510204081632653,0.3183673469387755,1
245.0,5.7284613938945865,0.1510204081632653,0.3877551020408163,1
245.0,5.79545995175579,0.17959183673469387,0.3020408163265306,1
245.0,5.798601585915136,0.17551020408163265,0.3142857142857143,1
245.0,5.823344974062493,0.18775510204081633,0.3469387755102041,1
245.0,5.791281753328798,0.18775510204081633,0.2693877551020408,1
245.0,5.794479561548326,0.1673469387755102,0.3673469387755102,1
245.0,5.774017554950628,0.1306122448979592,0.33877551020408164,1
245.0,5.808358155407229,0.17142857142857143,0.37551020408163266,1
245.0,5.784486843440031,0.15510204081632653,0.3836734693877551,1
245.0,5.8227892025635155,0.1836734693877551,0.37142857142857144,1
245.0,5.794239813575972,0.13877551020408163,0.3551020408163265,1
245.0,5.819206179875442,0.15510204081632653,0.3346938775510204,1
244.0,5.764516921261322,0.1598360655737705,0.3155737704918033,1
245.0,5.823946014400873,0.15918367346938775,0.39591836734693875,1
245.0,5.770232158011364,0.1836734693877551,0.3346938775510204,1
245.0,5.831596230649551,0.14285714285714285,0.37551020408163266,1
245.0,5.787830118155746,0.15918367346938775,0.3673469387755102,1
245.0,5.772678077718175,0.15510204081632653,0.3142857142857143,1
245.0,5.81475665097987,0.1510204081632653,0.32653061224489793,1
244.0,5.796550861797322,0.1598360655737705,0.4139344262295082,1
245.0,5.790135467546479,0.1673469387755102,0.33877551020408164,1
245.0,5.801192110031089,0.15510204081632653,0.3673469387755102,1
245.0,5.77543939358909,0.15510204081632653,0.3836734693877551,1
245.0,5.755416131111066,0.13877551020408163,0.32653061224489793,1
245.0,5.868280006758316,0.17959183673469387,0.3673469387755102,1
245.0,5.81251958401398,0.1673469387755102,0.33877551020408164,1
245.0,5.783539553805034,0.15918367346938775,0.3142857142857143,1
245.0,5.830202596403448,0.1836734693877551,0.33877551020408164,1
245.0,5.8447079484975,0.15918367346938775,0.3469387755102041,1
245.0,5.904078924529719,0.1673469387755102,0.363265306122449,1
245.0,5.7833004796252245,0.1469387755102041,0.3673469387755102,1
244.0,5.763434499857301,0.1680327868852459,0.3073770491803279,1
245.0,5.8205514618050795,0.17959183673469387,0.37142857142857144,1
245.0,5.698204991543367,0.1836734693877551,0.3020408163265306,1
245.0,5.774068159038157,0.2,0.3183673469387755,1
244.0,5.781702874326905,0.11885245901639344,0.4180327868852459,1
245.0,5.767872886331506,0.19183673469387755,0.3469387755102041,1
245.0,5.773915045620506,0.16326530612244897,0.3183673469387755,1
245.0,5.799984020313653,0.18775510204081633,0.3224489795918367,1
245.0,5.796498158235323,0.15918367346938775,0.3510204081632653,1
244.0,5.7606991718511615,0.1680327868852459,0.3073770491803279,1
245.0,5.817139230871973,0.16326530612244897,0.32653061224489793,1
245.0,5.827605593797768,0.1469387755102041,0.3224489795918367,1
245.0,5.8064626719512695,0.1510204081632653,0.3183673469387755,1
244.0,5.736423671374958,0.15163934426229508,0.3360655737704918,1
245.0,5.802734136336985,0.18775510204081633,0.3306122448979592,1
245.0,5.795530938491958,0.15510204081632653,0.3673469387755102,1
245.0,5.747962659238643,0.17142857142857143,0.3346938775510204,1
245.0,5.682673980402454,0.1673469387755102,0.3020408163265306,1
245.0,5.827870620598871,0.20408163265306123,0.2612244897959184,1
245.0,5.805855387847692,0.1673469387755102,0.3346938775510204,1
245.0,5.7599083824481765,0.17551020408163265,0.4,1
244.0,5.815297083251333,0.18032786885245902,0.36475409836065575,1
245.0,5.774114041767827,0.15510204081632653,0.3183673469387755,1
245.0,5.734176048654822,0.12653061224489795,0.3673469387755102,1
245.0,5.8446707960286135,0.17551020408163265,0.3673469387755102,1
244.0,5.791937711011221,0.14344262295081966,0.3729508196721312,1
245.0,5.833491714105511,0.1673469387755102,0.3795918367346939,1
245.0,5.765105091970863,0.12244897959183673,0.35918367346938773,1
245.0,5.798601585915134,0.1673469387755102,0.3346938775510204,1
245.0,5.785159484404848,0.18775510204081633,0.2938775510204082,1
245.0,5.743051359165706,0.1673469387755102,0.2979591836734694,1
245.0,5.834953630776465,0.16326530612244897,0.2979591836734694,1
245.0,5.7713412913247994,0.15918367346938775,0.3551020408163265,1
244.0,5.840391153154672,0.1680327868852459,0.35655737704918034,1
245.0,5.835427275593959,0.2,0.2897959183673469,1
245.0,5.815600757492198,0.1510204081632653,0.39591836734693875,1
245.0,5.822853885632207,0.15918367346938775,0.3510204081632653,1
245.0,5.830934789532322,0.1346938775510204,0.4326530612244898,1
245.0,5.827976729285144,0.1510204081632653,0.40816326530612246,1
246.0,5.762254076859835,0.1910569105691057,0.33739837398373984,1
246.0,5.757674846640059,0.18292682926829268,0.34552845528455284,1
245.0,5.771779814192192,0.16326530612244897,0.2653061224489796,1
246.0,5.852979088258176,0.15853658536585366,0.3902439024390244,1
246.0,5.813273692182202,0.21138211382113822,0.32113821138211385,1
246.0,5.826530968637541,0.16666666666666666,0.32113821138211385,1
246.0,5.791952767716088,0.16666666666666666,0.35772357723577236,1
246.0,5.861818991324598,0.15853658536585366,0.35365853658536583,1
246.0,5.738280944472714,0.17886178861788618,0.33739837398373984,1
245.0,5.7731651741543155,0.11428571428571428,0.4122448979591837,1
246.0,5.8036506355185455,0.12601626016260162,0.34552845528455284,1
246.0,5.782906436781094,0.1951219512195122,0.34552845528455284,1
246.0,5.743188981561453,0.16260162601626016,0.3861788617886179,1
246.0,5.746910834945944,0.17886178861788618,0.3130081300813008,1
246.0,5.757467747717939,0.18699186991869918,0.3048780487804878,1
246.0,5.815672433913025,0.14227642276422764,0.32926829268292684,1
246.0,5.7368053418136675,0.14227642276422764,0.36585365853658536,1
245.0,5.814491624178764,0.17142857142857143,0.34285714285714286,1
246.0,5.783101710329918,0.12601626016260162,0.3821138211382114,1
246.0,5.796937284077882,0.15447154471544716,0.3333333333333333,1
246.0,5.825719054246402,0.17479674796747968,0.3861788617886179,1
246.0,5.8249329869781015,0.13008130081300814,0.34146341463414637,1
246.0,5.769620399531847,0.17479674796747968,0.32926829268292684,1
246.0,5.801053706567827,0.15040650406504066,0.3861788617886179,1
246.0,5.791847761419493,0.16666666666666666,0.3048780487804878,1
246.0,5.8030094896604965,0.17479674796747968,0.32113821138211385,1
246.0,5.76366435456558,0.17479674796747968,0.2601626016260163,1
160.0,5.660977749185863,0.2,0.325,1
31.0,3.804148424760964,0.1935483870967742,0.0,1
28.0,3.7979026896829464,0.17857142857142858,0.0,1
31.0,4.037861731142788,0.22580645161290322,0.0,1
30.0,3.7185077804617443,0.16666666666666666,0.0,1
29.0,3.9523029776623866,0.20689655172413793,0.0,1
244.0,5.796763272359202,0.20081967213114754,0.3442622950819672,1
244.0,5.76774558604176,0.12704918032786885,0.38524590163934425,1
243.0,5.795744127414061,0.14814814814814814,0.3374485596707819,1
244.0,5.771515461524209,0.1598360655737705,0.4057377049180328,1
244.0,5.729800725200141,0.1680327868852459,0.38524590163934425,1
244.0,5.808279665598855,0.16393442622950818,0.39344262295081966,1
243.0,5.814604272724688,0.15637860082304528,0.3333333333333333,1
244.0,5.804273350231995,0.18032786885245902,0.3401639344262295,1
244.0,5.676075526509213,0.13524590163934427,0.38524590163934425,1
244.0,5.757882729337908,0.1680327868852459,0.3319672131147541,1
244.0,5.72399408745283,0.13114754098360656,0.36065573770491804,1
245.0,5.83788929132847,0.15918367346938775,0.35918367346938773,1
245.0,5.770965259657309,0.1673469387755102,0.31020408163265306,1
245.0,5.800972965959651,0.14285714285714285,0.3510204081632653,1
243.0,5.8252369150027326,0.16049382716049382,0.32098765432098764,1
245.0,5.779469434680819,0.1673469387755102,0.363265306122449,1
245.0,5.805436573836391,0.11836734693877551,0.4204081632653061,1
245.0,5.7388961743241556,0.1836734693877551,0.3306122448979592,1
245.0,5.794060747537026,0.18775510204081633,0.35918367346938773,1
245.0,5.753205016766472,0.20408163265306123,0.31020408163265306,1
245.0,5.8189693574666945,0.15918367346938775,0.39183673469387753,1
244.0,5.79441049352814,0.1762295081967213,0.3401639344262295,1
245.0,5.825331374362995,0.15510204081632653,0.3673469387755102,1
245.0,5.8243713069019,0.1510204081632653,0.363265306122449,1
245.0,5.762641728651265,0.17551020408163265,0.37142857142857144,1
245.0,5.722338451178092,0.15510204081632653,0.3346938775510204,1
245.0,5.805658643471431,0.17959183673469387,0.3551020408163265,1
245.0,5.829937569602341,0.17959183673469387,0.3510204081632653,1
245.0,5.784646435347408,0.17551020408163265,0.37551020408163266,1
245.0,5.681069476368896,0.1510204081632653,0.27346938775510204,1
245.0,5.820428348574038,0.15918367346938775,0.30612244897959184,1
245.0,5.8272922146801935,0.15918367346938775,0.3551020408163265,1
245.0,5.771532465728403,0.17551020408163265,0.3183673469387755,1
245.0,5.725502659854865,0.16326530612244897,0.37551020408163266,1
245.0,5.739545566979003,0.1306122448979592,0.3510204081632653,1
245.0,5.87325598989995,0.17142857142857143,0.3183673469387755,1
245.0,5.802175425802153,0.19183673469387755,0.3551020408163265,1
244.0,5.752762058475288,0.16393442622950818,0.3401639344262295,1
245.0,5.8090307963720464,0.16326530612244897,0.3551020408163265,1
243.0,5.753158323025487,0.12345679012345678,0.3868312757201646,1
244.0,5.790706919316909,0.16393442622950818,0.3360655737704918,1
245.0,5.725910274018576,0.12244897959183673,0.39591836734693875,1
244.0,5.842239349462836,0.1680327868852459,0.3401639344262295,1
245.0,5.755122899917606,0.1510204081632653,0.3836734693877551,1
245.0,5.801799394134665,0.15918367346938775,0.363265306122449,1
244.0,5.81570930551852,0.11475409836065574,0.3442622950819672,1
245.0,5.773153739582205,0.17959183673469387,0.2979591836734694,1
245.0,5.787793639479409,0.1673469387755102,0.3224489795918367,1
245.0,5.83847957088728,0.12653061224489795,0.363265306122449,1
245.0,5.833426357244275,0.1510204081632653,0.3673469387755102,1
245.0,5.759407441755396,0.13877551020408163,0.37142857142857144,1
245.0,5.8006195088095875,0.14285714285714285,0.3306122448979592,1
245.0,5.7854327854899354,0.1836734693877551,0.33877551020408164,1
245.0,5.810122251348168,0.18775510204081633,0.37142857142857144,1
245.0,5.811173628291798,0.16326530612244897,0.3306122448979592,1
244.0,5.80499662184979,0.18032786885245902,0.35655737704918034,1
245.0,5.784275973652575,0.17142857142857143,0.363265306122449,1
245.0,5.752107083300622,0.2,0.34285714285714286,1
245.0,5.816378159558196,0.1469387755102041,0.4163265306122449,1
245.0,5.77769481268484,0.17142857142857143,0.34285714285714286,1
244.0,5.7894903109248155,0.15163934426229508,0.38114754098360654,1
245.0,5.777771369393664,0.16326530612244897,0.3306122448979592,1
244.0,5.833450605968019,0.1598360655737705,0.3360655737704918,1
245.0,5.748978231298483,0.18775510204081633,0.33877551020408164,1
245.0,5.7981019884763425,0.18775510204081633,0.3469387755102041,1
245.0,5.803171302478143,0.15510204081632653,0.3306122448979592,1
245.0,5.785555898720974,0.18775510204081633,0.34285714285714286,1
245.0,5.824542098656866,0.1673469387755102,0.35918367346938773,1
245.0,5.797692122541566,0.1510204081632653,0.363265306122449,1
245.0,5.785054049511122,0.17959183673469387,0.37142857142857144,1
245.0,5.745670761466557,0.17551020408163265,0.35918367346938773,1
245.0,5.799550453528643,0.17959183673469387,0.31020408163265306,1
245.0,5.804356318707862,0.1469387755102041,0.363265306122449,1
245.0,5.765067265709435,0.2,0.3306122448979592,1
244.0,5.733612821662116,0.14754098360655737,0.3729508196721312,1
245.0,5.832742516431869,0.1510204081632653,0.39183673469387753,1
245.0,5.717879070020022,0.11836734693877551,0.3510204081632653,1
245.0,5.765315287965771,0.1469387755102041,0.35918367346938773,1
244.0,5.765707470668917,0.19672131147540983,0.32786885245901637,1
245.0,5.8538489596020336,0.20816326530612245,0.30612244897959184,1
245.0,5.735164994300817,0.1673469387755102,0.37142857142857144,1
245.0,5.784409612938657,0.15918367346938775,0.2938775510204082,1
245.0,5.797472069953063,0.19591836734693877,0.3551020408163265,1
245.0,5.805960148948873,0.15918367346938775,0.3306122448979592,1
245.0,5.767399241514007,0.1346938775510204,0.34285714285714286,1
244.0,5.837336917649024,0.14344262295081966,0.36475409836065575,1
244.0,5.796828897076431,0.11885245901639344,0.4098360655737705,1
245.0,5.826488186200354,0.17142857142857143,0.3551020408163265,1
244.0,5.796473991331492,0.1721311475409836,0.3442622950819672,1
244.0,5.8165532573761585,0.1721311475409836,0.3729508196721312,1
245.0,5.765606267388169,0.1673469387755102,0.33877551020408164,1
245.0,5.843051539221348,0.1836734693877551,0.3183673469387755,1
245.0,5.814360910456288,0.1673469387755102,0.33877551020408164,1
245.0,5.842367698408943,0.17142857142857143,0.3306122448979592,1
245.0,5.7511203894256875,0.17142857142857143,0.3346938775510204,1
245.0,5.770451536807328,0.16326530612244897,0.3142857142857143,1
245.0,5.7912929531763835,0.1673469387755102,0.3346938775510204,1
245.0,5.788000909910711,0.19183673469387755,0.34285714285714286,1
245.0,5.769069776201352,0.1673469387755102,0.32653061224489793,1
244.0,5.792687718167508,0.13934426229508196,0.3524590163934426,1
246.0,5.7522186108462074,0.14634146341463414,0.4024390243902439,1
246.0,5.788108535331212,0.13414634146341464,0.33739837398373984,1
245.0,5.789993553976416,0.17551020408163265,0.34285714285714286,1
246.0,5.770262216443446,0.15853658536585366,0.32926829268292684,1
246.0,5.798785147202886,0.2073170731707317,0.32113821138211385,1
246.0,5.791217098827645,0.17073170731707318,0.32926829268292684,1
246.0,5.7356833444684465,0.1910569105691057,0.3333333333333333,1
246.0,5.7496105275757365,0.1991869918699187,0.3130081300813008,1
246.0,5.739252473077192,0.16260162601626016,0.3780487804878049,1
245.0,5.75606884196751,0.20816326530612245,0.3183673469387755,1
246.0,5.785985568430072,0.15447154471544716,0.3617886178861789,1
245.0,5.798023853789002,0.14285714285714285,0.3224489795918367,1
246.0,5.793945552251345,0.12195121951219512,0.34959349593495936,1
246.0,5.827606832485063,0.14634146341463414,0.36585365853658536,1
246.0,5.787050949011393,0.2032520325203252,0.3130081300813008,1
246.0,5.798336407463877,0.15853658536585366,0.3170731707317073,1
246.0,5.791205944507892,0.12195121951219512,0.37398373983739835,1
246.0,5.846493355884859,0.14227642276422764,0.3333333333333333,1
246.0,5.816132327971783,0.17479674796747968,0.3130081300813008,1
246.0,5.745474476347,0.17479674796747968,0.32113821138211385,1
246.0,5.834689139678707,0.15853658536585366,0.35365853658536583,1
245.0,5.779931879650729,0.1836734693877551,0.34285714285714286,1
245.0,5.771477634922207,0.19591836734693877,0.3510204081632653,1
246.0,5.815255322397703,0.2032520325203252,0.3130081300813008,1
246.0,5.772689047914626,0.12195121951219512,0.34146341463414637,1
246.0,5.8296277067606725,0.14634146341463414,0.3333333333333333,1
245.0,5.803068119355477,0.19183673469387755,0.3510204081632653,1
160.0,5.776698622820568,0.16875,0.31875,1
31.0,3.93318068282548,0.1935483870967742,0.0,1
29.0,3.9523029776623866,0.20689655172413793,0.0,1
29.0,3.8833374604210067,0.20689655172413793,0.0,1
29.0,4.021268494903765,0.20689655172413793,0.0,1
244.0,5.743258351557661,0.14754098360655737,0.30327868852459017,1
244.0,5.8044158454150505,0.1721311475409836,0.3237704918032787,1
244.0,5.754368161950855,0.12295081967213115,0.36065573770491804,1
244.0,5.727287700396504,0.1598360655737705,0.3155737704918033,1
244.0,5.88063306075075,0.1598360655737705,0.319672131147541,1
244.0,5.84124928831453,0.1598360655737705,0.3483606557377049,1
244.0,5.776245725062854,0.14754098360655737,0.3770491803278688,1
243.0,5.779533285656042,0.16872427983539096,0.345679012345679,1
244.0,5.830883202195757,0.14754098360655737,0.4139344262295082,1
244.0,5.827331565762118,0.1680327868852459,0.3524590163934426,1
245.0,5.846936741179405,0.17959183673469387,0.363265306122449,1
245.0,5.754761168483561,0.17551020408163265,0.3020408163265306,1
245.0,5.775323432640322,0.17959183673469387,0.3224489795918367,1
245.0,5.792609356921119,0.1836734693877551,0.3551020408163265,1
245.0,5.825539318586844,0.22857142857142856,0.32653061224489793,1
245.0,5.816142010941994,0.15510204081632653,0.3795918367346939,1
245.0,5.82394601440087,0.1836734693877551,0.37551020408163266,1
245.0,5.793425259041092,0.12244897959183673,0.3673469387755102,1
245.0,5.814152966232439,0.16326530612244897,0.37142857142857144,1
245.0,5.801369380275778,0.14285714285714285,0.33877551020408164,1
245.0,5.700168757424169,0.20408163265306123,0.2897959183673469,1
245.0,5.777375628870083,0.13877551020408163,0.3836734693877551,1
245.0,5.806576381128978,0.19591836734693877,0.35918367346938773,1
245.0,5.8410877733405435,0.17959183673469387,0.363265306122449,1
245.0,5.832032722998168,0.18775510204081633,0.3877551020408163,1
244.0,5.815230781980118,0.13934426229508196,0.3442622950819672,1
244.0,5.758595431761091,0.1680327868852459,0.29508196721311475,1
245.0,5.851109369633742,0.18775510204081633,0.3469387755102041,1
243.0,5.799683890397769,0.13991769547325103,0.35390946502057613,1
245.0,5.786977737359436,0.1510204081632653,0.37551020408163266,1
245.0,5.704425094869602,0.14285714285714285,0.31020408163265306,1
245.0,5.822657815048492,0.13877551020408163,0.3510204081632653,1
245.0,5.794469035493285,0.17959183673469387,0.3551020408163265,1
245.0,5.778746863421015,0.2,0.32653061224489793,1
245.0,5.822523501969866,0.1673469387755102,0.35918367346938773,1
245.0,5.773059739260591,0.15510204081632653,0.40816326530612246,1
244.0,5.776694575509148,0.1680327868852459,0.38524590163934425,1
245.0,5.784665909478975,0.17551020408163265,0.37142857142857144,1
245.0,5.838707445219499,0.1469387755102041,0.3551020408163265,1
244.0,5.870609958074322,0.15163934426229508,0.38524590163934425,1
245.0,5.793464663281034,0.11836734693877551,0.363265306122449,1
245.0,5.800870456629531,0.17959183673469387,0.3346938775510204,1
245.0,5.7684400924025985,0.1673469387755102,0.363265306122449,1
245.0,5.793151284163459,0.17551020408163265,0.3673469387755102,1
244.0,5.816315464383767,0.1680327868852459,0.3073770491803279,1
245.0,5.752742571796559,0.17959183673469387,0.3020408163265306,1
245.0,5.843484432213812,0.13877551020408163,0.3836734693877551,1
245.0,5.764933626423352,0.19183673469387755,0.35918367346938773,1
245.0,5.7667637530180755,0.1673469387755102,0.31020408163265306,1
244.0,5.708132870782916,0.15163934426229508,0.3155737704918033,1
245.0,5.700328349331547,0.17959183673469387,0.30612244897959184,1
245.0,5.760221996290277,0.1510204081632653,0.39183673469387753,1
245.0,5.804301487901662,0.1510204081632653,0.363265306122449,1
245.0,5.808226767892204,0.16326530612244897,0.363265306122449,1
245.0,5.8331783349879425,0.16326530612244897,0.3673469387755102,1
245.0,5.798022506203911,0.15918367346938775,0.3224489795918367,1
245.0,5.821004723973938,0.17142857142857143,0.3836734693877551,1
245.0,5.777004493382704,0.1469387755102041,0.33877551020408164,1
245.0,5.803843269650418,0.17959183673469387,0.35918367346938773,1
245.0,5.819573716006667,0.1836734693877551,0.31020408163265306,1
245.0,5.7999580676923586,0.2,0.3346938775510204,1
244.0,5.823932085814495,0.1598360655737705,0.3524590163934426,1
245.0,5.835008461582659,0.12244897959183673,0.4204081632653061,1
245.0,5.754136206042668,0.15918367346938775,0.33877551020408164,1
245.0,5.769257337776557,0.16326530612244897,0.3183673469387755,1
245.0,5.835917251163683,0.1346938775510204,0.3673469387755102,1
245.0,5.723368102219096,0.16326530612244897,0.3795918367346939,1
245.0,5.74638055490026,0.19591836734693877,0.3142857142857143,1
244.0,5.796035710079812,0.1885245901639344,0.3442622950819672,1
245.0,5.804396396740345,0.17551020408163265,0.3673469387755102,1
245.0,5.686553612387856,0.2,0.33877551020408164,1
244.0,5.822474746876389,0.20081967213114754,0.3319672131147541,1
245.0,5.8198387428077725,0.13877551020408163,0.3877551020408163,1
245.0,5.748978231298484,0.16326530612244897,0.3020408163265306,1
245.0,5.828449700310096,0.16326530612244897,0.34285714285714286,1
245.0,5.81492811652738,0.1469387755102041,0.42857142857142855,1
245.0,5.793795720735922,0.17551020408163265,0.33877551020408164,1
245.0,5.787898400580591,0.15510204081632653,0.37551020408163266,1
244.0,5.761054077596099,0.20491803278688525,0.3155737704918033,1
245.0,5.737810349222968,0.15918367346938775,0.33877551020408164,1
245.0,5.845012379538546,0.14285714285714285,0.32653061224489793,1
245.0,5.830080156964952,0.15918367346938775,0.3346938775510204,1
245.0,5.778455210206067,0.14285714285714285,0.33877551020408164,1
245.0,5.826531582434439,0.15510204081632653,0.31020408163265306,1
245.0,5.7767193186574906,0.14285714285714285,0.363265306122449,1
245.0,5.7858736011463145,0.1306122448979592,0.32653061224489793,1
245.0,5.784039151243827,0.18775510204081633,0.3224489795918367,1
245.0,5.7391556311526015,0.12653061224489795,0.30612244897959184,1
245.0,5.815204343176069,0.1673469387755102,0.3551020408163265,1
245.0,5.755795540882424,0.20408163265306123,0.3142857142857143,1
245.0,5.746817047248874,0.1510204081632653,0.2938775510204082,1
245.0,5.865198159487553,0.1673469387755102,0.34285714285714286,1
245.0,5.8155718793072975,0.15510204081632653,0.2857142857142857,1
245.0,5.784989366442427,0.2,0.2897959183673469,1
244.0,5.820239757351862,0.1762295081967213,0.36065573770491804,1
245.0,5.820995554645132,0.14285714285714285,0.3510204081632653,1
245.0,5.745696714087852,0.1673469387755102,0.3183673469387755,1
245.0,5.748949353113582,0.15918367346938775,0.3510204081632653,1
245.0,5.856048874099037,0.1469387755102041,0.4326530612244898,1
245.0,5.803948704544143,0.19591836734693877,0.3183673469387755,1
245.0,5.753073629251449,0.16326530612244897,0.3836734693877551,1
246.0,5.784926640003152,0.18292682926829268,0.2601626016260163,1
246.0,5.7936046862387185,0.13008130081300814,0.3333333333333333,1
246.0,5.815737525095968,0.21138211382113822,0.3780487804878049,1
246.0,5.773018088553954,0.16666666666666666,0.3780487804878049,1
246.0,5.724843087271635,0.15040650406504066,0.34959349593495936,1
246.0,5.783717680118681,0.17886178861788618,0.37398373983739835,1
245.0,5.76377614079345,0.2,0.3224489795918367,1
246.0,5.833218472955367,0.16260162601626016,0.3333333333333333,1
245.0,5.835150375152726,0.1346938775510204,0.37142857142857144,1
245.0,5.850473881137808,0.1673469387755102,0.35918367346938773,1
246.0,5.758949568761027,0.21138211382113822,0.34552845528455284,1
245.0,5.785213641418499,0.17551020408163265,0.3183673469387755,1
246.0,5.828211647954073,0.17479674796747968,0.37398373983739835,1
246.0,5.842961228718705,0.16666666666666666,0.35365853658536583,1
246.0,5.800499960532222,0.2073170731707317,0.3617886178861789,1
246.0,5.7548420579733115,0.15040650406504066,0.35772357723577236,1
245.0,5.775297480019026,0.1673469387755102,0.3306122448979592,1
246.0,5.838465367209576,0.15853658536585366,0.37398373983739835,1
246.0,5.738280944472716,0.13821138211382114,0.3983739837398374,1
246.0,5.7722543299251505,0.17886178861788618,0.3252032520325203,1
246.0,5.79473425317907,0.1910569105691057,0.34552845528455284,1
245.0,5.78407855548377,0.1673469387755102,0.3346938775510204,1
246.0,5.7686383876611735,0.16666666666666666,0.3780487804878049,1
246.0,5.781707289109268,0.17886178861788618,0.3130081300813008,1
245.0,5.789623092281583,0.1673469387755102,0.3551020408163265,1
246.0,5.743617481166887,0.15040650406504066,0.35365853658536583,1
160.0,5.675350226750423,0.1625,0.35,1
31.0,3.868664553793222,0.1935483870967742,0.0,1
29.0,3.857306856898129,0.20689655172413793,0.0,1
29.0,4.021268494903765,0.20689655172413793,0.0,1
29.0,3.857306856898129,0.20689655172413793,0.0,1
244.0,5.771485788432102,0.13934426229508196,0.38524590163934425,1
244.0,5.827920650391835,0.14754098360655737,0.3770491803278688,1
244.0,5.834849951829886,0.1762295081967213,0.32786885245901637,1
244.0,5.8143472643897525,0.14344262295081966,0.3360655737704918,1
244.0,5.824749978687632,0.16393442622950818,0.3524590163934426,1
244.0,5.825227825672046,0.18032786885245902,0.3524590163934426,1
244.0,5.823610917315357,0.1598360655737705,0.319672131147541,1
244.0,5.80297851826609,0.18032786885245902,0.32786885245901637,1
244.0,5.768051941305,0.1721311475409836,0.32786885245901637,1
244.0,5.83570876354374,0.1598360655737705,0.36475409836065575,1
245.0,5.828923345127595,0.11836734693877551,0.40816326530612246,1
245.0,5.764278663795847,0.22857142857142856,0.2816326530612245,1
245.0,5.798364763506386,0.15510204081632653,0.3142857142857143,1
245.0,5.777734216924782,0.19183673469387755,0.31020408163265306,1
245.0,5.751480325065479,0.1346938775510204,0.3673469387755102,1
245.0,5.820959075968792,0.17142857142857143,0.3224489795918367,1
245.0,5.704501651578428,0.17142857142857143,0.3224489795918367,1
245.0,5.771532465728403,0.1836734693877551,0.34285714285714286,1
245.0,5.813782504537608,0.16326530612244897,0.3469387755102041,1
245.0,5.830267953264687,0.18775510204081633,0.3306122448979592,1
245.0,5.762336623817672,0.15918367346938775,0.27755102040816326,1
244.0,5.786765552113287,0.16393442622950818,0.3483606557377049,1
245.0,5.771466435074621,0.17959183673469387,0.4,1
244.0,5.8207169277822866,0.15163934426229508,0.36475409836065575,1
245.0,5.745594204757732,0.17959183673469387,0.3224489795918367,1
245.0,5.84432853872614,0.1673469387755102,0.34285714285714286,1
245.0,5.720904738899501,0.15510204081632653,0.39183673469387753,1
245.0,5.759683668404087,0.1673469387755102,0.2612244897959184,1
245.0,5.7454887698640045,0.23673469387755103,0.3469387755102041,1
245.0,5.767741498816484,0.14285714285714285,0.3469387755102041,1
245.0,5.819405849815308,0.14285714285714285,0.35918367346938773,1
245.0,5.742418796233376,0.15918367346938775,0.3306122448979592,1
245.0,5.775904764122605,0.1469387755102041,0.3551020408163265,1
245.0,5.785449555310177,0.17142857142857143,0.363265306122449,1
244.0,5.75384741743293,0.16393442622950818,0.3442622950819672,1
245.0,5.774747278492701,0.17142857142857143,0.31020408163265306,1
245.0,5.799721245283608,0.17551020408163265,0.3673469387755102,1
244.0,5.800598096004891,0.1721311475409836,0.3442622950819672,1
245.0,5.79660066756545,0.12653061224489795,0.32653061224489793,1
245.0,5.802497987720779,0.17959183673469387,0.3142857142857143,1
245.0,5.819166101842956,0.18775510204081633,0.3836734693877551,1
245.0,5.825225939469269,0.17551020408163265,0.3183673469387755,1
245.0,5.793898230066045,0.17551020408163265,0.3224489795918367,1
245.0,5.741268228161216,0.15918367346938775,0.3469387755102041,1
245.0,5.835968529043757,0.17551020408163265,0.3551020408163265,1
245.0,5.818852722725383,0.11836734693877551,0.35918367346938773,1
245.0,5.808910608704611,0.19591836734693877,0.3469387755102041,1
245.0,5.805305860113913,0.14285714285714285,0.3142857142857143,1
245.0,5.804622019301505,0.14285714285714285,0.3877551020408163,1
245.0,5.85092737803119,0.1469387755102041,0.39183673469387753,1
245.0,5.773456153576718,0.1469387755102041,0.35918367346938773,1
245.0,5.8078927848737125,0.14285714285714285,0.3510204081632653,1
245.0,5.815506522446059,0.17142857142857143,0.3469387755102041,1
245.0,5.713219441718641,0.15918367346938775,0.3142857142857143,1
245.0,5.82177430429622,0.1673469387755102,0.3673469387755102,1
245.0,5.804723854839083,0.1510204081632653,0.3469387755102041,1
245.0,5.735809430873281,0.16326530612244897,0.3510204081632653,1
245.0,5.761957887838861,0.20408163265306123,0.37142857142857144,1
245.0,5.832337154039218,0.1510204081632653,0.3836734693877551,1
245.0,5.79654583675925,0.2,0.34285714285714286,1
244.0,5.773904191980394,0.11475409836065574,0.38114754098360654,1
245.0,5.833559996530359,0.1673469387755102,0.35918367346938773,1
245.0,5.828751879580084,0.1469387755102041,0.3836734693877551,1
244.0,5.797391922721653,0.14754098360655737,0.35655737704918034,1
245.0,5.79986383264622,0.1469387755102041,0.363265306122449,1
245.0,5.81045263501051,0.1673469387755102,0.363265306122449,1
245.0,5.798695147168729,0.1673469387755102,0.3224489795918367,1
245.0,5.822247275321175,0.19591836734693877,0.3346938775510204,1
245.0,5.726830263447187,0.10204081632653061,0.3183673469387755,1
244.0,5.751932919853547,0.16393442622950818,0.319672131147541,1
245.0,5.76608840774193,0.17959183673469387,0.3306122448979592,1
245.0,5.825841497856834,0.15510204081632653,0.3836734693877551,1
245.0,5.794742336578373,0.20408163265306123,0.3020408163265306,1
245.0,5.773704175833055,0.15918367346938775,0.42448979591836733,1
245.0,5.806539228660094,0.17142857142857143,0.3551020408163265,1
245.0,5.781903919815513,0.1510204081632653,0.34285714285714286,1
245.0,5.794232213084535,0.18775510204081633,0.3469387755102041,1
245.0,5.831216820878198,0.17959183673469387,0.37551020408163266,1
245.0,5.7833293578101275,0.1510204081632653,0.3510204081632653,1
245.0,5.796745506699116,0.15918367346938775,0.3469387755102041,1
245.0,5.74230216149206,0.1673469387755102,0.3346938775510204,1
245.0,5.814728446587513,0.16326530612244897,0.3469387755102041,1
245.0,5.765104418178316,0.1510204081632653,0.39591836734693875,1
245.0,5.7891212430717305,0.1836734693877551,0.3183673469387755,1
245.0,5.811097071582973,0.1346938775510204,0.363265306122449,1
245.0,5.722563399946711,0.12653061224489795,0.32653061224489793,1
245.0,5.83936308163955,0.15510204081632653,0.34285714285714286,1
245.0,5.808765769570944,0.19183673469387755,0.3142857142857143,1
245.0,5.834335146825297,0.12244897959183673,0.3795918367346939,1
245.0,5.78417053875885,0.1510204081632653,0.3183673469387755,1
245.0,5.742538983900809,0.1673469387755102,0.2816326530612245,1
245.0,5.794771214763272,0.15918367346938775,0.34285714285714286,1
244.0,5.707351606088888,0.16393442622950818,0.3483606557377049,1
244.0,5.770441348315172,0.13114754098360656,0.29918032786885246,1
245.0,5.800299651202286,0.19591836734693877,0.3469387755102041,1
245.0,5.81303263307142,0.17142857142857143,0.363265306122449,1
245.0,5.79687689421414,0.14285714285714285,0.4163265306122449,1
245.0,5.823868783899502,0.17551020408163265,0.3224489795918367,1
245.0,5.819008761706634,0.16326530612244897,0.3836734693877551,1
245.0,5.765249931104528,0.15918367346938775,0.35918367346938773,1
245.0,5.791216396467558,0.19183673469387755,0.3183673469387755,1
246.0,5.807965916281936,0.17479674796747968,0.34959349593495936,1
245.0,5.847050450357115,0.17551020408163265,0.4122448979591837,1
246.0,5.8177220689825395,0.18292682926829268,0.4105691056910569,1
245.0,5.745448691831519,0.14285714285714285,0.3142857142857143,1
246.0,5.797250060350156,0.17073170731707318,0.34146341463414637,1
246.0,5.800752755668857,0.1910569105691057,0.3617886178861789,1
245.0,5.836376143207472,0.1673469387755102,0.3306122448979592,1
246.0,5.80534314020838,0.15447154471544716,0.3252032520325203,1
246.0,5.803094646865423,0.13821138211382114,0.34146341463414637,1
246.0,5.726542490503052,0.1910569105691057,0.3252032520325203,1
246.0,5.834924999394738,0.1951219512195122,0.32113821138211385,1
246.0,5.730772380291157,0.18292682926829268,0.3089430894308943,1
246.0,5.8171549260096675,0.17886178861788618,0.34552845528455284,1
245.0,5.7983049766178025,0.19591836734693877,0.3469387755102041,1
246.0,5.750319678287797,0.14227642276422764,0.35772357723577236,1
246.0,5.749820540168937,0.15447154471544716,0.34959349593495936,1
246.0,5.743004425049191,0.21951219512195122,0.2804878048780488,1
246.0,5.77980835655086,0.16666666666666666,0.35772357723577236,1
246.0,5.777268278134403,0.17073170731707318,0.3333333333333333,1
246.0,5.791901698282681,0.15447154471544716,0.36585365853658536,1
245.0,5.82702718787909,0.15510204081632653,0.35918367346938773,1
246.0,5.80094870027123,0.14634146341463414,0.3983739837398374,1
246.0,5.787949592171424,0.18699186991869918,0.3089430894308943,1
245.0,5.73824616777904,0.15510204081632653,0.3795918367346939,1
245.0,5.777876130494845,0.14285714285714285,0.3224489795918367,1
246.0,5.80800224667097,0.2032520325203252,0.3130081300813008,1
160.0,5.543580745927776,0.24375,0.325,1
31.0,3.93318068282548,0.1935483870967742,0.0,1
29.0,3.8143719431796277,0.20689655172413793,0.0,1
29.0,3.9523029776623866,0.20689655172413793,0.0,1
29.0,3.693345218892492,0.20689655172413793,0.0,1
244.0,5.803425784266744,0.14754098360655737,0.36065573770491804,1
244.0,5.808024798370933,0.1762295081967213,0.3114754098360656,1
243.0,5.779561722183315,0.15637860082304528,0.39094650205761317,1
244.0,5.8190662821797945,0.14754098360655737,0.3442622950819672,1
244.0,5.799856397043588,0.13934426229508196,0.36065573770491804,1
244.0,5.811567450055606,0.18032786885245902,0.29918032786885246,1
244.0,5.787985098059001,0.13934426229508196,0.36885245901639346,1
244.0,5.826827659793207,0.1762295081967213,0.319672131147541,1
244.0,5.85330982980981,0.13934426229508196,0.36885245901639346,1
244.0,5.780618191923255,0.20081967213114754,0.3073770491803279,1
245.0,5.778651954582329,0.12653061224489795,0.37142857142857144,1
245.0,5.8044610798090375,0.17959183673469387,0.32653061224489793,1
245.0,5.817153983645683,0.15918367346938775,0.37551020408163266,1
245.0,5.802195134658247,0.17142857142857143,0.3836734693877551,1
245.0,5.822458145108627,0.15510204081632653,0.33877551020408164,1
245.0,5.80201381684824,0.17551020408163265,0.3346938775510204,1
245.0,5.706881305906928,0.1346938775510204,0.4,1
245.0,5.76913513306259,0.16326530612244897,0.3224489795918367,1
245.0,5.816332950621073,0.17551020408163265,0.35918367346938773,1
245.0,5.793587776512076,0.19183673469387755,0.3551020408163265,1
245.0,5.69623295137858,0.1836734693877551,0.3142857142857143,1
245.0,5.809990863833145,0.1469387755102041,0.33877551020408164,1
245.0,5.73832920297759,0.16326530612244897,0.30612244897959184,1
245.0,5.800733891779841,0.16326530612244897,0.3795918367346939,1
244.0,5.812060786829905,0.16393442622950818,0.39344262295081966,1
245.0,5.821631716933611,0.1510204081632653,0.37142857142857144,1
245.0,5.7522125181943515,0.12653061224489795,0.3877551020408163,1
244.0,5.813594319679848,0.13524590163934427,0.3975409836065574,1
245.0,5.770121153144982,0.15510204081632653,0.40408163265306124,1
245.0,5.75334985590014,0.20816326530612245,0.2938775510204082,1
243.0,5.761005327220278,0.1522633744855967,0.35802469135802467,1
245.0,5.78857931582939,0.1673469387755102,0.40408163265306124,1
245.0,5.77994600506192,0.15918367346938775,0.3673469387755102,1
245.0,5.789585939812703,0.17142857142857143,0.37551020408163266,1
245.0,5.67973831985045,0.1346938775510204,0.3224489795918367,1
244.0,5.810021994903072,0.18442622950819673,0.3237704918032787,1
245.0,5.762773116166286,0.15918367346938775,0.33877551020408164,1
245.0,5.832611128916848,0.1469387755102041,0.363265306122449,1
245.0,5.79808786306515,0.17551020408163265,0.37142857142857144,1
245.0,5.83477163917391,0.1510204081632653,0.3877551020408163,1
245.0,5.802101573404653,0.15918367346938775,0.3306122448979592,1
245.0,5.816863004223281,0.17551020408163265,0.34285714285714286,1
244.0,5.842239349462834,0.1885245901639344,0.3401639344262295,1
245.0,5.780245258768303,0.17142857142857143,0.31020408163265306,1
245.0,5.801998390281984,0.12244897959183673,0.37551020408163266,1
245.0,5.82014092207776,0.14285714285714285,0.363265306122449,1
244.0,5.780778437895827,0.1762295081967213,0.3524590163934426,1
245.0,5.776842197164004,0.16326530612244897,0.3673469387755102,1
244.0,5.83049997646669,0.1598360655737705,0.36065573770491804,1
245.0,5.797196751821441,0.15510204081632653,0.37551020408163266,1
245.0,5.784115707952651,0.20816326530612245,0.3142857142857143,1
245.0,5.772310541586946,0.1510204081632653,0.3469387755102041,1
245.0,5.786068947778413,0.1469387755102041,0.32653061224489793,1
245.0,5.796233131434222,0.19591836734693877,0.33877551020408164,1
245.0,5.822352710214898,0.17142857142857143,0.32653061224489793,1
245.0,5.755282491824983,0.17142857142857143,0.3346938775510204,1
245.0,5.790107263154124,0.16326530612244897,0.3469387755102041,1
245.0,5.751927343469135,0.17142857142857143,0.2938775510204082,1
245.0,5.840537571814219,0.16326530612244897,0.3510204081632653,1
244.0,5.795363249943345,0.1721311475409836,0.3114754098360656,1
245.0,5.780684002887979,0.1836734693877551,0.3224489795918367,1
245.0,5.806026179602653,0.17142857142857143,0.3142857142857143,1
245.0,5.788040314150653,0.19591836734693877,0.3183673469387755,1
245.0,5.697259723286003,0.1673469387755102,0.35918367346938773,1
245.0,5.798470198400113,0.14285714285714285,0.33877551020408164,1
245.0,5.786541918803367,0.18775510204081633,0.32653061224489793,1
245.0,5.772045514785842,0.17959183673469387,0.32653061224489793,1
245.0,5.807237148453664,0.18775510204081633,0.39183673469387753,1
245.0,5.77831262284346,0.19183673469387755,0.2938775510204082,1
245.0,5.878509547275364,0.16326530612244897,0.3510204081632653,1
245.0,5.836168198983621,0.13877551020408163,0.34285714285714286,1
245.0,5.782682669466604,0.18775510204081633,0.3142857142857143,1
245.0,5.66703152532714,0.2,0.2653061224489796,1
245.0,5.799208196226169,0.1346938775510204,0.40408163265306124,1
244.0,5.833424546983521,0.16393442622950818,0.38934426229508196,1
245.0,5.825870376041729,0.16326530612244897,0.30612244897959184,1
245.0,5.802053221088185,0.12653061224489795,0.4204081632653061,1
245.0,5.774162394084297,0.17142857142857143,0.3346938775510204,1
245.0,5.774929270095255,0.15510204081632653,0.3510204081632653,1
244.0,5.818447965325443,0.1557377049180328,0.4016393442622951,1
245.0,5.8330187430805625,0.15918367346938775,0.3510204081632653,1
245.0,5.825382605813046,0.23673469387755103,0.2897959183673469,1
245.0,5.793596050796056,0.12244897959183673,0.3224489795918367,1
245.0,5.860797656700995,0.15510204081632653,0.34285714285714286,1
245.0,5.806793729406156,0.14285714285714285,0.40408163265306124,1
245.0,5.802053894880728,0.12244897959183673,0.3510204081632653,1
245.0,5.809438410535759,0.17142857142857143,0.32653061224489793,1
245.0,5.791292953176383,0.18775510204081633,0.40816326530612246,1
245.0,5.7861737088795975,0.1673469387755102,0.35918367346938773,1
245.0,5.773798410879193,0.17551020408163265,0.35918367346938773,1
245.0,5.806804255461199,0.12653061224489795,0.37142857142857144,1
245.0,5.773638818971814,0.17959183673469387,0.35918367346938773,1
245.0,5.7146369570493345,0.15918367346938775,0.35918367346938773,1
245.0,5.84598719977335,0.16326530612244897,0.34285714285714286,1
244.0,5.771837756623421,0.19262295081967212,0.3360655737704918,1
245.0,5.854019751356996,0.12653061224489795,0.3673469387755102,1
245.0,5.765474879873149,0.1469387755102041,0.33877551020408164,1
245.0,5.744892685608013,0.1469387755102041,0.3551020408163265,1
245.0,5.8304788230521405,0.20408163265306123,0.30612244897959184,1
245.0,5.780499759514366,0.15510204081632653,0.33877551020408164,1
246.0,5.750584298797735,0.17886178861788618,0.32113821138211385,1
246.0,5.755023309772602,0.16260162601626016,0.3333333333333333,1
246.0,5.779167210692812,0.15447154471544716,0.3617886178861789,1
245.0,5.764537885899767,0.17551020408163265,0.3306122448979592,1
246.0,5.759866489448761,0.16666666666666666,0.32926829268292684,1
246.0,5.775192795942047,0.18292682926829268,0.33739837398373984,1
246.0,5.738962005444417,0.15040650406504066,0.3821138211382114,1
245.0,5.740313116782506,0.17959183673469387,0.3551020408163265,1
246.0,5.838410759292836,0.15853658536585366,0.35365853658536583,1
246.0,5.772811426915015,0.15853658536585366,0.36585365853658536,1
245.0,5.789754479796606,0.1673469387755102,0.3306122448979592,1
246.0,5.83499009057768,0.13008130081300814,0.4024390243902439,1
246.0,5.7485143639358744,0.1951219512195122,0.2886178861788618,1
246.0,5.793263820226092,0.16260162601626016,0.37398373983739835,1
246.0,5.773330193772677,0.13008130081300814,0.3821138211382114,1
246.0,5.806890052434414,0.14227642276422764,0.36585365853658536,1
246.0,5.819280135528322,0.15853658536585366,0.4105691056910569,1
245.0,5.808594304023433,0.14285714285714285,0.3877551020408163,1
245.0,5.78061639425568,0.16326530612244897,0.3306122448979592,1
246.0,5.858832135775004,0.16260162601626016,0.36585365853658536,1
246.0,5.766344652226945,0.17073170731707318,0.34146341463414637,1
246.0,5.857199845991168,0.16260162601626016,0.32113821138211385,1
246.0,5.706788093584287,0.1951219512195122,0.2886178861788618,1
246.0,5.7506975457430105,0.15447154471544716,0.34959349593495936,1
246.0,5.802603532464929,0.16260162601626016,0.3252032520325203,1
246.0,5.755511730854906,0.16666666666666666,0.34146341463414637,1
246.0,5.834320183925723,0.17886178861788618,0.34959349593495936,1
160.0,5.6076080983674865,0.16875,0.25625,1
31.0,3.715281085981497,0.1935483870967742,0.0,1
29.0,3.9523029776623866,0.20689655172413793,0.0,1
29.0,3.8833374604210067,0.20689655172413793,0.0,1
29.0,3.8833374604210067,0.20689655172413793,0.0,1
244.0,5.813565323141731,0.1598360655737705,0.3442622950819672,1
244.0,5.785815733251701,0.16393442622950818,0.36885245901639346,1
244.0,5.7560280279888305,0.1885245901639344,0.3237704918032787,1
244.0,5.804378540681952,0.18442622950819673,0.3319672131147541,1
243.0,5.794244691622178,0.10699588477366255,0.39094650205761317,1
243.0,5.748404964401265,0.12757201646090535,0.37448559670781895,1
244.0,5.787031665089805,0.13524590163934427,0.3401639344262295,1
244.0,5.827989889216675,0.1598360655737705,0.35655737704918034,1
244.0,5.779284470778615,0.20081967213114754,0.3524590163934426,1
244.0,5.757817104620682,0.14754098360655737,0.36885245901639346,1
245.0,5.752742571796558,0.17551020408163265,0.3510204081632653,1
245.0,5.817441410141959,0.1836734693877551,0.363265306122449,1
245.0,5.743382416620593,0.1510204081632653,0.33877551020408164,1
245.0,5.792410360773795,0.16326530612244897,0.33877551020408164,1
245.0,5.783762924595136,0.17142857142857143,0.3877551020408163,1
245.0,5.832981590611678,0.16326530612244897,0.3183673469387755,1
244.0,5.7830909744401735,0.1721311475409836,0.36475409836065575,1
245.0,5.792820900501116,0.17551020408163265,0.39183673469387753,1
245.0,5.801154957562205,0.15918367346938775,0.37551020408163266,1
245.0,5.8374275201511,0.17551020408163265,0.3510204081632653,1
244.0,5.8518644131742965,0.1680327868852459,0.39344262295081966,1
245.0,5.8025064832570425,0.1346938775510204,0.3673469387755102,1
244.0,5.820915155041948,0.15163934426229508,0.36475409836065575,1
244.0,5.799645339589686,0.1557377049180328,0.3975409836065574,1
245.0,5.813043832919007,0.20816326530612245,0.31020408163265306,1
245.0,5.822187488432592,0.19591836734693877,0.3469387755102041,1
245.0,5.823880657539633,0.1469387755102041,0.37142857142857144,1
245.0,5.803104598031812,0.1306122448979592,0.3673469387755102,1
245.0,5.809136231265774,0.17959183673469387,0.37551020408163266,1
245.0,5.812784610815083,0.12244897959183673,0.35918367346938773,1
245.0,5.803104598031816,0.17142857142857143,0.3510204081632653,1
245.0,5.773059739260591,0.19591836734693877,0.3224489795918367,1
245.0,5.792743669999745,0.17959183673469387,0.3142857142857143,1
245.0,5.753498687027951,0.1673469387755102,0.3346938775510204,1
244.0,5.80979612421327,0.1680327868852459,0.3237704918032787,1
245.0,5.7162477048480955,0.16326530612244897,0.363265306122449,1
245.0,5.766384343246713,0.14285714285714285,0.33877551020408164,1
245.0,5.7383227244878645,0.1346938775510204,0.32653061224489793,1
244.0,5.818591372749002,0.13524590163934427,0.36475409836065575,1
245.0,5.793388106572207,0.17959183673469387,0.33877551020408164,1
245.0,5.784711792208645,0.18775510204081633,0.3551020408163265,1
245.0,5.838639836587202,0.16326530612244897,0.3551020408163265,1
245.0,5.7620120448525105,0.22040816326530613,0.2857142857142857,1
245.0,5.799208870018714,0.20816326530612245,0.2857142857142857,1
245.0,5.742066012875859,0.17142857142857143,0.3469387755102041,1
244.0,5.779321775511714,0.13524590163934427,0.4016393442622951,1
245.0,5.799881510983533,0.1673469387755102,0.363265306122449,1
245.0,5.772198628203493,0.17959183673469387,0.3306122448979592,1
245.0,5.877112987465651,0.17959183673469387,0.3551020408163265,1
245.0,5.79898324745755,0.17142857142857143,0.3306122448979592,1
244.0,5.758303259800074,0.18442622950819673,0.3360655737704918,1
244.0,5.820714666782657,0.1885245901639344,0.29508196721311475,1
245.0,5.76158742614403,0.18775510204081633,0.3346938775510204,1
245.0,5.758126842894451,0.17551020408163265,0.363265306122449,1
245.0,5.856428283870396,0.17551020408163265,0.39183673469387753,1
245.0,5.815193143328484,0.17142857142857143,0.37551020408163266,1
245.0,5.779883292609734,0.11836734693877551,0.32653061224489793,1
245.0,5.814332032271386,0.15510204081632653,0.32653061224489793,1
245.0,5.817376053280723,0.1510204081632653,0.3795918367346939,1
244.0,5.803385541980028,0.18032786885245902,0.3483606557377049,1
245.0,5.797521330786602,0.15918367346938775,0.33877551020408164,1
244.0,5.816513691643431,0.1721311475409836,0.3524590163934426,1
245.0,5.773543910133131,0.17551020408163265,0.3469387755102041,1
245.0,5.86025865502226,0.11836734693877551,0.3877551020408163,1
245.0,5.801881755540673,0.15510204081632653,0.3346938775510204,1
244.0,5.7337962356858805,0.13934426229508196,0.36065573770491804,1
245.0,5.773846089403116,0.2163265306122449,0.3142857142857143,1
245.0,5.8054188954990735,0.12244897959183673,0.37551020408163266,1
245.0,5.747649953913613,0.1346938775510204,0.3836734693877551,1
245.0,5.763160582405888,0.1510204081632653,0.3673469387755102,1
245.0,5.77869203261482,0.1510204081632653,0.31020408163265306,1
245.0,5.707517468195408,0.16326530612244897,0.3673469387755102,1
245.0,5.798837734531339,0.18775510204081633,0.363265306122449,1
245.0,5.739173309489917,0.15510204081632653,0.37551020408163266,1
245.0,5.785065249358707,0.17142857142857143,0.3346938775510204,1
245.0,5.815716718440966,0.14285714285714285,0.3836734693877551,1
245.0,5.830148439389797,0.17551020408163265,0.34285714285714286,1
245.0,5.746381228692803,0.17142857142857143,0.33877551020408164,1
243.0,5.803545787238126,0.15637860082304528,0.3662551440329218,1
244.0,5.740192870303413,0.12704918032786885,0.3237704918032787,1
245.0,5.71008535789166,0.21224489795918366,0.32653061224489793,1
245.0,5.771914127270819,0.15510204081632653,0.32653061224489793,1
245.0,5.8100280163020255,0.15918367346938775,0.3346938775510204,1
243.0,5.804807810141954,0.1440329218106996,0.3333333333333333,1
245.0,5.728689268226809,0.15510204081632653,0.37142857142857144,1
245.0,5.790886012805212,0.1836734693877551,0.3142857142857143,1
245.0,5.712570681838411,0.13877551020408163,0.3183673469387755,1
245.0,5.765843089796919,0.15918367346938775,0.33877551020408164,1
245.0,5.778775067813372,0.15510204081632653,0.3469387755102041,1
244.0,5.746525905516839,0.14344262295081966,0.3442622950819672,1
245.0,5.813268781687624,0.1510204081632653,0.37551020408163266,1
245.0,5.736427241031903,0.17142857142857143,0.363265306122449,1
245.0,5.770905472768728,0.1346938775510204,0.3224489795918367,1
245.0,5.760723845500131,0.15510204081632653,0.34285714285714286,1
245.0,5.844880992023522,0.17551020408163265,0.363265306122449,1
245.0,5.796571789380548,0.17551020408163265,0.40408163265306124,1
244.0,5.821856665708549,0.18442622950819673,0.3319672131147541,1
245.0,5.750011929904798,0.1346938775510204,0.3877551020408163,1
245.0,5.7973787434239945,0.17142857142857143,0.3346938775510204,1
245.0,5.753283825246357,0.1510204081632653,0.4122448979591837,1
246.0,5.776598371482447,0.21138211382113822,0.2804878048780488,1
245.0,5.7115298309498215,0.17142857142857143,0.3346938775510204,1
246.0,5.832103365047738,0.13414634146341464,0.3780487804878049,1
246.0,5.726875115866998,0.1910569105691057,0.34959349593495936,1
245.0,5.849952557796386,0.15510204081632653,0.4163265306122449,1
246.0,5.793068546677269,0.18292682926829268,0.3048780487804878,1
245.0,5.82160283874871,0.1510204081632653,0.3877551020408163,1
246.0,5.72367337144727,0.1991869918699187,0.34146341463414637,1
245.0,5.802791892706786,0.14285714285714285,0.3877551020408163,1
246.0,5.817523210709096,0.16260162601626016,0.35365853658536583,1
246.0,5.8332730808721065,0.15853658536585366,0.35365853658536583,1
246.0,5.757388588544177,0.16666666666666666,0.33739837398373984,1
246.0,5.778942505296531,0.16666666666666666,0.3617886178861789,1
245.0,5.776588604935012,0.17142857142857143,0.34285714285714286,1
246.0,5.806861962694059,0.14634146341463414,0.34146341463414637,1
246.0,5.748062944296158,0.14634146341463414,0.36585365853658536,1
246.0,5.742292360666064,0.1951219512195122,0.34146341463414637,1
245.0,5.7504766266457725,0.17551020408163265,0.34285714285714286,1
245.0,5.795018563227064,0.15918367346938775,0.3836734693877551,1
246.0,5.751988969514222,0.13821138211382114,0.3252032520325203,1
245.0,5.785774368999864,0.19591836734693877,0.363265306122449,1
246.0,5.790300849193461,0.1991869918699187,0.3617886178861789,1
245.0,5.783839481303961,0.1306122448979592,0.2979591836734694,1
246.0,5.813560621331638,0.13821138211382114,0.35365853658536583,1
246.0,5.812251765197868,0.18292682926829268,0.3333333333333333,1
246.0,5.767354753837978,0.18699186991869918,0.3333333333333333,1
246.0,5.829968572773301,0.10975609756097561,0.4024390243902439,1
160.0,5.735192142816657,0.20625,0.29375,1
31.0,3.804148424760964,0.1935483870967742,0.0,1
29.0,4.021268494903765,0.20689655172413793,0.0,1
29.0,3.8833374604210067,0.20689655172413793,0.0,1
28.0,3.8693312611115185,0.17857142857142858,0.0,1
244.0,5.816962542089724,0.13524590163934427,0.38934426229508196,1
243.0,5.762805172214599,0.14814814814814814,0.3991769547325103,1
244.0,5.797687032236289,0.13524590163934427,0.3524590163934426,1
244.0,5.841858384733397,0.18442622950819673,0.3442622950819672,1
244.0,5.765956509409911,0.1721311475409836,0.3524590163934426,1
244.0,5.781359214330567,0.20081967213114754,0.319672131147541,1
244.0,5.795400554676444,0.12295081967213115,0.3483606557377049,1
244.0,5.786096659464117,0.1721311475409836,0.36475409836065575,1
244.0,5.7654040529593,0.12704918032786885,0.38114754098360654,1
244.0,5.796934764080379,0.1885245901639344,0.3483606557377049,1
245.0,5.774926344531649,0.15918367346938775,0.363265306122449,1
245.0,5.736234049581766,0.15918367346938775,0.3306122448979592,1
245.0,5.769135133062588,0.15510204081632653,0.32653061224489793,1
244.0,5.7604330588746455,0.16393442622950818,0.3729508196721312,1
245.0,5.82884544083368,0.11020408163265306,0.39183673469387753,1
245.0,5.824932034483264,0.1673469387755102,0.33877551020408164,1
244.0,5.827196702220054,0.1885245901639344,0.319672131147541,1
245.0,5.694017610315318,0.17959183673469387,0.3469387755102041,1
245.0,5.8006967393109585,0.17142857142857143,0.33877551020408164,1
245.0,5.750229278181977,0.1346938775510204,0.3224489795918367,1
245.0,5.776489413806486,0.1836734693877551,0.3469387755102041,1
245.0,5.786513040618466,0.17142857142857143,0.30612244897959184,1
245.0,5.7675306290290305,0.15510204081632653,0.2816326530612245,1
244.0,5.7946588557151415,0.14754098360655737,0.3729508196721312,1
245.0,5.848766193981583,0.1673469387755102,0.37142857142857144,1
245.0,5.831690465695693,0.19591836734693877,0.32653061224489793,1
245.0,5.8403379018743555,0.18775510204081633,0.3795918367346939,1
245.0,5.833046947472917,0.1469387755102041,0.35918367346938773,1
244.0,5.782355544833278,0.20491803278688525,0.3401639344262295,1
245.0,5.844947022677306,0.1469387755102041,0.3836734693877551,1
243.0,5.772762540218351,0.18518518518518517,0.34156378600823045,1
245.0,5.752597732662894,0.17959183673469387,0.3224489795918367,1
245.0,5.7418177558949965,0.2,0.32653061224489793,1
245.0,5.754714611961345,0.15510204081632653,0.35918367346938773,1
245.0,5.765474879873147,0.1306122448979592,0.3877551020408163,1
245.0,5.789850731889283,0.14285714285714285,0.33877551020408164,1
245.0,5.852833387542195,0.1510204081632653,0.3551020408163265,1
244.0,5.833805511712958,0.1762295081967213,0.3360655737704918,1
245.0,5.785196636873729,0.18775510204081633,0.3551020408163265,1
245.0,5.775533628635231,0.14285714285714285,0.363265306122449,1
245.0,5.7208393820382595,0.13877551020408163,0.363265306122449,1
243.0,5.812616001776651,0.16049382716049382,0.345679012345679,1
245.0,5.792362008457326,0.17551020408163265,0.3224489795918367,1
245.0,5.77390384577292,0.15510204081632653,0.33877551020408164,1
245.0,5.773903845772922,0.16326530612244897,0.39591836734693875,1
245.0,5.824524420319553,0.17959183673469387,0.3795918367346939,1
245.0,5.78595703439496,0.1673469387755102,0.3551020408163265,1
245.0,5.802392552827053,0.13877551020408163,0.3877551020408163,1
244.0,5.776139858058906,0.12295081967213115,0.36475409836065575,1
245.0,5.745448691831518,0.17551020408163265,0.39183673469387753,1
245.0,5.739287018667627,0.1836734693877551,0.30612244897959184,1
245.0,5.799357027353979,0.12653061224489795,0.37142857142857144,1
245.0,5.7421024915521945,0.17551020408163265,0.3673469387755102,1
245.0,5.808423512268468,0.1673469387755102,0.37142857142857144,1
245.0,5.814862085873595,0.15918367346938775,0.35918367346938773,1
244.0,5.7528946610177245,0.13114754098360656,0.319672131147541,1
245.0,5.791464418723891,0.14285714285714285,0.3795918367346939,1
245.0,5.7525484718293525,0.13877551020408163,0.3510204081632653,1
244.0,5.773801262530066,0.1680327868852459,0.3975409836065574,1
245.0,5.806026179602655,0.18775510204081633,0.3469387755102041,1
245.0,5.738250491086803,0.19183673469387755,0.3510204081632653,1
245.0,5.797406947816349,0.15510204081632653,0.363265306122449,1
245.0,5.771637226829584,0.16326530612244897,0.27755102040816326,1
244.0,5.7813592143305685,0.1557377049180328,0.3319672131147541,1
245.0,5.840272545013115,0.13877551020408163,0.3836734693877551,1
245.0,5.785290198127324,0.1346938775510204,0.3510204081632653,1
243.0,5.760508605943919,0.14814814814814814,0.35390946502057613,1
245.0,5.703905567322434,0.17551020408163265,0.3306122448979592,1
245.0,5.738930008591441,0.15918367346938775,0.40408163265306124,1
244.0,5.775277478857764,0.15163934426229508,0.3729508196721312,1
245.0,5.855242593848137,0.16326530612244897,0.37142857142857144,1
245.0,5.742738653840676,0.1673469387755102,0.3183673469387755,1
244.0,5.7841383521107215,0.18032786885245902,0.3155737704918033,1
244.0,5.7973150522558266,0.1557377049180328,0.3360655737704918,1
245.0,5.839049702521973,0.16326530612244897,0.37142857142857144,1
245.0,5.847657734460695,0.1673469387755102,0.37142857142857144,1
245.0,5.829976973842286,0.17142857142857143,0.363265306122449,1
243.0,5.793898938049012,0.17695473251028807,0.3168724279835391,1
244.0,5.756958057220322,0.1762295081967213,0.38114754098360654,1
245.0,5.82000953456274,0.1469387755102041,0.3183673469387755,1
245.0,5.760812275849088,0.17551020408163265,0.3795918367346939,1
245.0,5.826488186200353,0.14285714285714285,0.35918367346938773,1
245.0,5.8220104529124255,0.1673469387755102,0.3469387755102041,1
245.0,5.7626853596098755,0.17551020408163265,0.3551020408163265,1
245.0,5.822141840427446,0.1469387755102041,0.363265306122449,1
245.0,5.801050196461022,0.11428571428571428,0.363265306122449,1
245.0,5.753176138581571,0.18775510204081633,0.39591836734693875,1
245.0,5.86029580749114,0.18775510204081633,0.34285714285714286,1
245.0,5.804279761999035,0.14285714285714285,0.3551020408163265,1
245.0,5.77876926311619,0.15510204081632653,0.33877551020408164,1
245.0,5.808765769570944,0.1469387755102041,0.37551020408163266,1
245.0,5.845391789309901,0.2163265306122449,0.3469387755102041,1
245.0,5.874573067437229,0.16326530612244897,0.3469387755102041,1
245.0,5.798458763827997,0.17959183673469387,0.32653061224489793,1
245.0,5.812955402570049,0.1673469387755102,0.34285714285714286,1
245.0,5.768083082326412,0.1836734693877551,0.3836734693877551,1
245.0,5.778102426848553,0.20408163265306123,0.2979591836734694,1
245.0,5.78677806741957,0.15510204081632653,0.3469387755102041,1
245.0,5.783186770447517,0.1510204081632653,0.40408163265306124,1
245.0,5.829606512147455,0.15918367346938775,0.35918367346938773,1
245.0,5.799826680177334,0.15510204081632653,0.3469387755102041,1
246.0,5.852496214506364,0.17479674796747968,0.32113821138211385,1
246.0,5.782022307999062,0.16260162601626016,0.3333333333333333,1
246.0,5.872242137006087,0.15447154471544716,0.35772357723577236,1
246.0,5.822139442371459,0.18292682926829268,0.3983739837398374,1
246.0,5.76796848100922,0.17479674796747968,0.2926829268292683,1
246.0,5.802194661598289,0.13008130081300814,0.3861788617886179,1
246.0,5.820476369529079,0.16260162601626016,0.3333333333333333,1
246.0,5.813839263591109,0.16666666666666666,0.4024390243902439,1
246.0,5.83311346665877,0.16260162601626016,0.34959349593495936,1
246.0,5.819240891468217,0.22357723577235772,0.3333333333333333,1
246.0,5.823396558018268,0.18292682926829268,0.35772357723577236,1
246.0,5.798666119156753,0.17886178861788618,0.3130081300813008,1
246.0,5.807778212328241,0.13821138211382114,0.33739837398373984,1
246.0,5.804738324739369,0.18292682926829268,0.3617886178861789,1
246.0,5.7894496907422175,0.21138211382113822,0.2967479674796748,1
246.0,5.775467899718183,0.15447154471544716,0.35365853658536583,1
246.0,5.754938823621229,0.16260162601626016,0.3333333333333333,1
245.0,5.794562362022353,0.12244897959183673,0.3551020408163265,1
246.0,5.752889188551713,0.23577235772357724,0.3699186991869919,1
245.0,5.755587596658576,0.17551020408163265,0.3183673469387755,1
246.0,5.779689328504726,0.16260162601626016,0.3617886178861789,1
245.0,5.809703437336865,0.1346938775510204,0.4204081632653061,1
246.0,5.790263847750877,0.18292682926829268,0.32113821138211385,1
246.0,5.810835706391268,0.16666666666666666,0.32926829268292684,1
246.0,5.854841019374001,0.15447154471544716,0.34959349593495936,1
246.0,5.7769098056476205,0.17073170731707318,0.3983739837398374,1
160.0,5.685209292583275,0.15,0.3625,1
31.0,3.93318068282548,0.1935483870967742,0.0,1
29.0,3.8833374604210067,0.20689655172413793,0.0,1
29.0,4.021268494903765,0.20689655172413793,0.0,1
29.0,3.9523029776623866,0.20689655172413793,0.0,1
244.0,5.775792630575276,0.16393442622950818,0.38934426229508196,1
244.0,5.810405897186129,0.1598360655737705,0.38934426229508196,1
244.0,5.759560110478887,0.13524590163934427,0.3155737704918033,1
244.0,5.814716306816595,0.1557377049180328,0.3729508196721312,1
244.0,5.7993524910746785,0.16393442622950818,0.3729508196721312,1
244.0,5.749420571603904,0.1762295081967213,0.3729508196721312,1
244.0,5.780103040205743,0.18032786885245902,0.32786885245901637,1
244.0,5.793697114550965,0.1680327868852459,0.38524590163934425,1
244.0,5.773362981278385,0.19672131147540983,0.36065573770491804,1
244.0,5.774484968415131,0.1762295081967213,0.3729508196721312,1
245.0,5.765050261164663,0.18775510204081633,0.3346938775510204,1
245.0,5.839996318364426,0.17551020408163265,0.37551020408163266,1
245.0,5.807713718834767,0.17142857142857143,0.33877551020408164,1
245.0,5.881987135069707,0.1510204081632653,0.3551020408163265,1
245.0,5.775268601834126,0.15918367346938775,0.37142857142857144,1
245.0,5.709689178300057,0.19183673469387755,0.34285714285714286,1
245.0,5.808055302344697,0.14285714285714285,0.3510204081632653,1
244.0,5.756294140965346,0.10655737704918032,0.38934426229508196,1
245.0,5.823593231043356,0.14285714285714285,0.3510204081632653,1
245.0,5.8246952120745155,0.18775510204081633,0.3142857142857143,1
245.0,5.777335550837593,0.2,0.3469387755102041,1
245.0,5.776112708346453,0.17551020408163265,0.34285714285714286,1
245.0,5.816979638964596,0.17551020408163265,0.3469387755102041,1
245.0,5.8084402820887115,0.15510204081632653,0.3673469387755102,1
245.0,5.821537481887474,0.1673469387755102,0.34285714285714286,1
245.0,5.786818145452058,0.1346938775510204,0.4204081632653061,1
243.0,5.764543379570856,0.18106995884773663,0.32510288065843623,1
245.0,5.767646589977799,0.17551020408163265,0.35918367346938773,1
245.0,5.833626027184142,0.1673469387755102,0.3673469387755102,1
245.0,5.790201498200261,0.1673469387755102,0.3469387755102041,1
245.0,5.781707849231798,0.1836734693877551,0.3836734693877551,1
245.0,5.738613703910264,0.17551020408163265,0.3510204081632653,1
245.0,5.7855664247760155,0.13877551020408163,0.34285714285714286,1
245.0,5.834877074067636,0.17142857142857143,0.3551020408163265,1
245.0,5.7605071710154965,0.1306122448979592,0.3836734693877551,1
244.0,5.767953705942044,0.1721311475409836,0.30327868852459017,1
245.0,5.769400159863692,0.15510204081632653,0.3795918367346939,1
245.0,5.81442559352498,0.17142857142857143,0.3551020408163265,1
245.0,5.767262663192076,0.19183673469387755,0.3306122448979592,1
245.0,5.783726445918797,0.14285714285714285,0.3469387755102041,1
245.0,5.7692687723486715,0.13877551020408163,0.34285714285714286,1
245.0,5.7627245291252915,0.15918367346938775,0.3020408163265306,1
245.0,5.7373633308193135,0.20408163265306123,0.3306122448979592,1
245.0,5.845488276127103,0.17959183673469387,0.2857142857142857,1
245.0,5.878839930937706,0.15510204081632653,0.33877551020408164,1
245.0,5.785005462470125,0.1346938775510204,0.3673469387755102,1
244.0,5.840059415460924,0.1557377049180328,0.35655737704918034,1
245.0,5.765805937328035,0.1510204081632653,0.37551020408163266,1
245.0,5.836413295676355,0.14285714285714285,0.3510204081632653,1
245.0,5.785869277838548,0.21224489795918366,0.34285714285714286,1
245.0,5.780692277171962,0.17959183673469387,0.31020408163265306,1
244.0,5.785549620275183,0.1557377049180328,0.319672131147541,1
245.0,5.7894523005266185,0.1836734693877551,0.34285714285714286,1
245.0,5.813163346793895,0.20408163265306123,0.3142857142857143,1
245.0,5.767646589977801,0.15918367346938775,0.35918367346938773,1
245.0,5.793300115291269,0.16326530612244897,0.3551020408163265,1
245.0,5.794268691760878,0.18775510204081633,0.3673469387755102,1
245.0,5.808092454813579,0.17551020408163265,0.34285714285714286,1
245.0,5.803711882135392,0.19183673469387755,0.37142857142857144,1
245.0,5.84544887188716,0.16326530612244897,0.3346938775510204,1
244.0,5.756835351667358,0.16393442622950818,0.36065573770491804,1
245.0,5.788211779698164,0.22040816326530613,0.2938775510204082,1
245.0,5.833967610694071,0.1510204081632653,0.3510204081632653,1
245.0,5.747803067331265,0.17551020408163265,0.2938775510204082,1
245.0,5.840061675225662,0.13877551020408163,0.37551020408163266,1
245.0,5.768609975640495,0.17551020408163265,0.3183673469387755,1
245.0,5.78106898263199,0.15510204081632653,0.37551020408163266,1
245.0,5.7672284497590445,0.1469387755102041,0.3673469387755102,1
245.0,5.7791166513233,0.15918367346938775,0.3836734693877551,1
245.0,5.756545412348612,0.16326530612244897,0.2938775510204082,1
245.0,5.782793674332987,0.14285714285714285,0.3306122448979592,1
245.0,5.846660514530715,0.19183673469387755,0.3795918367346939,1
245.0,5.847752643299379,0.13877551020408163,0.33877551020408164,1
245.0,5.74779186748368,0.1469387755102041,0.3306122448979592,1
245.0,5.812453553360196,0.1469387755102041,0.3510204081632653,1
245.0,5.72677115035115,0.17551020408163265,0.3551020408163265,1
245.0,5.791138931241661,0.18775510204081633,0.34285714285714286,1
245.0,5.81029304310313,0.1306122448979592,0.37142857142857144,1
244.0,5.729711696745211,0.1598360655737705,0.3524590163934426,1
245.0,5.850057318897568,0.15918367346938775,0.3306122448979592,1
245.0,5.765238731256943,0.21224489795918366,0.3346938775510204,1
245.0,5.772586768235641,0.1469387755102041,0.33877551020408164,1
245.0,5.829150545667272,0.18775510204081633,0.3795918367346939,1
245.0,5.750319913871971,0.19591836734693877,0.27755102040816326,1
245.0,5.756050041628484,0.1510204081632653,0.33877551020408164,1
245.0,5.796629545750349,0.17142857142857143,0.3142857142857143,1
245.0,5.785879803893588,0.17142857142857143,0.3877551020408163,1
245.0,5.73222640818521,0.1346938775510204,0.33877551020408164,1
245.0,5.780404850675682,0.22040816326530613,0.2897959183673469,1
245.0,5.8064626719512695,0.22857142857142856,0.2938775510204082,1
245.0,5.804262083661718,0.14285714285714285,0.3510204081632653,1
245.0,5.772231059314518,0.15918367346938775,0.363265306122449,1
245.0,5.789226677965457,0.1510204081632653,0.39183673469387753,1
245.0,5.745252621247801,0.11428571428571428,0.3877551020408163,1
245.0,5.819100071189169,0.17551020408163265,0.363265306122449,1
245.0,5.788466280444226,0.17142857142857143,0.37551020408163266,1
245.0,5.8434844322138115,0.1836734693877551,0.37142857142857144,1
245.0,5.810453308803051,0.15510204081632653,0.35918367346938773,1
245.0,5.770044596436156,0.17551020408163265,0.3306122448979592,1
245.0,5.785053375718576,0.17551020408163265,0.3836734693877551,1
245.0,5.740181055474939,0.1836734693877551,0.3183673469387755,1
246.0,5.772207516269916,0.18699186991869918,0.3699186991869919,1
246.0,5.750989584939751,0.17073170731707318,0.4065040650406504,1
246.0,5.767968481009219,0.15040650406504066,0.35365853658536583,1
246.0,5.80338668606216,0.17479674796747968,0.3861788617886179,1
246.0,5.855301584486306,0.17886178861788618,0.33739837398373984,1
245.0,5.804643745204134,0.15510204081632653,0.37551020408163266,1
246.0,5.778127677234326,0.18292682926829268,0.3048780487804878,1
245.0,5.779073694157237,0.2163265306122449,0.2816326530612245,1
246.0,5.841913454611537,0.13821138211382114,0.32926829268292684,1
246.0,5.761794182801076,0.18292682926829268,0.3861788617886179,1
246.0,5.8257190542464015,0.18292682926829268,0.3333333333333333,1
246.0,5.85425381037914,0.18292682926829268,0.3048780487804878,1
246.0,5.81783598698137,0.15853658536585366,0.34959349593495936,1
246.0,5.762736950611646,0.15853658536585366,0.35772357723577236,1
246.0,5.836040778355915,0.15040650406504066,0.32926829268292684,1
245.0,5.753700387486597,0.1510204081632653,0.34285714285714286,1
246.0,5.783047773466725,0.2073170731707317,0.32113821138211385,1
245.0,5.75707546595082,0.17959183673469387,0.34285714285714286,1
246.0,5.813839263591109,0.16666666666666666,0.32113821138211385,1
246.0,5.755852830637895,0.14634146341463414,0.3089430894308943,1
246.0,5.737298932602037,0.15447154471544716,0.32926829268292684,1
246.0,5.758040888721973,0.1991869918699187,0.3333333333333333,1
246.0,5.770055117521324,0.1951219512195122,0.33739837398373984,1
246.0,5.831555400112988,0.21951219512195122,0.33739837398373984,1
246.0,5.853348044011157,0.16260162601626016,0.33739837398373984,1
246.0,5.813680320431321,0.14227642276422764,0.35365853658536583,1
160.0,5.647766182301251,0.15,0.3375,1
30.0,3.7851744471284112,0.16666666666666666,0.0,1
29.0,3.8833374604210067,0.20689655172413793,0.0,1
31.0,3.908829473078271,0.22580645161290322,0.0,1
31.0,3.868664553793222,0.1935483870967742,0.0,1
29.0,3.8833374604210067,0.20689655172413793,0.0,1
244.0,5.788184909764304,0.1557377049180328,0.35655737704918034,1
244.0,5.777313333230977,0.10245901639344263,0.36885245901639346,1
244.0,5.70024024373505,0.14754098360655737,0.4016393442622951,1
244.0,5.81729495633746,0.15163934426229508,0.39344262295081966,1
244.0,5.829864144509336,0.12295081967213115,0.4016393442622951,1
244.0,5.794819778241704,0.13524590163934427,0.32786885245901637,1
244.0,5.686052794098508,0.12704918032786885,0.36885245901639346,1
244.0,5.817174276097617,0.1598360655737705,0.3114754098360656,1
244.0,5.803454104250875,0.13524590163934427,0.35655737704918034,1
244.0,5.733625656205209,0.1598360655737705,0.3114754098360656,1
245.0,5.695323488005014,0.12244897959183673,0.37142857142857144,1
245.0,5.815706192385924,0.1510204081632653,0.37551020408163266,1
245.0,5.865027367732588,0.1836734693877551,0.35918367346938773,1
244.0,5.789040783924531,0.1721311475409836,0.3483606557377049,1
245.0,5.781972876032902,0.17551020408163265,0.32653061224489793,1
245.0,5.797968349190259,0.15918367346938775,0.3877551020408163,1
245.0,5.837219575927254,0.15918367346938775,0.33877551020408164,1
245.0,5.825699584286768,0.11428571428571428,0.3469387755102041,1
244.0,5.74543896211356,0.14754098360655737,0.32786885245901637,1
245.0,5.824843604134309,0.17959183673469387,0.34285714285714286,1
244.0,5.780026169739915,0.1762295081967213,0.32786885245901637,1
245.0,5.808736891386042,0.15510204081632653,0.3795918367346939,1
245.0,5.755598122713614,0.19183673469387755,0.3346938775510204,1
245.0,5.78464783309157,0.1510204081632653,0.32653061224489793,1
245.0,5.764897147747013,0.1836734693877551,0.3306122448979592,1
245.0,5.790768704271357,0.14285714285714285,0.3551020408163265,1
245.0,5.840290223350429,0.1469387755102041,0.363265306122449,1
245.0,5.764055293005745,0.17142857142857143,0.3346938775510204,1
245.0,5.770756641640918,0.1510204081632653,0.39591836734693875,1
244.0,5.7572729563650515,0.1680327868852459,0.3483606557377049,1
245.0,5.756057642119923,0.1673469387755102,0.3346938775510204,1
245.0,5.79809973670528,0.1673469387755102,0.32653061224489793,1
245.0,5.804775132719158,0.19183673469387755,0.40408163265306124,1
245.0,5.807342583347393,0.1469387755102041,0.3673469387755102,1
245.0,5.796098818355595,0.14285714285714285,0.35918367346938773,1
245.0,5.744608184675339,0.15510204081632653,0.3020408163265306,1
245.0,5.784882583963611,0.1836734693877551,0.39183673469387753,1
245.0,5.8027630145218865,0.1346938775510204,0.3469387755102041,1
245.0,5.773154648099276,0.15918367346938775,0.37551020408163266,1
245.0,5.81666625984702,0.13877551020408163,0.39591836734693875,1
245.0,5.729712440778086,0.20816326530612245,0.363265306122449,1
245.0,5.831821853210719,0.17142857142857143,0.34285714285714286,1
245.0,5.778510041012266,0.17142857142857143,0.3795918367346939,1
245.0,5.823669787752182,0.1836734693877551,0.3346938775510204,1
244.0,5.753875737417055,0.14344262295081966,0.38114754098360654,1
245.0,5.796269610110558,0.17551020408163265,0.2857142857142857,1
245.0,5.835295888078939,0.17959183673469387,0.3183673469387755,1
245.0,5.824618655365691,0.16326530612244897,0.35918367346938773,1
245.0,5.815033551421106,0.21224489795918366,0.3469387755102041,1
245.0,5.829293133029881,0.17959183673469387,0.32653061224489793,1
245.0,5.780946777918021,0.1469387755102041,0.3346938775510204,1
245.0,5.8199441777015,0.19183673469387755,0.3673469387755102,1
245.0,5.8236550349784695,0.13877551020408163,0.3877551020408163,1
245.0,5.743020889530042,0.16326530612244897,0.3346938775510204,1
245.0,5.838071956723567,0.14285714285714285,0.3673469387755102,1
244.0,5.786225017965264,0.15163934426229508,0.3319672131147541,1
245.0,5.763018434111298,0.13877551020408163,0.37142857142857144,1
245.0,5.792005672173688,0.17959183673469387,0.363265306122449,1
244.0,5.817189089333514,0.18032786885245902,0.35655737704918034,1
245.0,5.757955377346944,0.15510204081632653,0.3183673469387755,1
245.0,5.774784430961585,0.19183673469387755,0.3510204081632653,1
244.0,5.820400003324437,0.1885245901639344,0.36475409836065575,1
245.0,5.791926189901258,0.17959183673469387,0.32653061224489793,1
245.0,5.847657734460695,0.20408163265306123,0.3510204081632653,1
245.0,5.778378653497247,0.1510204081632653,0.3877551020408163,1
245.0,5.8352452839914095,0.16326530612244897,0.2897959183673469,1
245.0,5.766555135001679,0.1346938775510204,0.37142857142857144,1
245.0,5.821101663331401,0.16326530612244897,0.37142857142857144,1
245.0,5.820286435003975,0.15918367346938775,0.3346938775510204,1
245.0,5.746321676528746,0.17142857142857143,0.363265306122449,1
245.0,5.774955222716552,0.19183673469387755,0.32653061224489793,1
245.0,5.849647452962793,0.15918367346938775,0.3306122448979592,1
245.0,5.727597578526163,0.1673469387755102,0.37551020408163266,1
245.0,5.838508449072179,0.15918367346938775,0.3551020408163265,1
245.0,5.8128618413164554,0.13877551020408163,0.3795918367346939,1
244.0,5.832222751827324,0.16393442622950818,0.36885245901639346,1
245.0,5.802431957066994,0.13877551020408163,0.32653061224489793,1
245.0,5.768792875760115,0.2163265306122449,0.30612244897959184,1
245.0,5.802129777797008,0.1673469387755102,0.4,1
245.0,5.718088592222383,0.16326530612244897,0.3142857142857143,1
245.0,5.760088357004196,0.1469387755102041,0.37551020408163266,1
245.0,5.786749863027214,0.15918367346938775,0.2897959183673469,1
245.0,5.74173495542097,0.17142857142857143,0.3673469387755102,1
245.0,5.752968194357724,0.20816326530612245,0.27755102040816326,1
245.0,5.811097071582973,0.18775510204081633,0.3795918367346939,1
244.0,5.727342755919122,0.18442622950819673,0.32786885245901637,1
245.0,5.755482161764848,0.1510204081632653,0.3673469387755102,1
245.0,5.811413376264151,0.2,0.3183673469387755,1
245.0,5.803047515454557,0.14285714285714285,0.37142857142857144,1
245.0,5.753575478461301,0.16326530612244897,0.3795918367346939,1
245.0,5.783736971973841,0.15510204081632653,0.35918367346938773,1
244.0,5.762737287224006,0.18032786885245902,0.3114754098360656,1
245.0,5.783460745325147,0.1673469387755102,0.34285714285714286,1
245.0,5.756693804408404,0.1836734693877551,0.3551020408163265,1
245.0,5.798154567511476,0.17142857142857143,0.3836734693877551,1
245.0,5.837045858608687,0.1306122448979592,0.3551020408163265,1
245.0,5.771637900622132,0.1836734693877551,0.34285714285714286,1
245.0,5.7913301056452635,0.15918367346938775,0.32653061224489793,1
245.0,5.8276055937977675,0.1510204081632653,0.3306122448979592,1
245.0,5.804366844762898,0.1673469387755102,0.3306122448979592,1
246.0,5.835248258933209,0.16666666666666666,0.3617886178861789,1
246.0,5.80032919199913,0.17073170731707318,0.36585365853658536,1
246.0,5.7760223168073415,0.13008130081300814,0.34552845528455284,1
246.0,5.783913624721053,0.14634146341463414,0.34552845528455284,1
246.0,5.782410262288471,0.15853658536585366,0.3699186991869919,1
246.0,5.809603142001481,0.18699186991869918,0.3130081300813008,1
246.0,5.804408613046492,0.15853658536585366,0.34552845528455284,1
246.0,5.750281105281245,0.15040650406504066,0.34552845528455284,1
246.0,5.7712723180544785,0.17479674796747968,0.33739837398373984,1
246.0,5.835095096874276,0.16666666666666666,0.3130081300813008,1
245.0,5.778614802113449,0.16326530612244897,0.37142857142857144,1
246.0,5.738609751341679,0.17073170731707318,0.2886178861788618,1
246.0,5.826465206401047,0.13414634146341464,0.33739837398373984,1
246.0,5.709746188339975,0.18699186991869918,0.33739837398373984,1
245.0,5.758857005504545,0.15510204081632653,0.3306122448979592,1
246.0,5.782405956555128,0.2032520325203252,0.34552845528455284,1
246.0,5.814284464846781,0.16666666666666666,0.36585365853658536,1
246.0,5.820081566653261,0.14634146341463414,0.4024390243902439,1
246.0,5.844207190045766,0.15853658536585366,0.3861788617886179,1
246.0,5.808590797772932,0.18292682926829268,0.34959349593495936,1
246.0,5.7127685103058825,0.17479674796747968,0.3252032520325203,1
246.0,5.790260263026254,0.17073170731707318,0.3130081300813008,1
246.0,5.762341476682277,0.18292682926829268,0.3170731707317073,1
246.0,5.774381552604462,0.13008130081300814,0.32113821138211385,1
246.0,5.77633375097251,0.16666666666666666,0.35772357723577236,1
246.0,5.7996398903787485,0.18699186991869918,0.3089430894308943,1
246.0,5.819987714676414,0.18699186991869918,0.34146341463414637,1
160.0,5.69204419214453,0.2125,0.30625,1
30.0,3.7851744471284112,0.16666666666666666,0.0,1
29.0,3.8833374604210067,0.20689655172413793,0.0,1
29.0,3.9523029776623866,0.20689655172413793,0.0,1
29.0,3.8833374604210067,0.20689655172413793,0.0,1
244.0,5.790918653324802,0.1762295081967213,0.36065573770491804,1
244.0,5.754872744473756,0.13114754098360656,0.319672131147541,1
244.0,5.8121003525626325,0.1598360655737705,0.3524590163934426,1
244.0,5.8305685387375386,0.1598360655737705,0.3524590163934426,1
244.0,5.770495050729806,0.14754098360655737,0.30327868852459017,1
243.0,5.681446030661727,0.12757201646090535,0.3292181069958848,1
244.0,5.73819499721729,0.19672131147540983,0.29098360655737704,1
244.0,5.839515267205296,0.1680327868852459,0.3442622950819672,1
243.0,5.746628619456325,0.1728395061728395,0.3374485596707819,1
244.0,5.81645032792583,0.12704918032786885,0.4057377049180328,1
245.0,5.8153639350834485,0.12653061224489795,0.3673469387755102,1
245.0,5.7980997367052804,0.20816326530612245,0.30612244897959184,1
245.0,5.785933960907241,0.1510204081632653,0.35918367346938773,1
245.0,5.728632185649552,0.1836734693877551,0.3795918367346939,1
245.0,5.776295373741549,0.1673469387755102,0.33877551020408164,1
245.0,5.727012928842284,0.19183673469387755,0.34285714285714286,1
245.0,5.797655643865231,0.1836734693877551,0.3510204081632653,1
244.0,5.827142323251426,0.1680327868852459,0.36475409836065575,1
245.0,5.747185257172644,0.1306122448979592,0.33877551020408164,1
245.0,5.73932642290757,0.20408163265306123,0.27755102040816326,1
245.0,5.731359901977708,0.14285714285714285,0.3346938775510204,1
245.0,5.784711792208645,0.1836734693877551,0.35918367346938773,1
245.0,5.7800091101521,0.12653061224489795,0.3877551020408163,1
245.0,5.819608164164228,0.16326530612244897,0.37551020408163266,1
244.0,5.767058942603077,0.1557377049180328,0.36885245901639346,1
245.0,5.780721155356859,0.1510204081632653,0.34285714285714286,1
244.0,5.857442242678189,0.1557377049180328,0.3483606557377049,1
245.0,5.826856396124123,0.15918367346938775,0.3836734693877551,1
244.0,5.820760737556299,0.18032786885245902,0.32786885245901637,1
245.0,5.797102516775301,0.19591836734693877,0.3469387755102041,1
244.0,5.7627568411675885,0.1598360655737705,0.3237704918032787,1
245.0,5.801038322820889,0.16326530612244897,0.3346938775510204,1
245.0,5.777639981878643,0.19591836734693877,0.3346938775510204,1
245.0,5.80765663625751,0.1673469387755102,0.3346938775510204,1
245.0,5.7999580676923586,0.1346938775510204,0.3469387755102041,1
245.0,5.8360345596975405,0.15510204081632653,0.3510204081632653,1
245.0,5.783041931313849,0.17551020408163265,0.3020408163265306,1
245.0,5.799655888422369,0.2,0.3224489795918367,1
245.0,5.828874992811126,0.17142857142857143,0.3877551020408163,1
245.0,5.6732816288399865,0.12653061224489795,0.33877551020408164,1
245.0,5.761695112808813,0.13877551020408163,0.3346938775510204,1
245.0,5.801049522668477,0.1510204081632653,0.363265306122449,1
244.0,5.838326978797329,0.1557377049180328,0.36475409836065575,1
245.0,5.783185192469002,0.16326530612244897,0.3551020408163265,1
245.0,5.668094775910901,0.15918367346938775,0.3224489795918367,1
244.0,5.795506421680389,0.1598360655737705,0.3483606557377049,1
245.0,5.8002714468099335,0.17551020408163265,0.32653061224489793,1
245.0,5.851450953143675,0.15918367346938775,0.3183673469387755,1
245.0,5.828238830522645,0.1510204081632653,0.363265306122449,1
245.0,5.846765275631897,0.15510204081632653,0.3836734693877551,1
245.0,5.782523077559226,0.1673469387755102,0.34285714285714286,1
245.0,5.812898319992794,0.1510204081632653,0.363265306122449,1
245.0,5.795057967467006,0.19591836734693877,0.3306122448979592,1
244.0,5.738461786747799,0.1680327868852459,0.29508196721311475,1
245.0,5.81545169163986,0.15510204081632653,0.3510204081632653,1
245.0,5.74347084696955,0.15510204081632653,0.31020408163265306,1
245.0,5.7604982229389705,0.17551020408163265,0.3183673469387755,1
244.0,5.75333294226941,0.13934426229508196,0.3360655737704918,1
245.0,5.788932772979452,0.17142857142857143,0.3183673469387755,1
245.0,5.7597917477068625,0.17959183673469387,0.32653061224489793,1
245.0,5.8099796639855565,0.19591836734693877,0.3469387755102041,1
245.0,5.785307641740112,0.1346938775510204,0.39183673469387753,1
245.0,5.839351881791962,0.12653061224489795,0.37142857142857144,1
245.0,5.795046767619419,0.15918367346938775,0.2897959183673469,1
245.0,5.7515857599592035,0.17142857142857143,0.35918367346938773,1
245.0,5.727628487229844,0.19183673469387755,0.3510204081632653,1
245.0,5.802839571230714,0.17959183673469387,0.33877551020408164,1
245.0,5.821394894524863,0.1469387755102041,0.37551020408163266,1
245.0,5.793453463433446,0.18775510204081633,0.2816326530612245,1
243.0,5.7916540716985665,0.13580246913580246,0.37037037037037035,1
245.0,5.7839625945350015,0.2,0.4,1
245.0,5.778520567067309,0.1673469387755102,0.3142857142857143,1
245.0,5.72784516171448,0.1346938775510204,0.3551020408163265,1
245.0,5.770660154823718,0.17551020408163265,0.3346938775510204,1
245.0,5.777953360996217,0.15510204081632653,0.3306122448979592,1
245.0,5.77835270087595,0.16326530612244897,0.3142857142857143,1
244.0,5.768812517655893,0.19672131147540983,0.3442622950819672,1
245.0,5.749555963424616,0.18775510204081633,0.34285714285714286,1
244.0,5.753570058707811,0.16393442622950818,0.3360655737704918,1
245.0,5.800063502586084,0.15510204081632653,0.3673469387755102,1
245.0,5.778207187949733,0.1510204081632653,0.3346938775510204,1
245.0,5.801958986042044,0.1510204081632653,0.3510204081632653,1
245.0,5.792638235106018,0.15918367346938775,0.3795918367346939,1
244.0,5.81871679369653,0.15163934426229508,0.3524590163934426,1
245.0,5.831473791211059,0.18775510204081633,0.34285714285714286,1
245.0,5.765657545268244,0.14285714285714285,0.3346938775510204,1
245.0,5.822352710214899,0.1469387755102041,0.3795918367346939,1
245.0,5.825604675448083,0.1306122448979592,0.363265306122449,1
245.0,5.753452365230262,0.17551020408163265,0.34285714285714286,1
245.0,5.806026179602655,0.19591836734693877,0.3306122448979592,1
245.0,5.754957678135295,0.16326530612244897,0.37142857142857144,1
245.0,5.733819712371181,0.1836734693877551,0.32653061224489793,1
243.0,5.807414895227275,0.13991769547325103,0.40329218106995884,1
245.0,5.858218332432629,0.1510204081632653,0.39183673469387753,1
245.0,5.810187608209406,0.17551020408163265,0.33877551020408164,1
245.0,5.78494794082485,0.1673469387755102,0.33877551020408164,1
243.0,5.861136371907602,0.13991769547325103,0.36213991769547327,1
244.0,5.754826232832633,0.1721311475409836,0.3319672131147541,1
245.0,5.808016571897299,0.14285714285714285,0.3795918367346939,1
245.0,5.819773385946535,0.1510204081632653,0.33877551020408164,1
246.0,5.767732621293188,0.15853658536585366,0.35365853658536583,1
246.0,5.755889161026928,0.17479674796747968,0.35772357723577236,1
246.0,5.8253494274398685,0.15447154471544716,0.3821138211382114,1
246.0,5.784134791634,0.15040650406504066,0.35365853658536583,1
245.0,5.793123079771103,0.15510204081632653,0.3183673469387755,1
246.0,5.7926115200482915,0.16666666666666666,0.3252032520325203,1
246.0,5.818099936437756,0.13008130081300814,0.3617886178861789,1
246.0,5.867484568658094,0.16666666666666666,0.35365853658536583,1
246.0,5.857541383057347,0.17073170731707318,0.34146341463414637,1
246.0,5.796542481202065,0.14634146341463414,0.34146341463414637,1
246.0,5.851327169735546,0.17479674796747968,0.37398373983739835,1
246.0,5.719281845181187,0.15040650406504066,0.35772357723577236,1
245.0,5.833768614546751,0.20408163265306123,0.35918367346938773,1
245.0,5.714446456438277,0.2,0.3224489795918367,1
246.0,5.743135278468625,0.16666666666666666,0.2926829268292683,1
246.0,5.799165928329168,0.16260162601626016,0.3130081300813008,1
245.0,5.771124177772144,0.11428571428571428,0.3510204081632653,1
246.0,5.805379470597416,0.18292682926829268,0.3333333333333333,1
246.0,5.791413043430018,0.15447154471544716,0.3902439024390244,1
246.0,5.796057364832735,0.14227642276422764,0.35772357723577236,1
245.0,5.768337348347949,0.15918367346938775,0.33877551020408164,1
246.0,5.859156300137389,0.18292682926829268,0.35365853658536583,1
246.0,5.734701332597772,0.16260162601626016,0.3048780487804878,1
246.0,5.725836253462063,0.1910569105691057,0.34552845528455284,1
246.0,5.776228744675915,0.15447154471544716,0.34146341463414637,1
246.0,5.832432405687066,0.12195121951219512,0.37398373983739835,1
245.0,5.701905322765295,0.19183673469387755,0.3795918367346939,1
160.0,5.6762187610467825,0.20625,0.3125,1
31.0,3.804148424760964,0.1935483870967742,0.0,1
29.0,3.8833374604210067,0.20689655172413793,0.0,1
29.0,3.9523029776623866,0.20689655172413793,0.0,1
29.0,3.9523029776623866,0.20689655172413793,0.0,1
244.0,5.80410118195683,0.18032786885245902,0.36475409836065575,1
244.0,5.840602887162565,0.1598360655737705,0.32786885245901637,1
244.0,5.828968704616378,0.1762295081967213,0.39344262295081966,1
244.0,5.7885375545096105,0.14344262295081966,0.3401639344262295,1
244.0,5.781531382605731,0.18442622950819673,0.29098360655737704,1
244.0,5.782787556730557,0.1762295081967213,0.319672131147541,1
242.0,5.768545170703534,0.11570247933884298,0.371900826446281,1
243.0,5.78865157113433,0.13991769547325103,0.37037037037037035,1
244.0,5.870218424150273,0.1762295081967213,0.3770491803278688,1
244.0,5.776866067230322,0.13934426229508196,0.3770491803278688,1
245.0,5.824894882014381,0.18775510204081633,0.3183673469387755,1
245.0,5.7876987306407255,0.19183673469387755,0.3795918367346939,1
245.0,5.841466509319358,0.1469387755102041,0.3346938775510204,1
245.0,5.786173708879594,0.16326530612244897,0.363265306122449,1
245.0,5.8044617536015854,0.17959183673469387,0.3306122448979592,1
245.0,5.713243322803229,0.1673469387755102,0.3020408163265306,1
245.0,5.842576316425336,0.1510204081632653,0.3142857142857143,1
245.0,5.775665016150252,0.14285714285714285,0.34285714285714286,1
245.0,5.781601740545529,0.1469387755102041,0.32653061224489793,1
245.0,5.817837824458089,0.14285714285714285,0.3510204081632653,1
245.0,5.835427275593962,0.13877551020408163,0.42857142857142855,1
245.0,5.8199730558864005,0.16326530612244897,0.35918367346938773,1
244.0,5.799922698314806,0.13114754098360656,0.36475409836065575,1
245.0,5.852768030680954,0.15918367346938775,0.3469387755102041,1
245.0,5.715563190243145,0.21224489795918366,0.2938775510204082,1
244.0,5.793153642849328,0.13934426229508196,0.35655737704918034,1
245.0,5.784988018857338,0.19183673469387755,0.3224489795918367,1
245.0,5.811468207070349,0.1510204081632653,0.32653061224489793,1
245.0,5.826106524657937,0.1469387755102041,0.3346938775510204,1
245.0,5.819696829237707,0.19591836734693877,0.32653061224489793,1
245.0,5.81077721397567,0.17142857142857143,0.3510204081632653,1
245.0,5.84880627201407,0.15510204081632653,0.4163265306122449,1
245.0,5.842433055270181,0.1673469387755102,0.3224489795918367,1
245.0,5.7762463476325365,0.13877551020408163,0.3795918367346939,1
245.0,5.739309418362803,0.1673469387755102,0.35918367346938773,1
245.0,5.850502085530164,0.14285714285714285,0.34285714285714286,1
245.0,5.827226857818953,0.17959183673469387,0.3306122448979592,1
245.0,5.758773531237975,0.15918367346938775,0.35918367346938773,1
245.0,5.781487796643291,0.16326530612244897,0.3142857142857143,1
245.0,5.724251612971368,0.1510204081632653,0.30612244897959184,1
245.0,5.803749034604277,0.17142857142857143,0.37142857142857144,1
245.0,5.778851624522197,0.16326530612244897,0.2897959183673469,1
245.0,5.841721010065423,0.20816326530612245,0.3551020408163265,1
245.0,5.8571009248352155,0.16326530612244897,0.3551020408163265,1
245.0,5.796836816181653,0.20816326530612245,0.3346938775510204,1
245.0,5.780616394255679,0.17959183673469387,0.3469387755102041,1
245.0,5.783813528682665,0.15510204081632653,0.33877551020408164,1
244.0,5.783462954420637,0.15163934426229508,0.3319672131147541,1
245.0,5.808842326279768,0.16326530612244897,0.3306122448979592,1
245.0,5.787964431234373,0.17142857142857143,0.3469387755102041,1
245.0,5.760403987892831,0.1510204081632653,0.3836734693877551,1
245.0,5.869131713762082,0.1469387755102041,0.3224489795918367,1
245.0,5.798023179996455,0.1469387755102041,0.3795918367346939,1
245.0,5.785345028933522,0.15510204081632653,0.363265306122449,1
244.0,5.784121277875195,0.1721311475409836,0.3483606557377049,1
245.0,5.754361828603829,0.2,0.3469387755102041,1
245.0,5.811279736978068,0.1469387755102041,0.33877551020408164,1
244.0,5.833988249182733,0.14754098360655737,0.3401639344262295,1
244.0,5.840164605910882,0.13934426229508196,0.3975409836065574,1
245.0,5.7980715323129255,0.17551020408163265,0.35918367346938773,1
245.0,5.830439418812197,0.17551020408163265,0.3224489795918367,1
245.0,5.8563994056854956,0.1673469387755102,0.35918367346938773,1
245.0,5.794374126654599,0.1673469387755102,0.3836734693877551,1
245.0,5.787858996340647,0.20408163265306123,0.3224489795918367,1
244.0,5.741566833734777,0.13114754098360656,0.39344262295081966,1
244.0,5.799447788884012,0.12295081967213115,0.3770491803278688,1
245.0,5.768439183885527,0.18775510204081633,0.34285714285714286,1
245.0,5.7899105187778614,0.12244897959183673,0.4,1
245.0,5.6441883830115245,0.1510204081632653,0.3551020408163265,1
245.0,5.849846449110114,0.17551020408163265,0.3469387755102041,1
245.0,5.771637226829585,0.1836734693877551,0.37551020408163266,1
245.0,5.740783148771608,0.1510204081632653,0.35918367346938773,1
245.0,5.852189624762275,0.13877551020408163,0.3836734693877551,1
245.0,5.78214366778787,0.17959183673469387,0.33877551020408164,1
245.0,5.818721335210357,0.1306122448979592,0.3142857142857143,1
244.0,5.755710426976988,0.1557377049180328,0.26229508196721313,1
245.0,5.779772287743351,0.15510204081632653,0.4122448979591837,1
245.0,5.803039241170576,0.1510204081632653,0.3469387755102041,1
245.0,5.774111789996771,0.1469387755102041,0.363265306122449,1
245.0,5.772452455157009,0.1469387755102041,0.39183673469387753,1
245.0,5.804461753601584,0.1469387755102041,0.34285714285714286,1
245.0,5.725821608945094,0.1510204081632653,0.3306122448979592,1
245.0,5.739315896852529,0.18775510204081633,0.3224489795918367,1
245.0,5.81103104092919,0.18775510204081633,0.3551020408163265,1
245.0,5.772623920704523,0.1836734693877551,0.32653061224489793,1
245.0,5.805553208577702,0.1346938775510204,0.37142857142857144,1
245.0,5.751109189578103,0.16326530612244897,0.3183673469387755,1
245.0,5.792846179329867,0.1510204081632653,0.3673469387755102,1
245.0,5.811951704150341,0.15918367346938775,0.35918367346938773,1
245.0,5.871332302051633,0.17959183673469387,0.3224489795918367,1
245.0,5.847002098040645,0.13877551020408163,0.3346938775510204,1
245.0,5.783249875537694,0.2163265306122449,0.33877551020408164,1
244.0,5.7885460848636425,0.11885245901639344,0.3975409836065574,1
245.0,5.778928181231021,0.1306122448979592,0.3510204081632653,1
245.0,5.753452365230261,0.17959183673469387,0.31020408163265306,1
245.0,5.7203151331332345,0.1346938775510204,0.3469387755102041,1
244.0,5.801720083141636,0.16393442622950818,0.3114754098360656,1
244.0,5.74251959014998,0.15163934426229508,0.38114754098360654,1
245.0,5.767447593830476,0.1673469387755102,0.3510204081632653,1
245.0,5.777498068308579,0.15918367346938775,0.33877551020408164,1
246.0,5.822469154064334,0.16666666666666666,0.3617886178861789,1
246.0,5.768269431908191,0.18699186991869918,0.32926829268292684,1
246.0,5.84596478591854,0.17479674796747968,0.36585365853658536,1
246.0,5.780940837162282,0.2032520325203252,0.35365853658536583,1
246.0,5.831921442194899,0.14634146341463414,0.3333333333333333,1
246.0,5.782238101693108,0.17073170731707318,0.3780487804878049,1
246.0,5.840298537531493,0.16666666666666666,0.3333333333333333,1
246.0,5.825548285713315,0.15040650406504066,0.33739837398373984,1
246.0,5.767803930860173,0.15447154471544716,0.3699186991869919,1
246.0,5.836170960721797,0.16666666666666666,0.3861788617886179,1
246.0,5.813878507651209,0.16666666666666666,0.34146341463414637,1
246.0,5.814085606573337,0.17886178861788618,0.3699186991869919,1
246.0,5.778306906768976,0.21138211382113822,0.2926829268292683,1
246.0,5.777949339106104,0.17073170731707318,0.34959349593495936,1
246.0,5.685526041917077,0.15853658536585366,0.3089430894308943,1
246.0,5.762177597586781,0.14227642276422764,0.32926829268292684,1
245.0,5.7827115476515045,0.18775510204081633,0.32653061224489793,1
246.0,5.7516964930342915,0.15447154471544716,0.43089430894308944,1
246.0,5.843341338791437,0.16260162601626016,0.34959349593495936,1
246.0,5.809995031206228,0.17479674796747968,0.32113821138211385,1
246.0,5.774681832449884,0.13821138211382114,0.33739837398373984,1
246.0,5.740895246127228,0.21951219512195122,0.3699186991869919,1
245.0,5.856191461461647,0.12653061224489795,0.363265306122449,1
246.0,5.794575543789642,0.15447154471544716,0.36585365853658536,1
245.0,5.805000755280322,0.14285714285714285,0.3469387755102041,1
246.0,5.807202157653136,0.15853658536585366,0.34146341463414637,1
246.0,5.805303225094724,0.14634146341463414,0.3902439024390244,1
160.0,5.624201986067821,0.23125,0.35,1
31.0,3.779797215013755,0.1935483870967742,0.0,1
29.0,3.9523029776623866,0.20689655172413793,0.0,1
28.0,3.8693312611115185,0.17857142857142858,0.0,1
28.0,3.8693312611115185,0.17857142857142858,0.0,1
244.0,5.819847546873824,0.18442622950819673,0.36475409836065575,1
244.0,5.7987717146399405,0.12704918032786885,0.4098360655737705,1
244.0,5.798494355914822,0.19262295081967212,0.36065573770491804,1
244.0,5.742614211405326,0.16393442622950818,0.36065573770491804,1
244.0,5.777435597916462,0.18032786885245902,0.35655737704918034,1
243.0,5.847899594186551,0.1440329218106996,0.3292181069958848,1
243.0,5.780567149684735,0.11934156378600823,0.4074074074074074,1
244.0,5.793468306307546,0.1557377049180328,0.3114754098360656,1
244.0,5.811516638574275,0.1762295081967213,0.35655737704918034,1
244.0,5.708121625034316,0.20081967213114754,0.36065573770491804,1
245.0,5.778377979704698,0.17142857142857143,0.32653061224489793,1
245.0,5.805108441945105,0.16326530612244897,0.4204081632653061,1
244.0,5.790297634603346,0.20081967213114754,0.319672131147541,1
245.0,5.860429446777221,0.1469387755102041,0.3510204081632653,1
245.0,5.784316051685065,0.18775510204081633,0.3510204081632653,1
245.0,5.780644598648034,0.1673469387755102,0.3183673469387755,1
245.0,5.791834206626178,0.14285714285714285,0.3469387755102041,1
245.0,5.8113795419968675,0.11836734693877551,0.3469387755102041,1
245.0,5.764497134074737,0.13877551020408163,0.31020408163265306,1
245.0,5.819299741129037,0.14285714285714285,0.3795918367346939,1
245.0,5.737297300165527,0.2,0.3224489795918367,1
245.0,5.8394172386531995,0.1510204081632653,0.37142857142857144,1
245.0,5.813354507725253,0.1469387755102041,0.3306122448979592,1
245.0,5.787964431234374,0.17142857142857143,0.3673469387755102,1
244.0,5.785062788541797,0.1680327868852459,0.319672131147541,1
245.0,5.725776634732496,0.17551020408163265,0.2897959183673469,1
245.0,5.8402071881518784,0.1469387755102041,0.42857142857142855,1
245.0,5.722145259727957,0.19183673469387755,0.33877551020408164,1
245.0,5.766176399022866,0.16326530612244897,0.3469387755102041,1
245.0,5.808015898104754,0.16326530612244897,0.3510204081632653,1
245.0,5.79677438488402,0.15510204081632653,0.3551020408163265,1
245.0,5.827434802042806,0.1836734693877551,0.3142857142857143,1
245.0,5.790874139165083,0.15510204081632653,0.37142857142857144,1
245.0,5.773401322770521,0.17959183673469387,0.33877551020408164,1
245.0,5.835255810046452,0.16326530612244897,0.3469387755102041,1
245.0,5.779541709099804,0.15510204081632653,0.31020408163265306,1
245.0,5.749963577588332,0.17551020408163265,0.31020408163265306,1
245.0,5.7729655042144525,0.16326530612244897,0.3510204081632653,1
244.0,5.804273350231992,0.14344262295081966,0.3483606557377049,1
245.0,5.82958411245228,0.17551020408163265,0.3469387755102041,1
245.0,5.769428364256048,0.1469387755102041,0.34285714285714286,1
245.0,5.780435745907116,0.1836734693877551,0.33877551020408164,1
245.0,5.836972227463464,0.12653061224489795,0.37142857142857144,1
245.0,5.825670706101865,0.14285714285714285,0.32653061224489793,1
245.0,5.79060911236398,0.16326530612244897,0.3306122448979592,1
245.0,5.789340387143165,0.19183673469387755,0.3551020408163265,1
245.0,5.7406609440576375,0.17142857142857143,0.2979591836734694,1
245.0,5.743619239029343,0.17959183673469387,0.3306122448979592,1
245.0,5.780529980953255,0.13877551020408163,0.3183673469387755,1
245.0,5.8570348941814325,0.15918367346938775,0.363265306122449,1
245.0,5.758942071221878,0.1306122448979592,0.34285714285714286,1
245.0,5.765027861469493,0.15918367346938775,0.3836734693877551,1
245.0,5.79446836170074,0.15510204081632653,0.35918367346938773,1
245.0,5.788819063801742,0.18775510204081633,0.37551020408163266,1
245.0,5.840945185977934,0.18775510204081633,0.3224489795918367,1
245.0,5.834033641347855,0.16326530612244897,0.3836734693877551,1
245.0,5.817099826632029,0.16326530612244897,0.3224489795918367,1
245.0,5.830003600256126,0.1469387755102041,0.3551020408163265,1
245.0,5.7591591847745365,0.17142857142857143,0.3346938775510204,1
244.0,5.779616885026353,0.16393442622950818,0.3319672131147541,1
245.0,5.717587416805076,0.15918367346938775,0.2816326530612245,1
245.0,5.783318157962539,0.19591836734693877,0.33877551020408164,1
245.0,5.765617467235758,0.20408163265306123,0.3469387755102041,1
245.0,5.84453648294999,0.16326530612244897,0.3469387755102041,1
245.0,5.779364673579638,0.19183673469387755,0.3142857142857143,1
245.0,5.817877902490573,0.16326530612244897,0.3469387755102041,1
245.0,5.779335795394735,0.1673469387755102,0.3551020408163265,1
245.0,5.772954978159411,0.1836734693877551,0.3346938775510204,1
244.0,5.789928592176499,0.1885245901639344,0.3360655737704918,1
245.0,5.830647363036042,0.17551020408163265,0.33877551020408164,1
245.0,5.775562506820132,0.13877551020408163,0.3469387755102041,1
245.0,5.82481539974195,0.15918367346938775,0.34285714285714286,1
245.0,5.745847796986724,0.17142857142857143,0.3469387755102041,1
244.0,5.804893692399462,0.16393442622950818,0.3770491803278688,1
245.0,5.84650024883079,0.16326530612244897,0.4,1
244.0,5.819315320920786,0.13524590163934427,0.36065573770491804,1
245.0,5.838989915633391,0.15918367346938775,0.363265306122449,1
245.0,5.838403014178455,0.13877551020408163,0.37142857142857144,1
245.0,5.791044930920047,0.15510204081632653,0.3673469387755102,1
245.0,5.810832044781868,0.14285714285714285,0.3510204081632653,1
245.0,5.804869367765297,0.2,0.30612244897959184,1
245.0,5.777866278232349,0.15918367346938775,0.40408163265306124,1
245.0,5.756958831209508,0.15918367346938775,0.32653061224489793,1
245.0,5.7815386354553455,0.11428571428571428,0.3673469387755102,1
245.0,5.798812455702586,0.13877551020408163,0.3346938775510204,1
245.0,5.823812375114789,0.19591836734693877,0.3306122448979592,1
245.0,5.793849877749572,0.17551020408163265,0.3510204081632653,1
245.0,5.8564564882627534,0.15918367346938775,0.3469387755102041,1
244.0,5.669976952487395,0.18442622950819673,0.2786885245901639,1
245.0,5.810293043103132,0.13877551020408163,0.3183673469387755,1
245.0,5.680211290875401,0.1346938775510204,0.3306122448979592,1
245.0,5.789044686362905,0.1673469387755102,0.33877551020408164,1
245.0,5.826856396124125,0.14285714285714285,0.3510204081632653,1
245.0,5.75171647368168,0.13877551020408163,0.35918367346938773,1
245.0,5.737326178350428,0.14285714285714285,0.3306122448979592,1
245.0,5.749451202323436,0.17551020408163265,0.3469387755102041,1
245.0,5.788939925261726,0.19183673469387755,0.3673469387755102,1
245.0,5.803352620288149,0.16326530612244897,0.3469387755102041,1
245.0,5.720183745618213,0.1469387755102041,0.37142857142857144,1
244.0,5.739096942151163,0.18442622950819673,0.29098360655737704,1
246.0,5.798913133192536,0.17479674796747968,0.3902439024390244,1
246.0,5.827921851374857,0.15040650406504066,0.32113821138211385,1
246.0,5.760184813051526,0.13414634146341464,0.3821138211382114,1
246.0,5.822273209461963,0.17073170731707318,0.32926829268292684,1
246.0,5.8440482468859765,0.1910569105691057,0.3617886178861789,1
246.0,5.72682381266323,0.17073170731707318,0.3252032520325203,1
246.0,5.719698285642954,0.16666666666666666,0.3048780487804878,1
246.0,5.799741983004278,0.16260162601626016,0.3617886178861789,1
246.0,5.845047194177255,0.14227642276422764,0.3902439024390244,1
246.0,5.795560469331388,0.14227642276422764,0.3170731707317073,1
246.0,5.846084485018223,0.16260162601626016,0.34146341463414637,1
246.0,5.7843617396477995,0.21138211382113822,0.35772357723577236,1
246.0,5.774221267337572,0.1910569105691057,0.35365853658536583,1
246.0,5.7798734477338005,0.13414634146341464,0.37398373983739835,1
246.0,5.841979216848031,0.15853658536585366,0.4024390243902439,1
246.0,5.784880943788645,0.1991869918699187,0.3333333333333333,1
246.0,5.802143638406169,0.2073170731707317,0.3617886178861789,1
246.0,5.808729441140374,0.18699186991869918,0.3048780487804878,1
246.0,5.730866903321557,0.15040650406504066,0.3780487804878049,1
246.0,5.751006957643545,0.1910569105691057,0.34959349593495936,1
246.0,5.726389765727309,0.16666666666666666,0.3333333333333333,1
246.0,5.83826875155365,0.17886178861788618,0.34959349593495936,1
246.0,5.787912590728837,0.12601626016260162,0.3821138211382114,1
245.0,5.750276956705904,0.2163265306122449,0.32653061224489793,1
246.0,5.7882311481019615,0.17886178861788618,0.34959349593495936,1
246.0,5.782100069720448,0.2073170731707317,0.3333333333333333,1
246.0,5.863641007326766,0.16666666666666666,0.4186991869918699,1
160.0,5.69091413297338,0.15,0.3125,1
31.0,3.779797215013755,0.1935483870967742,0.0,1
29.0,3.7883413396567494,0.20689655172413793,0.0,1
29.0,3.9523029776623866,0.20689655172413793,0.0,1
29.0,3.857306856898129,0.20689655172413793,0.0,1
243.0,5.794283740838692,0.13168724279835392,0.37448559670781895,1
244.0,5.739766511354322,0.1680327868852459,0.3442622950819672,1
244.0,5.819409942176133,0.10245901639344263,0.3483606557377049,1
244.0,5.8251226352220895,0.14754098360655737,0.3114754098360656,1
242.0,5.763988615808171,0.15289256198347106,0.32644628099173556,1
244.0,5.804112427705432,0.12704918032786885,0.4139344262295082,1
244.0,5.727208568931048,0.1680327868852459,0.319672131147541,1
244.0,5.773163169573079,0.14344262295081966,0.3442622950819672,1
243.0,5.81074237588433,0.14814814814814814,0.29218106995884774,1
244.0,5.723507255719447,0.1721311475409836,0.3401639344262295,1
245.0,5.828714727111203,0.17551020408163265,0.3306122448979592,1
245.0,5.71757621695749,0.13877551020408163,0.3346938775510204,1
245.0,5.834175554917919,0.17959183673469387,0.33877551020408164,1
245.0,5.780775986163058,0.1673469387755102,0.2938775510204082,1
245.0,5.76431806803579,0.17142857142857143,0.34285714285714286,1
245.0,5.770915998823767,0.17959183673469387,0.2979591836734694,1
245.0,5.788342493420642,0.16326530612244897,0.33877551020408164,1
245.0,5.797477699827992,0.1673469387755102,0.3142857142857143,1
245.0,5.7862108613484775,0.17959183673469387,0.3469387755102041,1
245.0,5.763721983779797,0.15510204081632653,0.3795918367346939,1
244.0,5.795257382939399,0.1680327868852459,0.38114754098360654,1
245.0,5.789018733741612,0.1510204081632653,0.35918367346938773,1
244.0,5.81111859960931,0.1557377049180328,0.3319672131147541,1
245.0,5.844630717996126,0.17959183673469387,0.3510204081632653,1
244.0,5.730291124420821,0.1762295081967213,0.3442622950819672,1
244.0,5.802472351297553,0.20081967213114754,0.3319672131147541,1
245.0,5.772093867102311,0.1469387755102041,0.3673469387755102,1
245.0,5.8124535533601955,0.1346938775510204,0.3877551020408163,1
244.0,5.784138352110723,0.15163934426229508,0.3524590163934426,1
245.0,5.810159403817051,0.1836734693877551,0.34285714285714286,1
245.0,5.708161904767871,0.20408163265306123,0.32653061224489793,1
245.0,5.833767940754203,0.19183673469387755,0.35918367346938773,1
245.0,5.78469411387133,0.1673469387755102,0.2816326530612245,1
245.0,5.797928271157771,0.18775510204081633,0.3224489795918367,1
245.0,5.77679654915886,0.1346938775510204,0.34285714285714286,1
245.0,5.772045514785842,0.17142857142857143,0.3673469387755102,1
245.0,5.820959075968795,0.1673469387755102,0.3673469387755102,1
245.0,5.796640071805392,0.16326530612244897,0.3346938775510204,1
244.0,5.7513633891674125,0.14344262295081966,0.3401639344262295,1
245.0,5.788502759120564,0.2,0.3469387755102041,1
245.0,5.815033551421104,0.19591836734693877,0.3795918367346939,1
245.0,5.859432226847243,0.12244897959183673,0.3551020408163265,1
245.0,5.78278810436033,0.18775510204081633,0.33877551020408164,1
245.0,5.807607610148495,0.19591836734693877,0.3551020408163265,1
245.0,5.785367428628696,0.17142857142857143,0.3551020408163265,1
245.0,5.793217314817241,0.1836734693877551,0.3346938775510204,1
245.0,5.758771279466914,0.17551020408163265,0.37142857142857144,1
245.0,5.80145713683219,0.13877551020408163,0.3795918367346939,1
245.0,5.806869612322437,0.1469387755102041,0.35918367346938773,1
245.0,5.761396251740425,0.20816326530612245,0.33877551020408164,1
243.0,5.780200170733089,0.1646090534979424,0.30864197530864196,1
245.0,5.825186535229328,0.15510204081632653,0.37551020408163266,1
245.0,5.831282851531979,0.17142857142857143,0.32653061224489793,1
245.0,5.785898156023451,0.15918367346938775,0.3673469387755102,1
245.0,5.825015069681818,0.17142857142857143,0.3510204081632653,1
245.0,5.770095200523687,0.1306122448979592,0.44081632653061226,1
245.0,5.807685514442409,0.1510204081632653,0.363265306122449,1
245.0,5.8114448988581024,0.17959183673469387,0.33877551020408164,1
245.0,5.796876894214138,0.17142857142857143,0.3346938775510204,1
245.0,5.819336893597918,0.17142857142857143,0.34285714285714286,1
245.0,5.794551162174768,0.1836734693877551,0.3551020408163265,1
245.0,5.787539138733345,0.19591836734693877,0.34285714285714286,1
245.0,5.832280071461958,0.17959183673469387,0.33877551020408164,1
245.0,5.767475798222833,0.1836734693877551,0.3020408163265306,1
245.0,5.850755912483681,0.16326530612244897,0.3224489795918367,1
245.0,5.810369599811955,0.1469387755102041,0.33877551020408164,1
245.0,5.765766533088091,0.1510204081632653,0.3673469387755102,1
245.0,5.824040249447011,0.12653061224489795,0.4,1
245.0,5.799984020313652,0.1510204081632653,0.40816326530612246,1
244.0,5.759845777398987,0.11065573770491803,0.36475409836065575,1
245.0,5.721660180338345,0.16326530612244897,0.2857142857142857,1
245.0,5.812293961452816,0.18775510204081633,0.3224489795918367,1
245.0,5.813705274036237,0.11836734693877551,0.4122448979591837,1
245.0,5.741287937017313,0.17551020408163265,0.2979591836734694,1
245.0,5.717886657039212,0.2,0.3795918367346939,1
245.0,5.813109189780244,0.16326530612244897,0.42448979591836733,1
245.0,5.785130606219946,0.17551020408163265,0.33877551020408164,1
245.0,5.806014979755069,0.17959183673469387,0.3183673469387755,1
245.0,5.744055731377956,0.1346938775510204,0.3510204081632653,1
244.0,5.794333623062311,0.13524590163934427,0.3155737704918033,1
244.0,5.776268216560057,0.15163934426229508,0.3073770491803279,1
245.0,5.75496911270741,0.1469387755102041,0.2897959183673469,1
245.0,5.812293961452819,0.15918367346938775,0.3346938775510204,1
244.0,5.742925937309928,0.1721311475409836,0.35655737704918034,1
244.0,5.804521712418996,0.1721311475409836,0.36065573770491804,1
244.0,5.834955818833834,0.1598360655737705,0.38114754098360654,1
244.0,5.768923977460252,0.13934426229508196,0.29508196721311475,1
245.0,5.756573616740966,0.13877551020408163,0.34285714285714286,1
245.0,5.778047596042357,0.1836734693877551,0.32653061224489793,1
245.0,5.847030976225549,0.15918367346938775,0.2979591836734694,1
244.0,5.804006560701484,0.19672131147540983,0.3360655737704918,1
245.0,5.816284598304602,0.15918367346938775,0.3510204081632653,1
245.0,5.757417049460751,0.19183673469387755,0.3673469387755102,1
245.0,5.809808872230592,0.17551020408163265,0.3551020408163265,1
245.0,5.752477544995456,0.1673469387755102,0.2857142857142857,1
244.0,5.786291319236483,0.15163934426229508,0.3483606557377049,1
245.0,5.796192379609189,0.16326530612244897,0.3306122448979592,1
245.0,5.7910189782987525,0.22040816326530613,0.3224489795918367,1
245.0,5.848093553016764,0.15510204081632653,0.3183673469387755,1
245.0,5.822181244667388,0.19591836734693877,0.3346938775510204,1
246.0,5.836653834473609,0.17479674796747968,0.3617886178861789,1
245.0,5.790004753824005,0.1673469387755102,0.3183673469387755,1
246.0,5.800176700993749,0.17479674796747968,0.33739837398373984,1
246.0,5.774406728673749,0.15853658536585366,0.33739837398373984,1
246.0,5.783350966983217,0.17073170731707318,0.32926829268292684,1
246.0,5.765785299202082,0.21138211382113822,0.32113821138211385,1
246.0,5.801564670059995,0.16260162601626016,0.35772357723577236,1
246.0,5.785303836404816,0.16666666666666666,0.34552845528455284,1
245.0,5.683312173209713,0.1510204081632653,0.3551020408163265,1
246.0,5.759159581354221,0.17886178861788618,0.3983739837398374,1
246.0,5.803216588582622,0.15853658536585366,0.3821138211382114,1
246.0,5.8304396211518075,0.15040650406504066,0.3780487804878049,1
246.0,5.831631645615678,0.15853658536585366,0.3333333333333333,1
246.0,5.7718483727295835,0.15853658536585366,0.4024390243902439,1
246.0,5.81273463894968,0.15853658536585366,0.35772357723577236,1
246.0,5.809563897941373,0.17073170731707318,0.3252032520325203,1
246.0,5.752954279734653,0.1951219512195122,0.2886178861788618,1
246.0,5.860127157688312,0.14634146341463414,0.3943089430894309,1
246.0,5.830544627448405,0.15853658536585366,0.3699186991869919,1
246.0,5.836102955867787,0.17073170731707318,0.3861788617886179,1
246.0,5.825821146871928,0.2032520325203252,0.34959349593495936,1
246.0,5.818729927976051,0.16260162601626016,0.34146341463414637,1
246.0,5.889447981089354,0.13821138211382114,0.36585365853658536,1
246.0,5.8068242901979215,0.17479674796747968,0.33739837398373984,1
246.0,5.790158170400726,0.16666666666666666,0.35365853658536583,1
246.0,5.830280677992022,0.18699186991869918,0.4146341463414634,1
246.0,5.8185709848162634,0.1951219512195122,0.3333333333333333,1
160.0,5.703051498659982,0.14375,0.35625,1
31.0,3.93318068282548,0.1935483870967742,0.0,1
29.0,4.021268494903765,0.20689655172413793,0.0,1
29.0,4.021268494903765,0.20689655172413793,0.0,1
29.0,3.9523029776623866,0.20689655172413793,0.0,1
244.0,5.81437264682026,0.18032786885245902,0.3483606557377049,1
244.0,5.783196841444119,0.1557377049180328,0.3237704918032787,1
244.0,5.747714193924806,0.12704918032786885,0.3237704918032787,1
244.0,5.7911847663013205,0.1557377049180328,0.3442622950819672,1
244.0,5.810669749163016,0.1680327868852459,0.35655737704918034,1
244.0,5.812403770272251,0.14344262295081966,0.36475409836065575,1
244.0,5.796021573397901,0.16393442622950818,0.36885245901639346,1
244.0,5.821828345724421,0.13524590163934427,0.3483606557377049,1
244.0,5.770324235562626,0.1762295081967213,0.3237704918032787,1
243.0,5.746611474956454,0.16872427983539096,0.3045267489711934,1
245.0,5.77262392070452,0.1469387755102041,0.3224489795918367,1
245.0,5.82027523515639,0.15918367346938775,0.3469387755102041,1
245.0,5.788240657883066,0.17142857142857143,0.4122448979591837,1
245.0,5.786305096394619,0.19183673469387755,0.30612244897959184,1
244.0,5.7775131449362815,0.19672131147540983,0.3401639344262295,1
245.0,5.818521665270492,0.14285714285714285,0.35918367346938773,1
245.0,5.801722837425841,0.17142857142857143,0.3224489795918367,1
244.0,5.802589464050101,0.13934426229508196,0.36885245901639346,1
245.0,5.828477904702452,0.19183673469387755,0.32653061224489793,1
244.0,5.82346774557831,0.1762295081967213,0.3401639344262295,1
244.0,5.805199371108712,0.16393442622950818,0.3442622950819672,1
245.0,5.7634457571311035,0.1510204081632653,0.35918367346938773,1
245.0,5.801170384128458,0.1510204081632653,0.3346938775510204,1
245.0,5.79037228995523,0.2,0.3020408163265306,1
245.0,5.75714082281206,0.1836734693877551,0.3224489795918367,1
245.0,5.813429047387546,0.2,0.3551020408163265,1
245.0,5.812938398025278,0.16326530612244897,0.3551020408163265,1
244.0,5.77906216757611,0.18032786885245902,0.36475409836065575,1
245.0,5.6909364368371,0.18775510204081633,0.3469387755102041,1
245.0,5.7719682842844735,0.1346938775510204,0.37551020408163266,1
245.0,5.804567188495309,0.16326530612244897,0.3551020408163265,1
245.0,5.8265801694754344,0.17959183673469387,0.33877551020408164,1
245.0,5.744681815820559,0.20408163265306123,0.3020408163265306,1
244.0,5.8227521056015075,0.15163934426229508,0.3319672131147541,1
245.0,5.861130965926943,0.17551020408163265,0.3673469387755102,1
245.0,5.7627247638498185,0.17959183673469387,0.35918367346938773,1
245.0,5.698841153831846,0.17959183673469387,0.3346938775510204,1
245.0,5.7183421844513775,0.15510204081632653,0.363265306122449,1
245.0,5.871426537097774,0.17142857142857143,0.3469387755102041,1
245.0,5.821839661157458,0.1469387755102041,0.3673469387755102,1
245.0,5.758155721079353,0.14285714285714285,0.39591836734693875,1
245.0,5.772469224977256,0.1673469387755102,0.3142857142857143,1
245.0,5.789717327327725,0.19183673469387755,0.3224489795918367,1
245.0,5.766130516293196,0.22040816326530613,0.2897959183673469,1
245.0,5.832003844813267,0.1510204081632653,0.37142857142857144,1
245.0,5.76292150822608,0.16326530612244897,0.31020408163265306,1
245.0,5.810501661119524,0.17142857142857143,0.34285714285714286,1
245.0,5.794362926807015,0.17959183673469387,0.3836734693877551,1
244.0,5.816227789036816,0.0942622950819672,0.35655737704918034,1
245.0,5.7496331939259875,0.19183673469387755,0.30612244897959184,1
245.0,5.769476716572521,0.21224489795918366,0.3224489795918367,1
245.0,5.756351547105929,0.13877551020408163,0.3224489795918367,1
245.0,5.801212040139458,0.17551020408163265,0.3346938775510204,1
245.0,5.808947761173495,0.1673469387755102,0.3306122448979592,1
245.0,5.8372285240037804,0.17551020408163265,0.363265306122449,1
245.0,5.805066112141558,0.17551020408163265,0.35918367346938773,1
244.0,5.786966716926568,0.1598360655737705,0.3237704918032787,1
245.0,5.7235782982140035,0.1469387755102041,0.3020408163265306,1
244.0,5.816018316028553,0.1721311475409836,0.2827868852459016,1
245.0,5.805040159520264,0.15918367346938775,0.31020408163265306,1
245.0,5.764015888765804,0.14285714285714285,0.3469387755102041,1
244.0,5.710605653299835,0.19262295081967212,0.2581967213114754,1
244.0,5.833776515174842,0.1680327868852459,0.3770491803278688,1
245.0,5.795064211232208,0.18775510204081633,0.33877551020408164,1
245.0,5.766428744586968,0.17142857142857143,0.32653061224489793,1
245.0,5.775032453217919,0.15510204081632653,0.34285714285714286,1
245.0,5.798695820961274,0.20408163265306123,0.3224489795918367,1
245.0,5.71097737765244,0.1510204081632653,0.3795918367346939,1
245.0,5.805276981929008,0.15510204081632653,0.35918367346938773,1
245.0,5.825168856892015,0.13877551020408163,0.3673469387755102,1
245.0,5.787091446537145,0.1469387755102041,0.3510204081632653,1
245.0,5.812821763283968,0.15510204081632653,0.37551020408163266,1
245.0,5.718208779889824,0.1306122448979592,0.32653061224489793,1
245.0,5.7841895603501525,0.17959183673469387,0.3306122448979592,1
244.0,5.81269796754639,0.11475409836065574,0.3401639344262295,1
245.0,5.795520412436916,0.16326530612244897,0.363265306122449,1
245.0,5.863262597999108,0.1469387755102041,0.3673469387755102,1
244.0,5.704695409548205,0.1762295081967213,0.3155737704918033,1
245.0,5.784381408546301,0.1346938775510204,0.4,1
244.0,5.790297634603344,0.1598360655737705,0.29508196721311475,1
245.0,5.763845097010836,0.17959183673469387,0.3673469387755102,1
245.0,5.783147366207574,0.19591836734693877,0.33877551020408164,1
245.0,5.745688439803872,0.11428571428571428,0.37142857142857144,1
245.0,5.767607185737857,0.19183673469387755,0.3510204081632653,1
245.0,5.752951189812954,0.15510204081632653,0.4448979591836735,1
245.0,5.805844188000102,0.1510204081632653,0.3551020408163265,1
244.0,5.778692448595276,0.12295081967213115,0.3237704918032787,1
245.0,5.822352710214899,0.1510204081632653,0.3795918367346939,1
245.0,5.695720576113686,0.15918367346938775,0.37551020408163266,1
245.0,5.774282581751732,0.13877551020408163,0.37551020408163266,1
245.0,5.761986092231215,0.14285714285714285,0.4122448979591837,1
245.0,5.801143757714616,0.15510204081632653,0.3183673469387755,1
245.0,5.767610111301462,0.1510204081632653,0.42857142857142855,1
245.0,5.7766904404725885,0.22448979591836735,0.3183673469387755,1
245.0,5.842262263515217,0.1306122448979592,0.34285714285714286,1
245.0,5.824287597910801,0.14285714285714285,0.3673469387755102,1
245.0,5.810122251348168,0.19183673469387755,0.363265306122449,1
245.0,5.792468117143598,0.1510204081632653,0.3673469387755102,1
244.0,5.812757999463202,0.18032786885245902,0.3237704918032787,1
245.0,5.801999064074532,0.18775510204081633,0.3020408163265306,1
246.0,5.809941094343037,0.15853658536585366,0.3821138211382114,1
245.0,5.788211779698164,0.16326530612244897,0.35918367346938773,1
246.0,5.708999365131779,0.15853658536585366,0.3333333333333333,1
246.0,5.803190741459787,0.18699186991869918,0.32113821138211385,1
246.0,5.78615566590961,0.17886178861788618,0.3861788617886179,1
246.0,5.856322840417091,0.15447154471544716,0.3617886178861789,1
246.0,5.804303606749894,0.17886178861788618,0.3821138211382114,1
246.0,5.772859145394167,0.17479674796747968,0.37398373983739835,1
246.0,5.788514492526781,0.15040650406504066,0.32926829268292684,1
246.0,5.826153772235877,0.13414634146341464,0.32926829268292684,1
245.0,5.797207277876484,0.15918367346938775,0.3836734693877551,1
246.0,5.7689785826202495,0.21544715447154472,0.2926829268292683,1
246.0,5.776438757269109,0.15853658536585366,0.3861788617886179,1
246.0,5.765870690177366,0.15447154471544716,0.34552845528455284,1
246.0,5.758526676144853,0.22357723577235772,0.3252032520325203,1
245.0,5.708244031449352,0.15510204081632653,0.30612244897959184,1
246.0,5.852195934660943,0.16666666666666666,0.34959349593495936,1
246.0,5.839305371341067,0.13414634146341464,0.36585365853658536,1
246.0,5.838229507493546,0.18699186991869918,0.4146341463414634,1
246.0,5.7771855804773065,0.11788617886178862,0.32926829268292684,1
245.0,5.767978321225235,0.1346938775510204,0.35918367346938773,1
246.0,5.8135746430811714,0.16260162601626016,0.34552845528455284,1
246.0,5.791952767716092,0.17479674796747968,0.34146341463414637,1
246.0,5.741243915505345,0.17886178861788618,0.33739837398373984,1
246.0,5.777751151886207,0.16666666666666666,0.2886178861788618,1
246.0,5.7598662556784,0.1991869918699187,0.2967479674796748,1
245.0,5.808198563499852,0.15510204081632653,0.27755102040816326,1
160.0,5.645732257555674,0.18125,0.33125,1
30.0,3.7185077804617443,0.16666666666666666,0.0,1
29.0,3.9523029776623866,0.20689655172413793,0.0,1
29.0,3.9523029776623866,0.20689655172413793,0.0,1
29.0,3.9523029776623866,0.20689655172413793,0.0,1
242.0,5.776371374078928,0.15702479338842976,0.34710743801652894,1
243.0,5.8056873005602565,0.15637860082304528,0.3168724279835391,1
244.0,5.789899595638383,0.14344262295081966,0.3155737704918033,1
244.0,5.809386839499707,0.1721311475409836,0.3524590163934426,1
244.0,5.793697791104957,0.19262295081967212,0.3237704918032787,1
244.0,5.767762424590777,0.1598360655737705,0.35655737704918034,1
244.0,5.810643013624528,0.14754098360655737,0.3073770491803279,1
244.0,5.790641294599682,0.1598360655737705,0.3975409836065574,1
244.0,5.7915657310307544,0.1721311475409836,0.29918032786885246,1
244.0,5.819961722072752,0.1762295081967213,0.3770491803278688,1
245.0,5.785775716584954,0.13877551020408163,0.3469387755102041,1
245.0,5.784871149391499,0.17142857142857143,0.3346938775510204,1
245.0,5.766763753018074,0.17551020408163265,0.3224489795918367,1
245.0,5.805171547035283,0.15918367346938775,0.3224489795918367,1
244.0,5.815640066693682,0.1598360655737705,0.32786885245901637,1
245.0,5.7740464331355295,0.17959183673469387,0.37551020408163266,1
245.0,5.833756740906617,0.19591836734693877,0.33877551020408164,1
244.0,5.709870900246927,0.20901639344262296,0.2827868852459016,1
245.0,5.830504775673436,0.20408163265306123,0.3469387755102041,1
245.0,5.826856396124127,0.2,0.3183673469387755,1
245.0,5.794676305924587,0.17142857142857143,0.37551020408163266,1
245.0,5.834004763162956,0.1469387755102041,0.3346938775510204,1
245.0,5.746144406284056,0.15510204081632653,0.3224489795918367,1
244.0,5.791992089979849,0.20081967213114754,0.3237704918032787,1
245.0,5.847252372068038,0.17959183673469387,0.3551020408163265,1
245.0,5.749243258099586,0.16326530612244897,0.35918367346938773,1
245.0,5.747621075728713,0.1510204081632653,0.3183673469387755,1
245.0,5.650462367608961,0.21224489795918366,0.2979591836734694,1
245.0,5.764933626423351,0.20408163265306123,0.31020408163265306,1
245.0,5.752968194357723,0.2,0.3142857142857143,1
245.0,5.789611892433995,0.2,0.35918367346938773,1
245.0,5.740247086128723,0.1346938775510204,0.3551020408163265,1
244.0,5.715376835679188,0.14344262295081966,0.4098360655737705,1
245.0,5.748521356301227,0.20408163265306123,0.363265306122449,1
245.0,5.778906455328393,0.1673469387755102,0.3306122448979592,1
245.0,5.793427510812149,0.17142857142857143,0.3224489795918367,1
244.0,5.784814426354798,0.18442622950819673,0.319672131147541,1
245.0,5.804196053007933,0.1836734693877551,0.3673469387755102,1
245.0,5.853546106539497,0.1673469387755102,0.40816326530612246,1
245.0,5.7915754235902766,0.1469387755102041,0.37142857142857144,1
245.0,5.829558159830985,0.15918367346938775,0.34285714285714286,1
245.0,5.815876984140889,0.1836734693877551,0.3469387755102041,1
244.0,5.8537966615431944,0.1885245901639344,0.3360655737704918,1
245.0,5.7965064325193065,0.1346938775510204,0.3142857142857143,1
245.0,5.809757359625994,0.16326530612244897,0.39183673469387753,1
245.0,5.759152941009334,0.15510204081632653,0.3836734693877551,1
245.0,5.753270373627711,0.2163265306122449,0.34285714285714286,1
245.0,5.784475643592441,0.19591836734693877,0.3510204081632653,1
245.0,5.738587751288967,0.17959183673469387,0.3183673469387755,1
245.0,5.818786692071598,0.18775510204081633,0.3183673469387755,1
243.0,5.798278106572793,0.13991769547325103,0.4074074074074074,1
245.0,5.768898310653842,0.19591836734693877,0.3020408163265306,1
245.0,5.841865849199089,0.14285714285714285,0.3510204081632653,1
245.0,5.820856566638672,0.17551020408163265,0.3020408163265306,1
244.0,5.767003887080459,0.20901639344262296,0.319672131147541,1
245.0,5.813097989932658,0.1673469387755102,0.33877551020408164,1
245.0,5.755652953519815,0.17142857142857143,0.3183673469387755,1
245.0,5.83199264496568,0.17551020408163265,0.3306122448979592,1
244.0,5.768509099946276,0.19262295081967212,0.3237704918032787,1
245.0,5.742957797912111,0.15510204081632653,0.34285714285714286,1
245.0,5.779849518244721,0.1306122448979592,0.3551020408163265,1
245.0,5.823764022798318,0.18775510204081633,0.3142857142857143,1
245.0,5.827964855645014,0.1306122448979592,0.3673469387755102,1
245.0,5.829028106228776,0.17959183673469387,0.37551020408163266,1
244.0,5.8017992146070965,0.15163934426229508,0.3483606557377049,1
245.0,5.802414952522227,0.1673469387755102,0.3306122448979592,1
245.0,5.755151104309961,0.20408163265306123,0.3510204081632653,1
245.0,5.786475888149582,0.15918367346938775,0.32653061224489793,1
245.0,5.794835897831966,0.2,0.32653061224489793,1
245.0,5.7836798893965815,0.21224489795918366,0.3673469387755102,1
245.0,5.787952557594241,0.1836734693877551,0.3551020408163265,1
243.0,5.81406083481814,0.20164609053497942,0.32098765432098764,1
245.0,5.830809206714484,0.16326530612244897,0.3551020408163265,1
244.0,5.774484968415133,0.13934426229508196,0.39344262295081966,1
245.0,5.797902992329018,0.1469387755102041,0.3224489795918367,1
245.0,5.780672568315864,0.15918367346938775,0.3836734693877551,1
245.0,5.74157536351359,0.17551020408163265,0.2938775510204082,1
245.0,5.765757350287039,0.1306122448979592,0.3510204081632653,1
245.0,5.792002746610084,0.1510204081632653,0.3551020408163265,1
245.0,5.74565956161897,0.15918367346938775,0.3673469387755102,1
245.0,5.783566180218875,0.15510204081632653,0.3469387755102041,1
244.0,5.717800832027893,0.13524590163934427,0.3237704918032787,1
244.0,5.797420919259772,0.18442622950819673,0.38524590163934425,1
245.0,5.782485251297798,0.20408163265306123,0.2897959183673469,1
245.0,5.826382751306627,0.17551020408163265,0.3183673469387755,1
244.0,5.7780282966537895,0.13114754098360656,0.319672131147541,1
245.0,5.738376881501513,0.16326530612244897,0.37142857142857144,1
245.0,5.7232429584692746,0.17551020408163265,0.3183673469387755,1
245.0,5.736168692720525,0.2163265306122449,0.3510204081632653,1
245.0,5.794308769793362,0.1673469387755102,0.3877551020408163,1
244.0,5.75054188218666,0.1598360655737705,0.3401639344262295,1
245.0,5.697382162724501,0.18775510204081633,0.2979591836734694,1
243.0,5.7646390695522465,0.18518518518518517,0.3374485596707819,1
245.0,5.787119650929501,0.15510204081632653,0.3836734693877551,1
245.0,5.836783757371185,0.1673469387755102,0.3183673469387755,1
245.0,5.80523982946013,0.15510204081632653,0.34285714285714286,1
245.0,5.81740425767308,0.1510204081632653,0.35918367346938773,1
245.0,5.7865419188033655,0.17959183673469387,0.3306122448979592,1
245.0,5.739115553120116,0.1510204081632653,0.3346938775510204,1
245.0,5.801143757714616,0.17142857142857143,0.35918367346938773,1
246.0,5.767287420037514,0.16260162601626016,0.3048780487804878,1
245.0,5.828968319340193,0.17142857142857143,0.3673469387755102,1
246.0,5.785238745221876,0.1951219512195122,0.2845528455284553,1
246.0,5.803281679765566,0.15447154471544716,0.35772357723577236,1
246.0,5.743447383687347,0.15447154471544716,0.33739837398373984,1
246.0,5.739621428830175,0.14634146341463414,0.33739837398373984,1
246.0,5.816277249382037,0.1951219512195122,0.34552845528455284,1
246.0,5.715344431873014,0.15853658536585366,0.3130081300813008,1
246.0,5.730178952912254,0.14634146341463414,0.3252032520325203,1
245.0,5.792373208304912,0.15510204081632653,0.32653061224489793,1
246.0,5.7516425561711015,0.18699186991869918,0.32926829268292684,1
246.0,5.788960364836005,0.18699186991869918,0.3089430894308943,1
246.0,5.821009641660745,0.13821138211382114,0.34552845528455284,1
246.0,5.764888678306689,0.13008130081300814,0.3048780487804878,1
246.0,5.857293697968015,0.13414634146341464,0.37398373983739835,1
245.0,5.80283957123071,0.1306122448979592,0.3224489795918367,1
245.0,5.823196816727229,0.14285714285714285,0.3795918367346939,1
246.0,5.833443178351647,0.17479674796747968,0.2967479674796748,1
246.0,5.761425227048096,0.15853658536585366,0.37398373983739835,1
246.0,5.802282732474285,0.18292682926829268,0.3333333333333333,1
246.0,5.742842568218336,0.18699186991869918,0.2886178861788618,1
246.0,5.764612903477003,0.15447154471544716,0.3252032520325203,1
246.0,5.7530222845886625,0.16260162601626016,0.3048780487804878,1
246.0,5.797249389296605,0.17886178861788618,0.3130081300813008,1
246.0,5.79349967994212,0.17886178861788618,0.37398373983739835,1
246.0,5.832262308207527,0.15040650406504066,0.36585365853658536,1
246.0,5.842330566126855,0.2032520325203252,0.3252032520325203,1
160.0,5.669946651186468,0.16875,0.3625,1
31.0,3.868664553793222,0.1935483870967742,0.0,1
29.0,3.8833374604210067,0.20689655172413793,0.0,1
31.0,3.973345602110529,0.22580645161290322,0.0,1
31.0,3.868664553793222,0.1935483870967742,0.0,1
29.0,3.9523029776623866,0.20689655172413793,0.0,1
244.0,5.804579028941243,0.1762295081967213,0.35655737704918034,1
244.0,5.810239998265367,0.12295081967213115,0.3319672131147541,1
244.0,5.758924278521533,0.1721311475409836,0.3483606557377049,1
244.0,5.791620109999383,0.1598360655737705,0.3483606557377049,1
244.0,5.744411596232159,0.1721311475409836,0.3483606557377049,1
244.0,5.720241962759899,0.16393442622950818,0.35655737704918034,1
242.0,5.763836104491815,0.1652892561983471,0.3512396694214876,1
244.0,5.780434777899493,0.1680327868852459,0.3770491803278688,1
244.0,5.7734834258317145,0.20901639344262296,0.3442622950819672,1
244.0,5.796379134389637,0.18442622950819673,0.29098360655737704,1
245.0,5.727238551403445,0.20408163265306123,0.3346938775510204,1
245.0,5.786559362416155,0.2,0.37142857142857144,1
245.0,5.805210951275228,0.14285714285714285,0.3795918367346939,1
245.0,5.846568531255636,0.16326530612244897,0.3183673469387755,1
245.0,5.725408424808725,0.14285714285714285,0.31020408163265306,1
243.0,5.797278737569176,0.1440329218106996,0.3662551440329218,1
245.0,5.810056894486927,0.1673469387755102,0.30612244897959184,1
245.0,5.840839751084209,0.17142857142857143,0.3551020408163265,1
245.0,5.763445757131108,0.17551020408163265,0.35918367346938773,1
244.0,5.788880537951958,0.14754098360655737,0.3483606557377049,1
245.0,5.773769532694292,0.15510204081632653,0.3877551020408163,1
245.0,5.785737890323525,0.17959183673469387,0.363265306122449,1
245.0,5.7927049395523476,0.19591836734693877,0.3142857142857143,1
245.0,5.792137059688711,0.17959183673469387,0.3346938775510204,1
245.0,5.805305186321367,0.1836734693877551,0.363265306122449,1
245.0,5.7099801577224625,0.1836734693877551,0.3551020408163265,1
245.0,5.77371537568064,0.22448979591836735,0.27755102040816326,1
245.0,5.802189329961064,0.20816326530612245,0.3346938775510204,1
245.0,5.790332885715286,0.18775510204081633,0.3551020408163265,1
244.0,5.800425927729727,0.1557377049180328,0.3401639344262295,1
245.0,5.760288026944062,0.15510204081632653,0.3551020408163265,1
245.0,5.785902817479032,0.17959183673469387,0.32653061224489793,1
245.0,5.781393796321678,0.17551020408163265,0.3877551020408163,1
245.0,5.816823599983341,0.1469387755102041,0.30612244897959184,1
244.0,5.809137800758713,0.14754098360655737,0.36065573770491804,1
245.0,5.813639243382452,0.16326530612244897,0.35918367346938773,1
245.0,5.807648361973529,0.14285714285714285,0.37551020408163266,1
245.0,5.7699132089211345,0.16326530612244897,0.3510204081632653,1
245.0,5.875547887672037,0.1673469387755102,0.39183673469387753,1
244.0,5.7877183085284925,0.1680327868852459,0.3360655737704918,1
245.0,5.814283679954915,0.1469387755102041,0.3551020408163265,1
245.0,5.800365681856072,0.13877551020408163,0.32653061224489793,1
245.0,5.822484097729922,0.13877551020408163,0.3836734693877551,1
245.0,5.758297634649417,0.15918367346938775,0.3469387755102041,1
245.0,5.801445936984605,0.17959183673469387,0.3795918367346939,1
245.0,5.812283435397775,0.1673469387755102,0.3673469387755102,1
245.0,5.8245897771807895,0.1836734693877551,0.33877551020408164,1
245.0,5.76136760828005,0.1836734693877551,0.33877551020408164,1
245.0,5.831414239047002,0.20408163265306123,0.363265306122449,1
245.0,5.731918599040293,0.18775510204081633,0.27346938775510204,1
245.0,5.7648675957695685,0.15918367346938775,0.34285714285714286,1
245.0,5.723938233853794,0.17551020408163265,0.39183673469387753,1
245.0,5.812662171376588,0.14285714285714285,0.3836734693877551,1
245.0,5.73653622885175,0.1673469387755102,0.3142857142857143,1
245.0,5.732502634833899,0.17142857142857143,0.3469387755102041,1
244.0,5.793088018132101,0.1680327868852459,0.32786885245901637,1
245.0,5.79904860431879,0.21224489795918366,0.2979591836734694,1
245.0,5.751452120673119,0.15918367346938775,0.3306122448979592,1
245.0,5.803352620288153,0.1836734693877551,0.3795918367346939,1
244.0,5.75999839173057,0.14754098360655737,0.36885245901639346,1
245.0,5.816968439117006,0.20816326530612245,0.3510204081632653,1
245.0,5.820340592017628,0.1673469387755102,0.3020408163265306,1
244.0,5.8802640183239,0.16393442622950818,0.38524590163934425,1
245.0,5.816746369481969,0.14285714285714285,0.4122448979591837,1
245.0,5.796623067260621,0.1836734693877551,0.35918367346938773,1
245.0,5.753575243736775,0.17551020408163265,0.3469387755102041,1
244.0,5.743326913828508,0.13524590163934427,0.3155737704918033,1
245.0,5.753529595731631,0.19183673469387755,0.3224489795918367,1
245.0,5.845143767053569,0.15918367346938775,0.3469387755102041,1
245.0,5.771041816366134,0.15918367346938775,0.34285714285714286,1
245.0,5.751804904030635,0.1673469387755102,0.3224489795918367,1
245.0,5.8545862836355465,0.19183673469387755,0.37551020408163266,1
245.0,5.794904854049354,0.1673469387755102,0.3306122448979592,1
245.0,5.779363999787091,0.13877551020408163,0.33877551020408164,1
245.0,5.7730975655220185,0.14285714285714285,0.30612244897959184,1
245.0,5.791795476178782,0.13877551020408163,0.3346938775510204,1
245.0,5.803723081982983,0.1469387755102041,0.363265306122449,1
245.0,5.741734955420968,0.17959183673469387,0.2979591836734694,1
245.0,5.7640136369947435,0.16326530612244897,0.39591836734693875,1
245.0,5.794058495765967,0.17959183673469387,0.33877551020408164,1
245.0,5.737591205151534,0.17959183673469387,0.3877551020408163,1
245.0,5.800932887927164,0.17142857142857143,0.363265306122449,1
245.0,5.843382596676235,0.12653061224489795,0.3510204081632653,1
243.0,5.858928963807679,0.17695473251028807,0.34156378600823045,1
244.0,5.811158165342039,0.1598360655737705,0.36475409836065575,1
245.0,5.7864076057247384,0.14285714285714285,0.3673469387755102,1
244.0,5.798800711178059,0.14754098360655737,0.29918032786885246,1
245.0,5.769174537302531,0.17551020408163265,0.31020408163265306,1
245.0,5.808463590300956,0.15918367346938775,0.33877551020408164,1
245.0,5.780379571846929,0.12653061224489795,0.3795918367346939,1
245.0,5.816957239269422,0.1510204081632653,0.33877551020408164,1
245.0,5.8401959883042895,0.15510204081632653,0.34285714285714286,1
244.0,5.719927299301678,0.13114754098360656,0.35655737704918034,1
245.0,5.795730608431821,0.17551020408163265,0.3836734693877551,1
245.0,5.839759495955676,0.18775510204081633,0.35918367346938773,1
245.0,5.725237633053759,0.13877551020408163,0.33877551020408164,1
245.0,5.786960059022123,0.1673469387755102,0.3836734693877551,1
245.0,5.82536852683188,0.16326530612244897,0.3551020408163265,1
245.0,5.822788528770967,0.17142857142857143,0.32653061224489793,1
245.0,5.784250021031282,0.18775510204081633,0.3673469387755102,1
246.0,5.830715395981496,0.16666666666666666,0.3780487804878049,1
246.0,5.781724895583425,0.17479674796747968,0.35365853658536583,1
246.0,5.767062714641236,0.15040650406504066,0.34552845528455284,1
246.0,5.787873346668734,0.15040650406504066,0.3780487804878049,1
246.0,5.800147940199846,0.15040650406504066,0.36585365853658536,1
246.0,5.848757659471632,0.15040650406504066,0.3780487804878049,1
246.0,5.788478162137743,0.1951219512195122,0.35365853658536583,1
246.0,5.814332620609118,0.16260162601626016,0.33739837398373984,1
246.0,5.869108397440369,0.15447154471544716,0.34959349593495936,1
246.0,5.8234623202547615,0.17479674796747968,0.3902439024390244,1
246.0,5.758432824168008,0.18292682926829268,0.3130081300813008,1
246.0,5.825983003702786,0.15853658536585366,0.3902439024390244,1
245.0,5.789032577998248,0.1306122448979592,0.31020408163265306,1
246.0,5.836664988793359,0.15447154471544716,0.34146341463414637,1
246.0,5.723888697600596,0.15853658536585366,0.35772357723577236,1
246.0,5.811422915386125,0.17073170731707318,0.37398373983739835,1
246.0,5.8022996678948875,0.15853658536585366,0.34552845528455284,1
246.0,5.791140182271402,0.17886178861788618,0.34959349593495936,1
246.0,5.795032570418619,0.15447154471544716,0.3252032520325203,1
246.0,5.65572732155112,0.18292682926829268,0.2601626016260163,1
246.0,5.84541682098379,0.17073170731707318,0.3943089430894309,1
246.0,5.818383280862572,0.13821138211382114,0.3008130081300813,1
246.0,5.754408011037388,0.22764227642276422,0.34959349593495936,1
246.0,5.855340828546415,0.17479674796747968,0.3699186991869919,1
246.0,5.804592732275564,0.16260162601626016,0.34146341463414637,1
246.0,5.797919967002108,0.16260162601626016,0.33739837398373984,1
246.0,5.805748426350399,0.17479674796747968,0.4024390243902439,1
160.0,5.5617019860678205,0.19375,0.3,1
29.0,3.697584979458496,0.13793103448275862,0.0,1
29.0,3.8833374604210067,0.20689655172413793,0.0,1
28.0,3.7979026896829464,0.17857142857142858,0.0,1
29.0,3.9523029776623866,0.20689655172413793,0.0,1
244.0,5.811146919593439,0.1721311475409836,0.3073770491803279,1
243.0,5.827308904566592,0.1728395061728395,0.3333333333333333,1
244.0,5.79023200988612,0.1885245901639344,0.3073770491803279,1
244.0,5.821170022269865,0.11885245901639344,0.3770491803278688,1
244.0,5.7673736060612955,0.15163934426229508,0.3114754098360656,1
243.0,5.7463210034718415,0.17695473251028807,0.30864197530864196,1
244.0,5.8012741702489645,0.13934426229508196,0.4139344262295082,1
244.0,5.815852477255564,0.1557377049180328,0.3524590163934426,1
244.0,5.75843518578852,0.14754098360655737,0.319672131147541,1
244.0,5.7826443849935085,0.18032786885245902,0.3360655737704918,1
245.0,5.79210818150381,0.1469387755102041,0.3469387755102041,1
244.0,5.760881909320938,0.16393442622950818,0.36885245901639346,1
245.0,5.805578487406452,0.1836734693877551,0.2979591836734694,1
245.0,5.828857314473809,0.19591836734693877,0.3224489795918367,1
245.0,5.778891702554685,0.15918367346938775,0.33877551020408164,1
243.0,5.77509883504371,0.16872427983539096,0.3374485596707819,1
245.0,5.847438590389257,0.15510204081632653,0.3673469387755102,1
245.0,5.818020489853186,0.1673469387755102,0.3142857142857143,1
245.0,5.804934724626535,0.1673469387755102,0.34285714285714286,1
245.0,5.777996318162281,0.1836734693877551,0.3306122448979592,1
245.0,5.770326393057503,0.20408163265306123,0.3183673469387755,1
245.0,5.795152202513146,0.1469387755102041,0.3183673469387755,1
245.0,5.846121512851977,0.1469387755102041,0.3469387755102041,1
245.0,5.786607275664606,0.17551020408163265,0.37551020408163266,1
245.0,5.833123504181743,0.1346938775510204,0.363265306122449,1
245.0,5.766028006963074,0.17142857142857143,0.2816326530612245,1
244.0,5.796513557064224,0.16393442622950818,0.36065573770491804,1
245.0,5.840905107945449,0.19183673469387755,0.34285714285714286,1
245.0,5.789583014249098,0.13877551020408163,0.3510204081632653,1
245.0,5.813570960957612,0.16326530612244897,0.34285714285714286,1
245.0,5.728595033180669,0.11836734693877551,0.3469387755102041,1
245.0,5.808975965565846,0.15510204081632653,0.4163265306122449,1
245.0,5.81964199843151,0.1510204081632653,0.33877551020408164,1
245.0,5.806735973036356,0.19183673469387755,0.3142857142857143,1
245.0,5.765606267388169,0.20408163265306123,0.32653061224489793,1
245.0,5.765475553665694,0.20408163265306123,0.3142857142857143,1
245.0,5.819944177701504,0.1469387755102041,0.3469387755102041,1
245.0,5.755784341034835,0.20816326530612245,0.32653061224489793,1
245.0,5.782627838660408,0.1510204081632653,0.3510204081632653,1
245.0,5.763434557283518,0.1469387755102041,0.33877551020408164,1
244.0,5.855871405095147,0.12704918032786885,0.4098360655737705,1
245.0,5.790030706445299,0.1510204081632653,0.3346938775510204,1
245.0,5.8246074555181035,0.1469387755102041,0.3551020408163265,1
244.0,5.855224327389188,0.1557377049180328,0.3524590163934426,1
245.0,5.7602219962902765,0.17551020408163265,0.3469387755102041,1
245.0,5.814850886026007,0.17959183673469387,0.35918367346938773,1
244.0,5.8323002988471435,0.1557377049180328,0.3483606557377049,1
245.0,5.770650972022666,0.1836734693877551,0.3673469387755102,1
245.0,5.8211016633314,0.13877551020408163,0.37142857142857144,1
244.0,5.8057010160779905,0.16393442622950818,0.3360655737704918,1
245.0,5.8206568966988055,0.11836734693877551,0.34285714285714286,1
245.0,5.848359253610414,0.1510204081632653,0.32653061224489793,1
245.0,5.825556996924158,0.18775510204081633,0.2938775510204082,1
244.0,5.800941756001229,0.1885245901639344,0.319672131147541,1
245.0,5.799103435124988,0.16326530612244897,0.32653061224489793,1
245.0,5.774841278814317,0.15918367346938775,0.3510204081632653,1
245.0,5.825499240554357,0.1346938775510204,0.3346938775510204,1
245.0,5.821828461309874,0.1469387755102041,0.3224489795918367,1
245.0,5.802802418761827,0.13877551020408163,0.33877551020408164,1
245.0,5.823709191992124,0.1673469387755102,0.39591836734693875,1
245.0,5.83013723954221,0.16326530612244897,0.3346938775510204,1
245.0,5.772034314938254,0.15918367346938775,0.3306122448979592,1
243.0,5.860472436472873,0.1522633744855967,0.35390946502057613,1
245.0,5.7637219837797975,0.19183673469387755,0.33877551020408164,1
245.0,5.75881068370686,0.18775510204081633,0.35918367346938773,1
245.0,5.773733054017955,0.16326530612244897,0.32653061224489793,1
244.0,5.780000110755418,0.1598360655737705,0.3442622950819672,1
245.0,5.82424819367086,0.19183673469387755,0.363265306122449,1
245.0,5.808252046720957,0.13877551020408163,0.363265306122449,1
245.0,5.793940559869591,0.1510204081632653,0.3551020408163265,1
245.0,5.7463982332375725,0.1469387755102041,0.3469387755102041,1
245.0,5.835190453185212,0.17142857142857143,0.3510204081632653,1
245.0,5.8210904634838165,0.17551020408163265,0.3346938775510204,1
245.0,5.781975127803964,0.19591836734693877,0.3673469387755102,1
244.0,5.79008883814907,0.1680327868852459,0.27049180327868855,1
245.0,5.824051449294599,0.1469387755102041,0.3836734693877551,1
245.0,5.766908592151741,0.11428571428571428,0.3346938775510204,1
245.0,5.858919177789804,0.12653061224489795,0.37142857142857144,1
245.0,5.7931772367847545,0.1510204081632653,0.34285714285714286,1
245.0,5.806071827607798,0.21224489795918366,0.30612244897959184,1
245.0,5.84324828359761,0.1673469387755102,0.3469387755102041,1
245.0,5.874518910423577,0.15510204081632653,0.3469387755102041,1
244.0,5.814924426716882,0.13934426229508196,0.3442622950819672,1
245.0,5.848016996307939,0.14285714285714285,0.30612244897959184,1
245.0,5.851753806206206,0.17551020408163265,0.363265306122449,1
245.0,5.801133231659575,0.17551020408163265,0.3183673469387755,1
245.0,5.781744327908134,0.14285714285714285,0.3673469387755102,1
245.0,5.819365771782822,0.20408163265306123,0.3551020408163265,1
244.0,5.8204283233085645,0.13114754098360656,0.38114754098360654,1
245.0,5.7972746561153565,0.17959183673469387,0.3020408163265306,1
245.0,5.7644718552459855,0.21224489795918366,0.3142857142857143,1
245.0,5.773153974306728,0.20816326530612245,0.2857142857142857,1
245.0,5.77824726598222,0.17551020408163265,0.39183673469387753,1
245.0,5.80246016145935,0.1510204081632653,0.37551020408163266,1
245.0,5.779370243552292,0.19183673469387755,0.37142857142857144,1
245.0,5.816768769177143,0.1510204081632653,0.3346938775510204,1
245.0,5.841760414305361,0.11836734693877551,0.3877551020408163,1
245.0,5.8079104632110266,0.1673469387755102,0.34285714285714286,1
245.0,5.829159493743799,0.1673469387755102,0.3306122448979592,1
245.0,5.805105516381502,0.14285714285714285,0.39591836734693875,1
246.0,5.817248106932963,0.16260162601626016,0.3333333333333333,1
246.0,5.766185709067158,0.15040650406504066,0.35772357723577236,1
245.0,5.776443092008795,0.11428571428571428,0.35918367346938773,1
246.0,5.797459401889797,0.14227642276422764,0.4349593495934959,1
246.0,5.823765513771251,0.14634146341463414,0.34959349593495936,1
246.0,5.812263590571171,0.14634146341463414,0.3617886178861789,1
246.0,5.800439745626223,0.17886178861788618,0.3048780487804878,1
246.0,5.8454250616324686,0.16666666666666666,0.34552845528455284,1
246.0,5.822556553886778,0.17073170731707318,0.35772357723577236,1
246.0,5.829400758746877,0.13008130081300814,0.32113821138211385,1
246.0,5.744852054403832,0.1910569105691057,0.33739837398373984,1
246.0,5.774131624897611,0.17886178861788618,0.3821138211382114,1
246.0,5.821353375103156,0.17479674796747968,0.2967479674796748,1
245.0,5.752571780041597,0.12244897959183673,0.3469387755102041,1
246.0,5.731132875042581,0.17479674796747968,0.34552845528455284,1
244.0,5.739546469151448,0.14754098360655737,0.38114754098360654,1
246.0,5.8053689873312155,0.1910569105691057,0.34552845528455284,1
246.0,5.818570984816264,0.17479674796747968,0.3089430894308943,1
246.0,5.859656109309802,0.17479674796747968,0.3252032520325203,1
246.0,5.795537926921526,0.21544715447154472,0.32113821138211385,1
246.0,5.809223031928746,0.13414634146341464,0.3983739837398374,1
246.0,5.719445490506324,0.18292682926829268,0.3617886178861789,1
246.0,5.756559067678885,0.15853658536585366,0.3252032520325203,1
246.0,5.823490409995115,0.17073170731707318,0.3333333333333333,1
246.0,5.838032891837621,0.1951219512195122,0.34552845528455284,1
246.0,5.793550078321977,0.13414634146341464,0.3902439024390244,1
246.0,5.816720208020192,0.17479674796747968,0.3943089430894309,1
160.0,5.630312648747117,0.18125,0.2625,1
31.0,3.868664553793222,0.1935483870967742,0.0,1
29.0,3.9523029776623866,0.20689655172413793,0.0,1
29.0,3.9523029776623866,0.20689655172413793,0.0,1
29.0,3.7454064259382482,0.20689655172413793,0.0,1
244.0,5.768440537675428,0.1680327868852459,0.38934426229508196,1
244.0,5.811805243047996,0.13524590163934427,0.3975409836065574,1
244.0,5.735698235742488,0.15163934426229508,0.32786885245901637,1
244.0,5.833727964693139,0.1598360655737705,0.319672131147541,1
244.0,5.758452024337535,0.1680327868852459,0.3155737704918033,1
244.0,5.790326631141462,0.13934426229508196,0.3442622950819672,1
244.0,5.819647735168522,0.1721311475409836,0.35655737704918034,1
244.0,5.855633612102757,0.13114754098360656,0.36885245901639346,1
244.0,5.828358931643519,0.1762295081967213,0.3483606557377049,1
244.0,5.76248241999609,0.18032786885245902,0.26639344262295084,1
245.0,5.786647353697091,0.15510204081632653,0.34285714285714286,1
245.0,5.804016986968986,0.17551020408163265,0.33877551020408164,1
245.0,5.8030651937918725,0.16326530612244897,0.3346938775510204,1
245.0,5.839843204946773,0.15918367346938775,0.3795918367346939,1
245.0,5.790437646816468,0.16326530612244897,0.39183673469387753,1
245.0,5.808710938764744,0.17959183673469387,0.3306122448979592,1
245.0,5.731283110544356,0.17551020408163265,0.30612244897959184,1
244.0,5.766792153072567,0.1680327868852459,0.3483606557377049,1
245.0,5.870280251315459,0.17142857142857143,0.2979591836734694,1
245.0,5.7516396822483316,0.17959183673469387,0.3142857142857143,1
245.0,5.853070883743484,0.1836734693877551,0.33877551020408164,1
245.0,5.815061755813462,0.14285714285714285,0.3673469387755102,1
245.0,5.776283500101418,0.17959183673469387,0.3306122448979592,1
243.0,5.734958530981273,0.18106995884773663,0.36213991769547327,1
245.0,5.824894882014381,0.1673469387755102,0.3551020408163265,1
245.0,5.80460434096419,0.19183673469387755,0.3346938775510204,1
245.0,5.780510285569406,0.17142857142857143,0.35918367346938773,1
245.0,5.801027122973305,0.1510204081632653,0.42857142857142855,1
245.0,5.6851711779893375,0.14285714285714285,0.2938775510204082,1
245.0,5.864107378303979,0.1346938775510204,0.3551020408163265,1
245.0,5.755889102136018,0.1836734693877551,0.32653061224489793,1
245.0,5.688251677675009,0.19183673469387755,0.3306122448979592,1
245.0,5.774259273539489,0.1469387755102041,0.3346938775510204,1
245.0,5.779535465334599,0.17551020408163265,0.34285714285714286,1
245.0,5.824750042880711,0.16326530612244897,0.40408163265306124,1
245.0,5.727739726820756,0.17959183673469387,0.32653061224489793,1
244.0,5.777369973199235,0.1598360655737705,0.3155737704918033,1
245.0,5.828250030370231,0.1469387755102041,0.3224489795918367,1
244.0,5.816089593693967,0.13524590163934427,0.30327868852459017,1
244.0,5.752390078494823,0.20491803278688525,0.3729508196721312,1
245.0,5.794847097679553,0.17142857142857143,0.3020408163265306,1
245.0,5.815033551421107,0.15510204081632653,0.3551020408163265,1
243.0,5.804690215443924,0.18106995884773663,0.37037037037037035,1
245.0,5.797798955179455,0.1510204081632653,0.3346938775510204,1
245.0,5.841352800141649,0.14285714285714285,0.33877551020408164,1
245.0,5.88364579611692,0.1469387755102041,0.3673469387755102,1
245.0,5.821839661157458,0.12653061224489795,0.3142857142857143,1
245.0,5.820616818666316,0.1469387755102041,0.3551020408163265,1
245.0,5.755045669416236,0.19183673469387755,0.31020408163265306,1
245.0,5.825488040706769,0.15510204081632653,0.3510204081632653,1
245.0,5.70979168763018,0.15918367346938775,0.32653061224489793,1
245.0,5.775610859136601,0.15510204081632653,0.3224489795918367,1
244.0,5.806559151237848,0.16393442622950818,0.3524590163934426,1
245.0,5.782551281951582,0.16326530612244897,0.37142857142857144,1
244.0,5.787576489899425,0.1721311475409836,0.32786885245901637,1
245.0,5.730803895754203,0.17551020408163265,0.32653061224489793,1
243.0,5.726932737132135,0.18518518518518517,0.2839506172839506,1
245.0,5.791806002233822,0.17142857142857143,0.3020408163265306,1
244.0,5.85390185199315,0.1721311475409836,0.3237704918032787,1
244.0,5.796922841777787,0.1680327868852459,0.4057377049180328,1
244.0,5.717191059055035,0.14344262295081966,0.3114754098360656,1
245.0,5.77932752111075,0.11836734693877551,0.35918367346938773,1
245.0,5.812028934651712,0.15918367346938775,0.40408163265306124,1
245.0,5.78454100045368,0.15918367346938775,0.363265306122449,1
245.0,5.755926928397445,0.17142857142857143,0.37551020408163266,1
245.0,5.773082812748309,0.1510204081632653,0.3306122448979592,1
244.0,5.787071907376526,0.1557377049180328,0.3729508196721312,1
245.0,5.8046318715640055,0.13877551020408163,0.37142857142857144,1
245.0,5.788200579850576,0.20408163265306123,0.3224489795918367,1
245.0,5.842461933455081,0.1673469387755102,0.3673469387755102,1
245.0,5.670474430239402,0.17551020408163265,0.3020408163265306,1
244.0,5.817400823341406,0.1598360655737705,0.3401639344262295,1
245.0,5.803475733519192,0.19183673469387755,0.33877551020408164,1
245.0,5.790173293807907,0.15510204081632653,0.32653061224489793,1
244.0,5.808339461829157,0.1885245901639344,0.3401639344262295,1
244.0,5.751097276190892,0.1762295081967213,0.35655737704918034,1
245.0,5.841323921956748,0.1836734693877551,0.3877551020408163,1
245.0,5.679387567011714,0.1510204081632653,0.2979591836734694,1
245.0,5.736311280083135,0.14285714285714285,0.34285714285714286,1
245.0,5.834480659751512,0.19591836734693877,0.35918367346938773,1
245.0,5.810463834858096,0.14285714285714285,0.3346938775510204,1
245.0,5.73448047969587,0.20816326530612245,0.3306122448979592,1
244.0,5.732310812450158,0.1598360655737705,0.319672131147541,1
245.0,5.797444100285233,0.16326530612244897,0.33877551020408164,1
245.0,5.759815055919108,0.15918367346938775,0.3551020408163265,1
245.0,5.853232727421926,0.11428571428571428,0.363265306122449,1
244.0,5.747637323458979,0.14754098360655737,0.29098360655737704,1
245.0,5.875464852473485,0.1673469387755102,0.363265306122449,1
245.0,5.851163526647394,0.1673469387755102,0.3551020408163265,1
244.0,5.763100501163926,0.1598360655737705,0.38934426229508196,1
245.0,5.806528028812509,0.1510204081632653,0.3551020408163265,1
245.0,5.819773385946534,0.16326530612244897,0.4,1
245.0,5.7792332860646125,0.17142857142857143,0.3224489795918367,1
244.0,5.843098161176686,0.1885245901639344,0.3401639344262295,1
245.0,5.821329537663624,0.12244897959183673,0.363265306122449,1
244.0,5.74120542294892,0.1557377049180328,0.319672131147541,1
245.0,5.727084529468725,0.15510204081632653,0.35918367346938773,1
244.0,5.723236166348728,0.1598360655737705,0.29918032786885246,1
245.0,5.750134369343296,0.15510204081632653,0.3224489795918367,1
245.0,5.818653052785515,0.17142857142857143,0.33877551020408164,1
246.0,5.814378987877179,0.17073170731707318,0.3048780487804878,1
246.0,5.790836988754913,0.17479674796747968,0.4024390243902439,1
246.0,5.807031389120046,0.13414634146341464,0.33739837398373984,1
246.0,5.825443950470265,0.17479674796747968,0.3861788617886179,1
246.0,5.770395312480397,0.1951219512195122,0.3008130081300813,1
245.0,5.740709531098637,0.17142857142857143,0.363265306122449,1
246.0,5.838152590937303,0.18699186991869918,0.3252032520325203,1
245.0,5.8204943792278225,0.17142857142857143,0.3551020408163265,1
246.0,5.797173143793909,0.14634146341463414,0.36585365853658536,1
246.0,5.795216689647692,0.14634146341463414,0.3780487804878049,1
246.0,5.844377958578853,0.1910569105691057,0.3048780487804878,1
246.0,5.74554226084813,0.18699186991869918,0.32926829268292684,1
246.0,5.806089292363027,0.17886178861788618,0.3333333333333333,1
246.0,5.758356578665317,0.16260162601626016,0.3780487804878049,1
246.0,5.816972332103275,0.18699186991869918,0.36585365853658536,1
245.0,5.832268871614373,0.17959183673469387,0.3142857142857143,1
246.0,5.758591767327795,0.17073170731707318,0.35772357723577236,1
246.0,5.798561112860156,0.18699186991869918,0.3048780487804878,1
246.0,5.7529542797346505,0.17073170731707318,0.3943089430894309,1
246.0,5.791177854767539,0.16666666666666666,0.3699186991869919,1
246.0,5.836114110187537,0.18699186991869918,0.3089430894308943,1
246.0,5.8017354385930835,0.18699186991869918,0.34146341463414637,1
246.0,5.785880562133472,0.16260162601626016,0.3699186991869919,1
246.0,5.758186481185779,0.2073170731707317,0.3333333333333333,1
246.0,5.790811141632076,0.16260162601626016,0.34146341463414637,1
246.0,5.7278178836775675,0.16666666666666666,0.3170731707317073,1
246.0,5.795873245603662,0.15040650406504066,0.3617886178861789,1
160.0,5.659886398221238,0.19375,0.28125,1
31.0,3.868664553793222,0.1935483870967742,0.0,1
29.0,3.8833374604210067,0.20689655172413793,0.0,1
29.0,3.9523029776623866,0.20689655172413793,0.0,1
29.0,3.9523029776623866,0.20689655172413793,0.0,1
244.0,5.78105285906733,0.1557377049180328,0.3442622950819672,1
244.0,5.831347542431938,0.13114754098360656,0.3770491803278688,1
244.0,5.778704370897867,0.12704918032786885,0.36885245901639346,1
243.0,5.757497083656432,0.1728395061728395,0.37448559670781895,1
244.0,5.775930825918124,0.16393442622950818,0.36065573770491804,1
243.0,5.863403142974686,0.13168724279835392,0.3662551440329218,1
244.0,5.817981599776146,0.1680327868852459,0.3483606557377049,1
244.0,5.801398914642505,0.13934426229508196,0.38524590163934425,1
244.0,5.723850915715782,0.16393442622950818,0.3319672131147541,1
244.0,5.797095010052949,0.16393442622950818,0.3319672131147541,1
245.0,5.787131524569632,0.1469387755102041,0.3306122448979592,1
244.0,5.740690271231409,0.16393442622950818,0.3401639344262295,1
245.0,5.813941422652442,0.19591836734693877,0.363265306122449,1
245.0,5.756904674195854,0.2,0.35918367346938773,1
245.0,5.776679914417545,0.14285714285714285,0.39183673469387753,1
245.0,5.798629790307491,0.1469387755102041,0.363265306122449,1
245.0,5.784275299860028,0.1469387755102041,0.3224489795918367,1
245.0,5.792504595819934,0.1306122448979592,0.3510204081632653,1
245.0,5.838206269802192,0.17142857142857143,0.3346938775510204,1
245.0,5.816521420713351,0.17551020408163265,0.3020408163265306,1
245.0,5.815022351573517,0.15510204081632653,0.363265306122449,1
245.0,5.864314648735281,0.1510204081632653,0.3673469387755102,1
245.0,5.812729780008887,0.16326530612244897,0.37551020408163266,1
245.0,5.804356318707856,0.17142857142857143,0.3877551020408163,1
11.0,2.663532754804255,0.0,0.0,0
13.0,3.0269868333592873,0.0,0.0,0
16.0,3.5,0.0,0.0,0
21.0,3.6897037321995474,0.0,0.0,0
13.0,3.180832987205441,0.0,0.0,0
22.0,3.641249800455479,0.0,0.0,0
15.0,3.323231428797621,0.0,0.0,0
21.0,3.558518613048906,0.0,0.0,0
13.0,3.238901256602631,0.0,0.0,0
12.0,3.084962500721156,0.0,0.0,0
12.0,3.0220552088742005,0.0,0.0,0
22.0,3.152391277629867,0.0,0.0,0
14.0,3.039148671903071,0.0,0.0,0
10.0,2.9219280948873623,0.0,0.0,0
22.0,3.4251185503571397,0.0,0.0,0
10.0,2.9219280948873623,0.0,0.0,0
13.0,3.085055102756477,0.0,0.0,0
9.0,2.725480556997868,0.1111111111111111,0.0,0
22.0,3.538310595615006,0.0,0.0,0
10.0,3.121928094887362,0.0,0.0,0
10.0,2.6464393446710153,0.0,0.0,0
16.0,3.577819531114783,0.0,0.0,0
11.0,2.9139770731827523,0.0,0.0,0
12.0,3.4182958340544896,0.0,0.0,0
10.0,2.9219280948873623,0.0,0.0,0
19.0,3.5368867237421693,0.0,0.0,0
13.0,3.3927474104487847,0.0,0.0,0
12.0,3.2516291673878226,0.0,0.0,0
16.0,3.452819531114783,0.0,0.0,0
14.0,3.039148671903071,0.0,0.0,0
15.0,3.6402239289418516,0.0,0.0,0
15.0,3.139572261986723,0.0,0.0,0
9.0,2.94770277922009,0.0,0.0,0
21.0,3.27280432733462,0.0,0.0,0
11.0,3.0957952550009344,0.0,0.0,0
14.0,3.3787834934861767,0.0,0.0,0
10.0,2.7219280948873625,0.0,0.0,0
13.0,3.238901256602631,0.0,0.0,0
13.0,3.238901256602631,0.0,0.0,0
9.0,2.94770277922009,0.0,0.0,0
14.0,3.378783493486176,0.0,0.0,0
12.0,2.9182958340544896,0.0,0.0,0
10.0,2.9219280948873623,0.0,0.0,0
10.0,2.9219280948873623,0.0,0.0,0
13.0,3.238901256602631,0.0,0.0,0
14.0,3.182005814760214,0.0,0.0,0
14.0,3.039148671903071,0.0,0.0,0
10.0,2.9219280948873623,0.0,0.0,0
9.0,2.94770277922009,0.0,0.0,0
14.0,3.09306920777189,0.0,0.0,0
11.0,2.663532754804255,0.0,0.0,0
11.0,3.2776134368191165,0.0,0.0,0
11.0,3.0957952550009344,0.0,0.0,0
13.0,3.238901256602631,0.0,0.0,0
9.0,2.725480556997868,0.0,0.0,0
21.0,3.4585250192341506,0.0,0.0,0
13.0,3.238901256602631,0.0,0.0,0
18.0,3.350209029099897,0.0,0.0,0
17.0,3.2639334294856344,0.0,0.0,0
11.0,2.7321588913645702,0.0,0.0,0
10.0,2.9219280948873623,0.0,0.0,0
18.0,3.725480556997868,0.0,0.0,0
12.0,2.8553885422075336,0.08333333333333333,0.0,0
11.0,3.2776134368191165,0.0,0.0,0
13.0,2.7773627950641697,0.0,0.0,0
11.0,2.845350936622437,0.0,0.0,0
10.0,2.9219280948873623,0.0,0.0,0
9.0,2.94770277922009,0.0,0.0,0
10.0,3.121928094887362,0.0,0.0,0
12.0,2.8553885422075336,0.0,0.0,0
14.0,3.09306920777189,0.0,0.0,0
14.0,3.2359263506290334,0.0,0.0,0
15.0,3.2402239289418517,0.0,0.0,0
9.0,2.725480556997868,0.2222222222222222,0.0,0
14.0,3.2359263506290334,0.0,0.0,0
11.0,2.845350936622437,0.0,0.0,0
11.0,3.2776134368191165,0.0,0.0,0
8.0,2.5,0.0,0.0,0
11.0,2.9139770731827523,0.0,0.0,0
9.0,2.94770277922009,0.0,0.0,0
15.0,3.373557262275185,0.0,0.0,0
15.0,3.0565647621309537,0.0,0.0,0
13.0,2.4116022179746714,0.0,0.0,0
16.0,3.202819531114783,0.0,0.0,0
14.0,3.3787834934861767,0.0,0.0,0
16.0,3.375,0.0,0.0,0
10.0,2.7219280948873625,0.0,0.0,0
11.0,2.9139770731827523,0.0,0.0,0
10.0,2.9219280948873623,0.0,0.0,0
8.0,2.5,0.0,0.0,0
20.0,3.4841837197791885,0.0,0.0,0
10.0,2.9219280948873623,0.0,0.0,0
11.0,3.0957952550009344,0.0,0.0,0
23.0,3.8820451081368628,0.0,0.0,0
10.0,2.721928094887362,0.0,0.0,0
5.0,1.9219280948873623,0.0,0.0,0
10.0,2.9219280948873623,0.0,0.0,0
13.0,2.8150724101159437,0.0,0.0,0
16.0,3.625,0.0,0.0,0
12.0,3.2516291673878226,0.0,0.0,0
13.0,3.3927474104487847,0.0,0.0,0
16.0,2.8522170014624826,0.0,0.0,0
16.0,3.452819531114783,0.0,0.0,0
9.0,2.725480556997868,0.0,0.0,0
10.0,2.921928094887362,0.0,0.0,0
12.0,3.2516291673878226,0.0,0.0,0
13.0,3.238901256602631,0.0,0.0,0
12.0,3.084962500721156,0.0,0.0,0
13.0,3.3927474104487847,0.0,0.0,0
11.0,3.0957952550009344,0.0,0.0,0
12.0,2.9182958340544896,0.0,0.0,0
9.0,2.94770277922009,0.0,0.0,0
13.0,3.238901256602631,0.0,0.0,0
10.0,2.7219280948873625,0.0,0.0,0
16.0,3.077819531114783,0.0,0.0,0
17.0,3.6168746059562227,0.0,0.0,0
8.0,2.75,0.125,0.0,0
11.0,3.0957952550009344,0.2727272727272727,0.0,0
13.0,3.238901256602631,0.0,0.0,0
10.0,2.9219280948873623,0.0,0.0,0
11.0,3.0957952550009344,0.0,0.0,0
10.0,2.9219280948873623,0.0,0.0,0
15.0,3.3735572622751855,0.0,0.0,0
13.0,3.546593564294939,0.23076923076923078,0.0,0
12.0,3.0220552088742005,0.0,0.0,0
10.0,2.6464393446710157,0.0,0.0,0
18.0,3.350209029099897,0.0,0.0,0
15.0,3.3735572622751855,0.0,0.0,0
19.0,3.8268748818646396,0.0,0.0,0
11.0,2.9139770731827523,0.0,0.0,0
14.0,3.039148671903071,0.0,0.0,0
12.0,2.9182958340544896,0.0,0.0,0
10.0,2.721928094887362,0.0,0.0,0
12.0,2.688721875540867,0.0,0.0,0
17.0,3.734521664779752,0.0,0.0,0
11.0,2.7321588913645707,0.0,0.0,0
14.0,2.9852281360342525,0.0,0.0,0
13.0,3.085055102756477,0.0,0.0,0
8.0,2.75,0.0,0.0,0
20.0,3.546439344671015,0.0,0.0,0
10.0,3.121928094887362,0.0,0.0,0
14.0,3.2359263506290334,0.0,0.0,0
10.0,3.1219280948873624,0.0,0.0,0
17.0,3.734521664779752,0.0,0.0,0
10.0,3.121928094887362,0.0,0.0,0
11.0,2.913977073182752,0.0,0.0,0
13.0,3.3927474104487847,0.0,0.0,0
19.0,3.7216117239699025,0.0,0.0,0
11.0,3.2776134368191165,0.0,0.0,0
17.0,3.6168746059562227,0.0,0.0,0
12.0,2.8553885422075336,0.0,0.0,0
7.0,1.950212064914747,0.0,0.0,0
14.0,2.950212064914748,0.0,0.0,0
12.0,3.084962500721156,0.0,0.0,0
18.0,3.3921472236645345,0.05555555555555555,0.0,0
9.0,2.725480556997868,0.0,0.0,0
10.0,2.7219280948873625,0.0,0.0,0
16.0,3.75,0.0,0.0,0
15.0,3.373557262275185,0.0,0.0,0
7.0,2.5216406363433186,0.0,0.0,0
13.0,2.931208948910323,0.0,0.0,0
14.0,3.3248629576173574,0.0,0.0,0
11.0,2.9139770731827523,0.0,0.0,0
11.0,2.9139770731827523,0.0,0.0,0
13.0,3.0269868333592873,0.0,0.0,0
21.0,3.5351745656359026,0.0,0.0,0
14.0,3.521640636343319,0.0,0.0,0
10.0,2.9219280948873623,0.0,0.0,0
12.0,3.084962500721156,0.0,0.0,0
12.0,2.8553885422075336,0.0,0.0,0
18.0,3.5032583347756456,0.0,0.0,0
18.0,3.4193819456463714,0.0,0.0,0
10.0,2.921928094887362,0.2,0.0,0
14.0,3.3787834934861767,0.0,0.0,0
8.0,2.5,0.0,0.0,0
15.0,3.323231428797621,0.0,0.0,0
17.0,3.454822399946607,0.0,0.0,0
14.0,3.093069207771891,0.0,0.0,0
10.0,3.121928094887362,0.0,0.0,0
11.0,3.0957952550009344,0.0,0.0,0
14.0,3.3787834934861767,0.0,0.0,0
17.0,3.734521664779752,0.0,0.0,0
14.0,3.3787834934861767,0.0,0.0,0
10.0,3.121928094887362,0.0,0.0,0
11.0,2.7321588913645702,0.0,0.0,0
10.0,2.9219280948873623,0.0,0.0,0
14.0,2.950212064914747,0.0,0.0,0
13.0,3.180832987205441,0.0,0.0,0
11.0,2.550340709546388,0.0,0.0,0
14.0,3.3248629576173574,0.0,0.0,0
22.0,3.5383105956150054,0.0,0.0,0
9.0,2.725480556997868,0.0,0.0,0
11.0,3.095795255000934,0.0,0.0,0
11.0,3.2776134368191165,0.0,0.0,0
11.0,2.7321588913645707,0.0,0.0,0
12.0,2.751629167387823,0.0,0.0,0
11.0,3.2776134368191165,0.0,0.0,0
13.0,3.085055102756477,0.0,0.0,0
17.0,3.454822399946607,0.0,0.0,0
15.0,3.456564762130954,0.0,0.0,0
14.0,3.3787834934861767,0.0,0.0,0
11.0,3.095795255000934,0.0,0.0,0
12.0,3.084962500721156,0.0,0.0,0
11.0,3.095795255000934,0.0,0.0,0
16.0,3.5,0.0,0.0,0
9.0,2.94770277922009,0.0,0.0,0
13.0,3.0269868333592873,0.0,0.0,0
20.0,3.5841837197791886,0.0,0.0,0
11.0,2.9139770731827523,0.0,0.0,0
10.0,2.9219280948873623,0.0,0.0,0
13.0,3.3927474104487847,0.0,0.0,0
9.0,2.94770277922009,0.3333333333333333,0.0,0
10.0,2.7219280948873625,0.0,0.0,0
21.0,3.689703732199547,0.0,0.0,0
16.0,3.327819531114783,0.0,0.0,0
11.0,3.2776134368191165,0.0,0.0,0
10.0,3.121928094887362,0.0,0.0,0
14.0,3.3787834934861767,0.0,0.0,0
10.0,2.7219280948873625,0.0,0.0,0
15.0,3.506890595608519,0.0,0.0,0
19.0,3.6163485660751653,0.0,0.0,0
7.0,2.5216406363433186,0.0,0.0,0
10.0,2.721928094887362,0.0,0.0,0
11.0,3.0957952550009344,0.0,0.0,0
18.0,3.5724312513221195,0.0,0.0,0
14.0,2.9852281360342525,0.0,0.0,0
16.0,3.5,0.0,0.0,0
10.0,2.721928094887362,0.0,0.0,0
10.0,3.121928094887362,0.0,0.0,0
12.0,3.084962500721156,0.0,0.0,0
15.0,3.323231428797621,0.0,0.0,0
14.0,3.3787834934861767,0.0,0.0,0
15.0,3.3735572622751855,0.0,0.0,0
14.0,3.182005814760214,0.0,0.0,0
14.0,3.182005814760214,0.0,0.0,0
16.0,3.125,0.0,0.0,0
17.0,3.3371753411230776,0.0,0.0,0
11.0,2.481714572986073,0.0,0.0,0
12.0,2.918295834054489,0.0,0.0,0
11.0,3.0957952550009344,0.0,0.0,0
10.0,2.9219280948873623,0.0,0.0,0
15.0,3.323231428797621,0.0,0.0,0
21.0,3.748994803525096,0.0,0.0,0
11.0,2.9139770731827523,0.0,0.0,0
10.0,3.1219280948873624,0.0,0.0,0
11.0,2.9139770731827523,0.0,0.0,0
11.0,2.845350936622437,0.0,0.0,0
14.0,3.3787834934861767,0.0,0.0,0
9.0,2.94770277922009,0.0,0.0,0
13.0,3.238901256602631,0.0,0.0,0
17.0,3.4992275471326932,0.0,0.0,0
16.0,3.5,0.0,0.0,0
11.0,2.663532754804255,0.0,0.0,0
16.0,3.327819531114783,0.0,0.0,0
14.0,3.521640636343319,0.0,0.0,0
14.0,2.9852281360342525,0.0,0.0,0
13.0,3.238901256602631,0.0,0.0,0
11.0,3.095795255000934,0.0,0.0,0
13.0,2.7192945256669794,0.0,0.0,0
10.0,2.9219280948873623,0.0,0.0,0
11.0,3.0957952550009344,0.0,0.0,0
18.0,3.239097917988786,0.0,0.0,0
11.0,2.663532754804255,0.0,0.0,0
13.0,3.085055102756477,0.0,0.0,0
18.0,3.725480556997868,0.0,0.0,0
16.0,3.25,0.0,0.0,0
6.0,2.2516291673878226,0.0,0.0,0
13.0,3.0269868333592873,0.0,0.0,0
16.0,3.375,0.0,0.0,0
12.0,2.918295834054489,0.0,0.0,0
12.0,3.084962500721156,0.0,0.0,0
15.0,3.189898095464287,0.0,0.0,0
19.0,3.326360407952695,0.0,0.0,0
17.0,3.454822399946607,0.0,0.0,0
9.0,2.94770277922009,0.0,0.0,0
13.0,3.238901256602631,0.0,0.0,0
13.0,3.238901256602631,0.0,0.0,0
12.0,3.4182958340544896,0.0,0.0,0
11.0,2.663532754804255,0.0,0.0,0
11.0,2.9139770731827523,0.0,0.0,0
14.0,3.039148671903071,0.0,0.0,0
14.0,3.3248629576173574,0.0,0.0,0
12.0,2.8553885422075336,0.0,0.0,0
7.0,2.5216406363433186,0.0,0.0,0
12.0,2.918295834054489,0.0,0.0,0
17.0,3.454822399946607,0.0,0.0,0
17.0,3.454822399946607,0.0,0.0,0
9.0,2.725480556997868,0.0,0.0,0
12.0,3.084962500721156,0.0,0.0,0
12.0,3.0220552088742005,0.0,0.0,0
20.0,3.5841837197791886,0.0,0.0,0
9.0,2.725480556997868,0.0,0.0,0
9.0,2.94770277922009,0.0,0.0,0
9.0,2.725480556997868,0.0,0.0,0
7.0,2.5216406363433186,0.0,0.0,0
11.0,2.663532754804255,0.0,0.0,0
12.0,3.2516291673878226,0.0,0.0,0
16.0,3.5,0.0,0.0,0
11.0,3.2776134368191165,0.0,0.0,0
15.0,3.240223928941852,0.0,0.0,0
11.0,2.9139770731827523,0.0,0.0,0
14.0,3.2359263506290334,0.21428571428571427,0.0,0
16.0,3.5,0.0,0.0,0
11.0,2.663532754804255,0.0,0.0,0
18.0,3.2390979179887864,0.0,0.0,0
9.0,2.725480556997868,0.0,0.0,0
10.0,2.721928094887362,0.0,0.0,0
11.0,2.663532754804255,0.0,0.0,0
11.0,2.9139770731827523,0.0,0.0,0
14.0,3.2359263506290334,0.0,0.0,0
8.0,2.5,0.0,0.0,0
17.0,3.4548223999466066,0.0,0.0,0
17.0,3.6168746059562227,0.0,0.0,0
11.0,2.913977073182752,0.0,0.0,0
15.0,3.373557262275186,0.0,0.0,0
12.0,2.918295834054489,0.0,0.0,0
9.0,2.725480556997868,0.0,0.0,0
13.0,3.085055102756477,0.0,0.0,0
10.0,2.9219280948873623,0.0,0.0,0
11.0,3.095795255000934,0.0,0.0,0
10.0,3.121928094887362,0.0,0.0,0
14.0,3.378783493486176,0.0,0.0,0
13.0,3.0269868333592873,0.0,0.0,0
16.0,3.625,0.0,0.0,0
13.0,3.238901256602631,0.0,0.0,0
12.0,2.751629167387823,0.0,0.0,0
15.0,3.1898980954642875,0.0,0.0,0
10.0,2.9219280948873623,0.0,0.0,0
11.0,2.9139770731827523,0.0,0.0,0
17.0,3.057476076289932,0.0,0.0,0
11.0,3.0957952550009344,0.0,0.0,0
11.0,3.0957952550009344,0.0,0.0,0
10.0,2.9219280948873623,0.0,0.0,0
17.0,3.4992275471326932,0.0,0.0,0
12.0,3.084962500721156,0.0,0.0,0
9.0,2.725480556997868,0.0,0.0,0
12.0,2.9182958340544896,0.0,0.0,0
10.0,2.7219280948873625,0.0,0.0,0
14.0,3.2359263506290334,0.0,0.0,0
14.0,3.521640636343319,0.0,0.0,0
16.0,3.327819531114783,0.0,0.0,0
16.0,3.077819531114783,0.0,0.0,0
10.0,2.5219280948873624,0.0,0.0,0
12.0,2.855388542207534,0.0,0.0,0
7.0,2.5216406363433186,0.0,0.0,0
14.0,3.039148671903071,0.0,0.0,0
12.0,3.084962500721156,0.0,0.0,0
18.0,3.614369445886757,0.0,0.0,0
23.0,3.5342190211803413,0.0,0.0,0
10.0,2.9219280948873623,0.0,0.0,0
19.0,3.6818808028034042,0.0,0.0,0
18.0,3.794653473544342,0.0,0.0,0
11.0,3.095795255000934,0.0,0.0,0
27.0,3.91211389097223,0.0,0.0,0
11.0,3.0957952550009344,0.0,0.0,0
12.0,3.2516291673878226,0.0,0.0,0
9.0,2.94770277922009,0.0,0.0,0
8.0,2.75,0.0,0.0,0
14.0,3.2359263506290334,0.0,0.0,0
11.0,2.9139770731827523,0.0,0.0,0
13.0,3.3927474104487847,0.0,0.0,0
10.0,3.1219280948873624,0.0,0.0,0
14.0,3.3787834934861767,0.0,0.0,0
14.0,3.039148671903071,0.0,0.0,0
12.0,3.2516291673878226,0.0,0.0,0
12.0,3.4182958340544896,0.0,0.0,0
19.0,3.576617644908667,0.0,0.0,0
13.0,3.0269868333592873,0.0,0.0,0
12.0,3.084962500721156,0.0,0.0,0
11.0,3.095795255000934,0.09090909090909091,0.0,0
11.0,3.095795255000934,0.0,0.0,0
8.0,2.5,0.0,0.0,0
13.0,3.0269868333592873,0.0,0.0,0
11.0,3.0957952550009344,0.0,0.0,0
9.0,2.725480556997868,0.0,0.0,0
14.0,3.521640636343319,0.0,0.0,0
8.0,2.25,0.0,0.0,0
11.0,2.9139770731827523,0.0,0.0,0
14.0,3.521640636343319,0.0,0.0,0
13.0,3.238901256602631,0.0,0.0,0
11.0,3.2776134368191165,0.0,0.0,0
12.0,3.4182958340544896,0.08333333333333333,0.0,0
16.0,3.327819531114783,0.0,0.0,0
16.0,3.327819531114783,0.0,0.0,0
10.0,2.921928094887362,0.0,0.0,0
9.0,2.94770277922009,0.0,0.0,0
14.0,3.182005814760214,0.0,0.0,0
12.0,3.2516291673878226,0.0,0.0,0
13.0,2.8150724101159437,0.0,0.0,0
11.0,3.2776134368191165,0.0,0.0,0
19.0,3.6818808028034042,0.0,0.0,0
11.0,3.2776134368191165,0.0,0.0,0
10.0,2.7219280948873625,0.0,0.0,0
15.0,3.056564762130954,0.0,0.0,0
13.0,3.085055102756477,0.0,0.0,0
15.0,3.5068905956085183,0.0,0.0,0
12.0,3.2516291673878226,0.0,0.0,0
12.0,3.4182958340544896,0.0,0.0,0
11.0,2.7321588913645702,0.0,0.0,0
10.0,2.4464393446710155,0.0,0.0,0
14.0,3.3787834934861767,0.0,0.0,0
13.0,3.238901256602631,0.0,0.0,0
11.0,2.663532754804255,0.0,0.0,0
12.0,3.2516291673878226,0.0,0.0,0
12.0,3.084962500721156,0.0,0.0,0
15.0,3.323231428797621,0.0,0.0,0
11.0,2.9139770731827523,0.0,0.0,0
10.0,2.7219280948873625,0.0,0.0,0
10.0,2.9219280948873623,0.0,0.0,0
12.0,3.2516291673878226,0.0,0.0,0
7.0,2.2359263506290326,0.0,0.0,0
15.0,3.1898980954642875,0.0,0.0,0
12.0,3.4182958340544896,0.0,0.0,0
17.0,3.4548223999466066,0.0,0.0,0
10.0,3.121928094887362,0.0,0.0,0
10.0,2.9219280948873623,0.0,0.0,0
19.0,3.576617644908667,0.0,0.0,0
14.0,3.039148671903071,0.0,0.0,0
11.0,2.663532754804255,0.0,0.0,0
13.0,2.8150724101159437,0.0,0.0,0
7.0,2.2359263506290326,0.0,0.0,0
10.0,2.9219280948873623,0.0,0.0,0
10.0,2.9219280948873623,0.0,0.0,0
10.0,2.9219280948873623,0.1,0.0,0
14.0,3.182005814760214,0.0,0.0,0
11.0,3.0957952550009344,0.0,0.0,0
14.0,3.09306920777189,0.0,0.0,0
13.0,3.238901256602631,0.0,0.0,0
14.0,3.521640636343319,0.0,0.0,0
24.0,3.7201755214643457,0.0,0.0,0
11.0,3.2776134368191165,0.0,0.0,0
12.0,3.2516291673878226,0.0,0.0,0
14.0,3.3787834934861767,0.0,0.0,0
10.0,2.6464393446710157,0.0,0.0,0
14.0,3.3248629576173574,0.0,0.0,0
18.0,3.4613201402110083,0.0,0.0,0
11.0,2.9139770731827523,0.0,0.0,0
11.0,3.095795255000934,0.0,0.0,0
17.0,3.5724694587701364,0.0,0.0,0
15.0,3.106890595608519,0.0,0.0,0
14.0,3.521640636343319,0.0,0.0,0
11.0,3.0957952550009344,0.0,0.0,0
15.0,3.2402239289418526,0.0,0.0,0
12.0,3.4182958340544896,0.0,0.0,0
11.0,2.7321588913645702,0.0,0.0,0
9.0,2.725480556997868,0.0,0.0,0
13.0,3.238901256602631,0.0,0.0,0
16.0,3.625,0.0,0.0,0
10.0,3.121928094887362,0.0,0.0,0
10.0,2.9219280948873623,0.0,0.0,0
14.0,3.039148671903071,0.0,0.0,0
13.0,3.238901256602631,0.0,0.0,0
8.0,2.5,0.0,0.0,0
15.0,3.3735572622751855,0.0,0.0,0
12.0,3.2516291673878226,0.0,0.0,0
11.0,2.663532754804255,0.0,0.0,0
12.0,2.8553885422075336,0.0,0.0,0
18.0,3.5032583347756456,0.0,0.0,0
11.0,3.0957952550009344,0.0,0.0,0
20.0,3.3086949695628416,0.0,0.0,0
12.0,3.2516291673878226,0.0,0.0,0
21.0,3.3680424225727155,0.0,0.0,0
10.0,2.9219280948873623,0.0,0.0,0
12.0,3.084962500721156,0.0,0.0,0
16.0,3.452819531114783,0.0,0.0,0
12.0,3.2516291673878226,0.0,0.0,0
10.0,3.121928094887362,0.0,0.0,0
9.0,2.94770277922009,0.0,0.0,0
15.0,3.189898095464287,0.0,0.0,0
10.0,3.121928094887362,0.0,0.0,0
12.0,3.2516291673878226,0.0,0.0,0
13.0,3.238901256602631,0.0,0.0,0
17.0,3.5724694587701364,0.0,0.0,0
13.0,3.238901256602631,0.0,0.0,0
14.0,3.039148671903071,0.0,0.0,0
12.0,3.084962500721156,0.0,0.0,0
13.0,3.3927474104487847,0.0,0.0,0
20.0,3.546439344671015,0.0,0.0,0
18.0,3.350209029099897,0.0,0.0,0
14.0,3.521640636343319,0.0,0.0,0
13.0,3.238901256602631,0.0,0.0,0
13.0,3.238901256602631,0.0,0.0,0
14.0,3.521640636343319,0.0,0.0,0
13.0,3.238901256602631,0.0,0.0,0
13.0,3.0269868333592873,0.0,0.0,0
16.0,3.25,0.0,0.0,0
19.0,3.366091329119193,0.0,0.0,0
12.0,3.0220552088742005,0.0,0.0,0
15.0,3.373557262275186,0.0,0.0,0
13.0,3.085055102756477,0.0,0.0,0
12.0,2.688721875540867,0.0,0.0,0
10.0,2.9219280948873623,0.0,0.0,0
12.0,3.084962500721156,0.0,0.0,0
9.0,2.725480556997868,0.3333333333333333,0.0,0
13.0,3.180832987205441,0.0,0.0,0
12.0,3.084962500721156,0.0,0.0,0
14.0,3.039148671903072,0.0,0.0,0
12.0,3.084962500721156,0.0,0.0,0
12.0,3.2516291673878226,0.0,0.0,0
12.0,3.2516291673878226,0.0,0.0,0
12.0,2.8553885422075336,0.0,0.0,0
16.0,3.375,0.0,0.0,0
13.0,3.180832987205441,0.0,0.0,0
15.0,3.2402239289418517,0.0,0.0,0
10.0,3.121928094887362,0.0,0.0,0
10.0,2.7219280948873625,0.0,0.0,0
12.0,3.084962500721156,0.0,0.0,0
14.0,2.8423709931771093,0.0,0.0,0
11.0,2.9139770731827523,0.0,0.0,0
11.0,2.9139770731827523,0.0,0.0,0
7.0,2.5216406363433186,0.2857142857142857,0.0,0
14.0,2.8423709931771093,0.0,0.0,0
12.0,3.4182958340544896,0.0,0.0,0
13.0,3.392747410448785,0.0,0.0,0
12.0,3.084962500721156,0.0,0.0,0
14.0,3.182005814760214,0.0,0.0,0
13.0,2.66122625626979,0.0,0.0,0
14.0,3.09306920777189,0.0,0.0,0
18.0,3.4193819456463714,0.0,0.0,0
15.0,3.2402239289418526,0.0,0.0,0
16.0,3.077819531114783,0.0,0.0,0
18.0,3.3082708345352603,0.0,0.0,0
8.0,2.75,0.125,0.0,0
14.0,3.3787834934861767,0.0,0.0,0
16.0,3.5,0.0,0.0,0
14.0,3.2359263506290334,0.0,0.0,0
14.0,3.378783493486176,0.0,0.0,0
12.0,3.084962500721156,0.0,0.0,0
11.0,2.7321588913645702,0.0,0.0,0
12.0,2.8553885422075336,0.0,0.0,0
8.0,2.75,0.125,0.0,0
10.0,2.7219280948873625,0.0,0.0,0
23.0,3.6539967386657097,0.0,0.0,0
10.0,2.9219280948873623,0.0,0.0,0
11.0,3.0957952550009344,0.0,0.0,0
15.0,3.5068905956085183,0.0,0.0,0
19.0,3.531630646367965,0.0,0.0,0
13.0,3.238901256602631,0.0,0.0,0
16.0,3.375,0.0,0.0,0
16.0,3.5,0.0,0.0,0
17.0,3.3371753411230776,0.0,0.0,0
10.0,2.9219280948873623,0.0,0.0,0
12.0,3.0220552088742005,0.0,0.0,0
14.0,3.2359263506290334,0.0,0.0,0
14.0,3.2359263506290334,0.0,0.0,0
10.0,2.9219280948873623,0.0,0.0,0
12.0,3.084962500721156,0.0,0.0,0
14.0,3.039148671903071,0.0,0.0,0
16.0,3.875,0.0,0.0,0
20.0,3.721928094887362,0.0,0.0,0
12.0,2.9182958340544896,0.0,0.0,0
11.0,3.0957952550009344,0.0,0.0,0
12.0,3.084962500721156,0.0,0.0,0
16.0,3.327819531114783,0.0,0.0,0
12.0,3.251629167387823,0.0,0.0,0
15.0,3.0565647621309537,0.0,0.0,0
12.0,3.084962500721156,0.0,0.0,0
9.0,2.725480556997868,0.0,0.0,0
20.0,2.846439344671015,0.0,0.0,0
14.0,3.3248629576173574,0.0,0.0,0
15.0,3.189898095464287,0.0,0.0,0
12.0,3.4182958340544896,0.0,0.0,0
11.0,2.9139770731827523,0.0,0.0,0
10.0,3.121928094887362,0.0,0.0,0
12.0,3.2516291673878226,0.0,0.0,0
12.0,3.2516291673878226,0.0,0.0,0
13.0,3.238901256602631,0.0,0.0,0
9.0,2.94770277922009,0.0,0.0,0
12.0,3.084962500721156,0.0,0.0,0
16.0,3.077819531114783,0.0,0.0,0
14.0,3.039148671903071,0.0,0.0,0
14.0,3.039148671903071,0.0,0.0,0
11.0,3.0957952550009344,0.0,0.0,0
17.0,3.4992275471326932,0.0,0.0,0
10.0,2.9219280948873623,0.0,0.0,0
14.0,2.842370993177109,0.0,0.0,0
12.0,3.084962500721156,0.0,0.0,0
11.0,3.0957952550009344,0.0,0.0,0
7.0,2.5216406363433186,0.0,0.0,0
12.0,3.4182958340544896,0.0,0.0,0
14.0,3.039148671903071,0.0,0.0,0
13.0,2.931208948910323,0.0,0.0,0
10.0,2.721928094887362,0.0,0.0,0
17.0,3.6168746059562227,0.0,0.0,0
15.0,3.773557262275185,0.0,0.0,0
6.0,2.2516291673878226,0.0,0.0,0
12.0,3.0220552088742005,0.0,0.0,0
12.0,3.2516291673878226,0.0,0.0,0
11.0,2.9139770731827523,0.0,0.0,0
8.0,2.5,0.0,0.0,0
8.0,2.75,0.0,0.0,0
11.0,2.7321588913645702,0.0,0.0,0
12.0,3.2516291673878226,0.0,0.0,0
12.0,3.2516291673878226,0.0,0.0,0
13.0,3.0269868333592873,0.0,0.0,0
16.0,3.1556390622295662,0.0,0.0,0
13.0,3.238901256602631,0.0,0.0,0
8.0,2.5,0.0,0.0,0
17.0,3.6168746059562227,0.0,0.0,0
11.0,3.0957952550009344,0.0,0.0,0
10.0,2.9219280948873623,0.0,0.0,0
10.0,2.9219280948873623,0.0,0.0,0
13.0,3.238901256602631,0.0,0.0,0
14.0,3.3787834934861767,0.0,0.0,0
12.0,3.084962500721156,0.0,0.0,0
11.0,2.845350936622437,0.0,0.0,0
11.0,2.9139770731827523,0.0,0.0,0
14.0,2.9502120649147474,0.0,0.0,0
16.0,3.375,0.0,0.0,0
7.0,2.5216406363433186,0.14285714285714285,0.0,0
17.0,3.454822399946607,0.0,0.0,0
12.0,3.2516291673878226,0.0,0.0,0
13.0,3.3927474104487847,0.0,0.0,0
9.0,2.5032583347756456,0.0,0.0,0
15.0,3.189898095464287,0.0,0.0,0
19.0,3.5766176449086675,0.0,0.0,0
12.0,3.2516291673878226,0.0,0.0,0
15.0,3.456564762130954,0.0,0.0,0
16.0,3.327819531114783,0.0,0.0,0
17.0,3.337175341123077,0.0,0.0,0
16.0,3.0306390622295662,0.0,0.0,0
15.0,3.0565647621309537,0.0,0.0,0
11.0,2.9139770731827523,0.0,0.0,0
14.0,3.182005814760214,0.0,0.0,0
6.0,2.2516291673878226,0.16666666666666666,0.0,0
17.0,3.219528282299548,0.0,0.0,0
12.0,3.2516291673878226,0.0,0.0,0
12.0,2.9182958340544896,0.0,0.0,0
9.0,2.725480556997868,0.0,0.0,0
18.0,3.6835423624332306,0.0,0.0,0
9.0,2.725480556997868,0.0,0.0,0
9.0,2.4193819456463714,0.0,0.0,0
16.0,3.5,0.0,0.0,0
7.0,2.5216406363433186,0.0,0.0,0
13.0,3.392747410448785,0.0,0.0,0
17.0,3.6168746059562227,0.0,0.0,0
8.0,2.75,0.0,0.0,0
10.0,2.9219280948873623,0.0,0.0,0
14.0,3.2359263506290334,0.0,0.0,0
11.0,3.095795255000934,0.0,0.0,0
13.0,3.085055102756477,0.0,0.0,0
17.0,3.454822399946607,0.0,0.0,0
14.0,3.3248629576173574,0.0,0.0,0
7.0,2.5216406363433186,0.0,0.0,0
13.0,3.0269868333592873,0.0,0.0,0
12.0,2.688721875540867,0.0,0.0,0
15.0,3.1068905956085193,0.0,0.0,0
12.0,2.918295834054489,0.0,0.0,0
14.0,3.039148671903071,0.0,0.0,0
10.0,2.9219280948873623,0.0,0.0,0
10.0,2.9219280948873623,0.0,0.0,0
12.0,3.2516291673878226,0.0,0.0,0
12.0,3.2516291673878226,0.0,0.0,0
11.0,3.095795255000934,0.0,0.0,0
10.0,2.721928094887362,0.0,0.0,0
12.0,3.0220552088742005,0.0,0.0,0
16.0,3.452819531114783,0.0,0.0,0
13.0,3.238901256602631,0.0,0.0,0
15.0,3.323231428797621,0.0,0.0,0
14.0,3.2359263506290334,0.0,0.0,0
19.0,3.3660913291191936,0.0,0.0,0
15.0,3.2402239289418517,0.0,0.0,0
11.0,3.2776134368191165,0.0,0.0,0
11.0,3.2776134368191165,0.0,0.0,0
18.0,3.350209029099897,0.0,0.0,0
19.0,3.576617644908667,0.0,0.0,0
12.0,3.084962500721156,0.08333333333333333,0.0,0
8.0,2.75,0.0,0.0,0
14.0,3.378783493486176,0.0,0.0,0
16.0,2.9056390622295662,0.0,0.0,0
11.0,2.9139770731827523,0.0,0.0,0
12.0,3.4182958340544896,0.0,0.0,0
14.0,3.2359263506290334,0.0,0.0,0
10.0,2.9219280948873623,0.3,0.0,0
10.0,3.121928094887362,0.0,0.0,0
11.0,2.9139770731827523,0.0,0.0,0
8.0,2.1556390622295662,0.0,0.0,0
13.0,3.0269868333592873,0.0,0.0,0
17.0,3.4992275471326932,0.0,0.0,0
14.0,3.3787834934861767,0.0,0.0,0
16.0,3.75,0.0,0.0,0
14.0,2.950212064914747,0.0,0.0,0
11.0,3.0957952550009344,0.0,0.0,0
15.0,2.973557262275185,0.0,0.0,0
13.0,2.7773627950641697,0.0,0.0,0
13.0,3.238901256602631,0.0,0.0,0
11.0,3.0957952550009344,0.0,0.0,0
9.0,2.5032583347756456,0.0,0.0,0
9.0,2.4193819456463714,0.0,0.0,0
13.0,3.238901256602631,0.0,0.0,0
12.0,3.2516291673878226,0.0,0.0,0
14.0,3.2359263506290334,0.0,0.0,0
11.0,3.0957952550009344,0.0,0.0,0
10.0,3.121928094887362,0.0,0.0,0
11.0,3.095795255000934,0.0,0.0,0
8.0,2.5,0.0,0.0,0
16.0,3.75,0.0,0.0,0
19.0,3.6818808028034042,0.0,0.0,0
9.0,2.725480556997868,0.0,0.0,0
8.0,2.75,0.0,0.0,0
9.0,2.4193819456463714,0.0,0.0,0
20.0,3.421928094887362,0.0,0.0,0
8.0,2.75,0.0,0.0,0
11.0,2.9139770731827523,0.0,0.0,0
13.0,3.238901256602631,0.0,0.0,0
12.0,3.084962500721156,0.0,0.0,0
12.0,3.084962500721156,0.0,0.0,0
9.0,2.197159723424149,0.0,0.0,0
10.0,2.7219280948873625,0.0,0.0,0
14.0,3.09306920777189,0.0,0.0,0
9.0,2.94770277922009,0.0,0.0,0
15.0,3.3735572622751855,0.0,0.0,0
11.0,2.9139770731827523,0.0,0.0,0
13.0,3.0850551027564768,0.0,0.0,0
10.0,2.921928094887362,0.0,0.0,0
20.0,3.5841837197791886,0.0,0.0,0
16.0,3.375,0.0,0.0,0
8.0,2.75,0.0,0.0,0
13.0,2.931208948910323,0.15384615384615385,0.0,0
10.0,2.4464393446710155,0.0,0.0,0
12.0,3.2516291673878226,0.16666666666666666,0.0,0
18.0,3.5724312513221195,0.0,0.0,0
15.0,3.373557262275185,0.0,0.0,0
8.0,2.5,0.125,0.0,0
11.0,2.9139770731827523,0.0,0.0,0
7.0,2.5216406363433186,0.0,0.0,0
16.0,3.202819531114783,0.0,0.0,0
7.0,1.8423709931771088,0.0,0.0,0
10.0,2.9219280948873623,0.1,0.0,0
15.0,3.189898095464287,0.0,0.0,0
9.0,2.94770277922009,0.0,0.0,0
8.0,2.25,0.0,0.0,0
13.0,3.238901256602631,0.0,0.0,0
13.0,3.238901256602631,0.0,0.0,0
9.0,2.94770277922009,0.1111111111111111,0.0,0
11.0,3.277613436819116,0.0,0.0,0
11.0,2.9139770731827523,0.0,0.0,0
11.0,3.0957952550009344,0.09090909090909091,0.0,0
14.0,2.8073549220576046,0.0,0.0,0
15.0,3.2402239289418517,0.0,0.0,0
10.0,2.721928094887362,0.0,0.0,0
16.0,3.5,0.0,0.0,0
14.0,3.3787834934861767,0.0,0.0,0
12.0,3.2516291673878226,0.0,0.0,0
14.0,3.521640636343319,0.0,0.0,0
12.0,3.2516291673878226,0.0,0.0,0
13.0,3.3927474104487847,0.0,0.0,0
15.0,3.3735572622751855,0.0,0.0,0
16.0,3.577819531114783,0.0,0.0,0
12.0,3.084962500721156,0.0,0.0,0
13.0,3.0269868333592873,0.0,0.0,0
17.0,3.454822399946607,0.0,0.0,0
13.0,3.0269868333592873,0.0,0.0,0
12.0,3.084962500721156,0.0,0.0,0
10.0,2.7219280948873625,0.0,0.0,0
7.0,2.2359263506290326,0.0,0.0,0
14.0,2.8423709931771093,0.0,0.0,0
10.0,2.9219280948873623,0.3,0.0,0
9.0,2.725480556997868,0.1111111111111111,0.0,0
10.0,3.121928094887362,0.0,0.0,0
14.0,3.039148671903071,0.0,0.0,0
12.0,2.8553885422075336,0.0,0.0,0
13.0,3.085055102756477,0.0,0.0,0
13.0,3.238901256602631,0.0,0.0,0
11.0,3.0957952550009344,0.0,0.0,0
12.0,2.751629167387823,0.0,0.0,0
12.0,2.918295834054489,0.0,0.0,0
12.0,3.2516291673878226,0.0,0.0,0
19.0,3.4316235658474317,0.0,0.0,0
15.0,3.3232314287976203,0.0,0.0,0
10.0,3.121928094887362,0.0,0.0,0
14.0,2.8073549220576046,0.0,0.0,0
12.0,3.084962500721156,0.0,0.0,0
11.0,2.9139770731827523,0.0,0.0,0
11.0,3.2776134368191165,0.0,0.0,0
8.0,2.75,0.0,0.0,0
10.0,2.9219280948873623,0.0,0.0,0
15.0,3.1898980954642875,0.0,0.0,0
15.0,3.240223928941852,0.0,0.0,0
12.0,2.688721875540867,0.0,0.0,0
14.0,3.521640636343319,0.0,0.0,0
11.0,3.0957952550009344,0.0,0.0,0
8.0,2.75,0.0,0.0,0
12.0,3.084962500721156,0.0,0.0,0
12.0,3.084962500721156,0.0,0.0,0
10.0,2.721928094887362,0.0,0.0,0
8.0,2.5,0.0,0.0,0
11.0,3.2776134368191165,0.0,0.0,0
15.0,2.923231428797621,0.0,0.0,0
11.0,2.9139770731827523,0.0,0.0,0
13.0,3.238901256602631,0.0,0.0,0
12.0,2.9182958340544896,0.0,0.0,0
10.0,2.446439344671015,0.0,0.0,0
13.0,3.2389012566026314,0.0,0.0,0
13.0,3.2389012566026314,0.0,0.0,0
15.0,3.640223928941852,0.0,0.0,0
15.0,3.189898095464287,0.0,0.0,0
15.0,3.5068905956085183,0.0,0.0,0
11.0,2.663532754804255,0.0,0.0,0
17.0,3.6168746059562227,0.0,0.0,0
12.0,2.918295834054489,0.0,0.0,0
10.0,2.9219280948873623,0.0,0.0,0
12.0,3.2516291673878226,0.0,0.0,0
9.0,2.725480556997868,0.0,0.0,0
13.0,3.238901256602631,0.0,0.0,0
20.0,3.5841837197791886,0.0,0.0,0
13.0,3.238901256602631,0.0,0.0,0
17.0,3.1751231351134614,0.0,0.0,0
16.0,3.077819531114783,0.0,0.0,0
21.0,4.106603137064474,0.0,0.0,0
13.0,3.3927474104487847,0.0,0.0,0
11.0,3.027169118440619,0.18181818181818182,0.0,0
17.0,3.6168746059562227,0.0,0.0,0
12.0,3.0220552088742005,0.0,0.0,0
12.0,3.084962500721156,0.0,0.0,0
12.0,2.9182958340544896,0.0,0.0,0
10.0,2.9219280948873623,0.0,0.0,0
12.0,2.9182958340544896,0.0,0.0,0
12.0,3.084962500721156,0.0,0.0,0
12.0,3.2516291673878226,0.0,0.0,0
16.0,3.125,0.0,0.0,0
9.0,2.94770277922009,0.0,0.0,0
12.0,3.251629167387823,0.0,0.0,0
19.0,3.405822250285692,0.0,0.0,0
14.0,3.3787834934861767,0.0,0.0,0
17.0,3.381580488309164,0.0,0.0,0
16.0,3.75,0.0,0.0,0
12.0,3.084962500721156,0.0,0.0,0
11.0,3.277613436819116,0.0,0.0,0
15.0,3.3735572622751855,0.0,0.0,0
10.0,2.9219280948873623,0.0,0.0,0
16.0,3.202819531114783,0.0,0.0,0
12.0,3.2516291673878226,0.0,0.0,0
14.0,3.182005814760214,0.0,0.0,0
14.0,2.6455933144511468,0.0,0.0,0
10.0,3.121928094887362,0.1,0.0,0
15.0,3.106890595608519,0.0,0.0,0
20.0,3.384183719779189,0.0,0.0,0
9.0,2.725480556997868,0.0,0.0,0
17.0,3.381580488309164,0.0,0.0,0
10.0,2.8464393446710154,0.1,0.0,0
11.0,2.663532754804255,0.0,0.0,0
14.0,3.2359263506290334,0.0,0.0,0
17.0,3.6168746059562227,0.17647058823529413,0.0,0
9.0,2.725480556997868,0.0,0.0,0
17.0,3.4992275471326932,0.0,0.0,0
18.0,3.5724312513221195,0.0,0.0,0
12.0,3.2516291673878226,0.0,0.0,0
12.0,3.2516291673878226,0.25,0.0,0
11.0,2.9139770731827523,0.0,0.0,0
16.0,3.202819531114783,0.0,0.0,0
16.0,3.375,0.0,0.0,0
9.0,2.725480556997868,0.2222222222222222,0.0,0
7.0,2.5216406363433186,0.14285714285714285,0.0,0
15.0,3.373557262275185,0.0,0.0,0
16.0,3.202819531114783,0.0,0.0,0
11.0,3.2776134368191165,0.09090909090909091,0.0,0
9.0,2.5032583347756456,0.0,0.0,0
9.0,2.725480556997868,0.0,0.0,0
9.0,2.725480556997868,0.0,0.0,0
15.0,3.5068905956085183,0.0,0.0,0
18.0,3.4193819456463714,0.0,0.0,0
12.0,3.2516291673878226,0.0,0.0,0
19.0,3.576617644908667,0.0,0.0,0
9.0,2.5032583347756456,0.0,0.0,0
15.0,3.5068905956085183,0.0,0.0,0
12.0,2.688721875540867,0.0,0.0,0
14.0,3.182005814760214,0.0,0.0,0
13.0,3.3927474104487847,0.0,0.0,0
6.0,2.2516291673878226,0.0,0.0,0
12.0,3.0220552088742005,0.0,0.0,0
10.0,2.9219280948873623,0.0,0.0,0
17.0,3.4992275471326932,0.0,0.0,0
12.0,3.084962500721156,0.0,0.0,0
11.0,3.0957952550009344,0.0,0.0,0
12.0,3.2516291673878226,0.0,0.0,0
10.0,3.121928094887362,0.0,0.0,0
10.0,2.9219280948873623,0.0,0.0,0
10.0,2.6464393446710157,0.0,0.0,0
12.0,3.084962500721156,0.0,0.0,0
25.0,3.813660689688185,0.0,0.0,0
11.0,2.845350936622437,0.0,0.0,0
11.0,3.0957952550009344,0.0,0.0,0
13.0,3.3927474104487847,0.0,0.0,0
7.0,2.2359263506290326,0.0,0.0,0
8.0,2.5,0.0,0.0,0
20.0,3.521928094887362,0.0,0.0,0
10.0,3.121928094887362,0.0,0.0,0
16.0,3.202819531114783,0.0,0.0,0
11.0,2.845350936622437,0.0,0.0,0
20.0,3.4841837197791885,0.0,0.0,0
8.0,2.5,0.0,0.0,0
12.0,3.084962500721156,0.0,0.0,0
14.0,3.2359263506290334,0.0,0.0,0
19.0,3.431623565847432,0.0,0.0,0
10.0,2.9219280948873623,0.0,0.0,0
16.0,3.5,0.0,0.0,0
10.0,2.9219280948873623,0.0,0.0,0
9.0,2.4193819456463714,0.0,0.0,0
19.0,3.431623565847432,0.0,0.0,0
16.0,3.375,0.0,0.0,0
18.0,3.3082708345352603,0.0,0.0,0
19.0,3.431623565847432,0.0,0.0,0
16.0,3.452819531114783,0.0,0.0,0
15.0,3.0565647621309537,0.0,0.0,0
15.0,3.0565647621309537,0.0,0.0,0
17.0,3.219528282299548,0.0,0.0,0
9.0,2.725480556997868,0.0,0.0,0
14.0,3.521640636343319,0.0,0.0,0
13.0,3.0269868333592873,0.0,0.0,0
16.0,3.5,0.0,0.0,0
13.0,3.238901256602631,0.0,0.0,0
12.0,2.9182958340544896,0.0,0.0,0
11.0,3.277613436819116,0.2727272727272727,0.0,0
11.0,3.0957952550009344,0.0,0.0,0
8.0,2.5,0.0,0.0,0
15.0,3.506890595608519,0.0,0.0,0
22.0,3.6978458230844122,0.0,0.0,0
11.0,2.845350936622437,0.0,0.0,0
8.0,2.75,0.125,0.0,0
11.0,2.9139770731827523,0.0,0.0,0
15.0,3.189898095464287,0.0,0.0,0
10.0,2.9219280948873623,0.0,0.0,0
13.0,2.7192945256669794,0.0,0.0,0
9.0,2.725480556997868,0.0,0.0,0
12.0,3.2516291673878226,0.0,0.0,0
12.0,3.0220552088742005,0.0,0.0,0
22.0,3.8230679822736606,0.0,0.0,0
11.0,2.7321588913645702,0.0,0.0,0
15.0,3.323231428797621,0.0,0.0,0
12.0,3.2516291673878226,0.0,0.0,0
12.0,3.084962500721156,0.0,0.0,0
10.0,2.9219280948873623,0.0,0.0,0
11.0,2.9139770731827523,0.0,0.0,0
18.0,3.4193819456463714,0.0,0.0,0
17.0,3.690116517593666,0.0,0.0,0
14.0,2.950212064914748,0.0,0.0,0
11.0,2.9139770731827523,0.0,0.0,0
15.0,3.323231428797621,0.0,0.0,0
9.0,2.94770277922009,0.0,0.0,0
13.0,3.085055102756477,0.0,0.0,0
20.0,3.8219280948873617,0.0,0.0,0
11.0,2.9139770731827523,0.0,0.0,0
21.0,3.45852501923415,0.0,0.0,0
11.0,2.663532754804255,0.0,0.0,0
11.0,3.2776134368191165,0.0,0.0,0
13.0,3.238901256602631,0.0,0.0,0
11.0,2.7321588913645707,0.0,0.0,0
10.0,3.121928094887362,0.0,0.0,0
12.0,3.2516291673878226,0.25,0.0,0
11.0,2.9139770731827523,0.0,0.0,0
12.0,3.2516291673878226,0.25,0.0,0
16.0,3.327819531114783,0.0,0.0,0
10.0,3.1219280948873624,0.0,0.0,0
11.0,2.9139770731827523,0.0,0.0,0
13.0,3.238901256602631,0.0,0.0,0
15.0,3.373557262275186,0.0,0.0,0
8.0,2.5,0.0,0.0,0
7.0,2.5216406363433186,0.0,0.0,0
15.0,3.3735572622751855,0.0,0.0,0
13.0,3.238901256602631,0.0,0.0,0
19.0,3.7216117239699025,0.0,0.0,0
7.0,2.5216406363433186,0.0,0.0,0
15.0,3.373557262275185,0.0,0.0,0
18.0,3.614369445886757,0.0,0.0,0
8.0,2.75,0.0,0.0,0
12.0,3.2516291673878226,0.0,0.0,0
13.0,3.0269868333592873,0.0,0.0,0
10.0,2.5219280948873624,0.0,0.0,0
10.0,3.121928094887362,0.0,0.0,0
14.0,3.09306920777189,0.0,0.0,0
16.0,3.452819531114783,0.0,0.0,0
11.0,3.0957952550009344,0.0,0.0,0
12.0,3.2516291673878226,0.0,0.0,0
12.0,3.4182958340544896,0.08333333333333333,0.0,0
13.0,3.085055102756477,0.0,0.0,0
20.0,3.721928094887362,0.0,0.0,0
10.0,2.9219280948873623,0.0,0.0,0
14.0,3.3787834934861767,0.0,0.0,0
16.0,3.2806390622295662,0.0,0.0,0
15.0,3.2402239289418517,0.0,0.0,0
12.0,2.918295834054489,0.0,0.0,0
11.0,2.9139770731827523,0.0,0.0,0
21.0,3.6537567082870015,0.0,0.0,0
15.0,3.240223928941852,0.0,0.0,0
9.0,2.725480556997868,0.0,0.0,0
13.0,3.238901256602631,0.0,0.0,0
8.0,2.75,0.0,0.0,0
12.0,3.0220552088742005,0.0,0.0,0
12.0,3.188721875540867,0.0,0.0,0
16.0,3.375,0.0,0.0,0
17.0,3.3371753411230776,0.0,0.0,0
11.0,2.9139770731827523,0.0,0.0,0
14.0,3.3787834934861767,0.0,0.0,0
11.0,3.0957952550009344,0.0,0.0,0
11.0,3.0957952550009344,0.0,0.0,0
11.0,2.7321588913645702,0.0,0.0,0
12.0,2.8553885422075336,0.0,0.0,0
15.0,3.3735572622751855,0.0,0.0,0
9.0,2.94770277922009,0.0,0.0,0
10.0,2.721928094887362,0.0,0.0,0
12.0,3.2516291673878226,0.0,0.0,0
14.0,3.521640636343319,0.0,0.0,0
10.0,2.721928094887362,0.0,0.0,0
12.0,3.2516291673878226,0.0,0.0,0
18.0,3.5304930567574826,0.0,0.0,0
8.0,2.5,0.0,0.0,0
15.0,3.106890595608519,0.0,0.0,0
20.0,3.4219280948873623,0.0,0.0,0
7.0,2.2359263506290326,0.0,0.0,0
19.0,3.6163485660751653,0.0,0.0,0
11.0,2.663532754804255,0.0,0.0,0
12.0,3.084962500721156,0.16666666666666666,0.0,0
24.0,3.772055208874201,0.0,0.0,0
8.0,2.5,0.0,0.0,0
14.0,3.2359263506290334,0.0,0.0,0
9.0,2.725480556997868,0.0,0.0,0
17.0,3.381580488309164,0.0,0.0,0
16.0,3.327819531114783,0.0,0.0,0
12.0,3.084962500721156,0.0,0.0,0
12.0,3.0220552088742,0.0,0.0,0
12.0,3.4182958340544896,0.25,0.0,0
8.0,2.5,0.0,0.0,0
17.0,3.4992275471326932,0.0,0.0,0
16.0,3.75,0.0,0.0,0
16.0,3.125,0.0,0.0,0
18.0,3.614369445886757,0.0,0.0,0
7.0,2.5216406363433186,0.42857142857142855,0.0,0
11.0,3.0957952550009344,0.0,0.0,0
12.0,3.2516291673878226,0.0,0.0,0
22.0,3.5726236638951634,0.0,0.0,0
15.0,3.189898095464287,0.0,0.0,0
13.0,3.238901256602631,0.0,0.0,0
10.0,2.9219280948873623,0.0,0.0,0
11.0,2.9139770731827523,0.0,0.0,0
18.0,3.614369445886757,0.0,0.0,0
12.0,3.4182958340544896,0.25,0.0,0
17.0,3.2195282822995477,0.0,0.0,0
16.0,3.625,0.0,0.0,0
10.0,2.9219280948873623,0.0,0.0,0
13.0,3.238901256602631,0.0,0.0,0
9.0,2.94770277922009,0.0,0.0,0
17.0,3.381580488309164,0.0,0.0,0
11.0,3.2776134368191165,0.0,0.0,0
11.0,2.663532754804255,0.0,0.0,0
9.0,2.725480556997868,0.0,0.0,0
16.0,3.375,0.0,0.0,0
12.0,2.6258145836939115,0.0,0.0,0
12.0,3.0220552088742005,0.0,0.0,0
20.0,3.103701696057348,0.0,0.0,0
15.0,3.6402239289418516,0.0,0.0,0
9.0,2.725480556997868,0.0,0.0,0
8.0,2.75,0.25,0.0,0
13.0,3.3927474104487847,0.0,0.0,0
14.0,3.182005814760214,0.0,0.0,0
7.0,2.2359263506290326,0.0,0.0,0
14.0,3.3787834934861767,0.0,0.0,0
11.0,2.7321588913645702,0.0,0.0,0
12.0,3.084962500721156,0.0,0.0,0
20.0,3.3841837197791884,0.0,0.0,0
12.0,3.251629167387823,0.0,0.0,0
21.0,3.3680424225727155,0.0,0.0,0
10.0,2.6464393446710153,0.0,0.0,0
21.0,3.7849418274376423,0.0,0.0,0
16.0,3.5,0.0,0.0,0
14.0,3.3787834934861767,0.0,0.0,0
19.0,2.865576855207249,0.0,0.0,0
12.0,3.084962500721156,0.0,0.0,0
12.0,3.084962500721156,0.0,0.0,0
14.0,3.3248629576173574,0.0,0.0,0
11.0,2.845350936622437,0.0,0.0,0
15.0,2.840223928941852,0.0,0.0,0
14.0,2.9852281360342525,0.0,0.0,0
16.0,3.327819531114783,0.0,0.0,0
14.0,3.2359263506290334,0.0,0.0,0
9.0,2.94770277922009,0.1111111111111111,0.0,0
10.0,2.9219280948873623,0.4,0.0,0
12.0,3.2516291673878226,0.0,0.0,0
11.0,2.845350936622437,0.0,0.0,0
10.0,2.9219280948873623,0.2,0.0,0
11.0,3.095795255000934,0.0,0.0,0
10.0,2.721928094887362,0.0,0.0,0
13.0,3.0269868333592873,0.0,0.0,0
18.0,3.6835423624332306,0.0,0.0,0
12.0,3.2516291673878226,0.0,0.0,0
13.0,3.3927474104487847,0.0,0.0,0
12.0,2.8553885422075336,0.0,0.0,0
15.0,3.189898095464287,0.0,0.0,0
13.0,3.238901256602631,0.0,0.0,0
11.0,2.481714572986073,0.0,0.0,0
12.0,2.918295834054489,0.0,0.0,0
17.0,3.1018812234760182,0.0,0.0,0
17.0,3.2639334294856344,0.0,0.0,0
13.0,3.3927474104487847,0.0,0.0,0
13.0,3.3927474104487847,0.0,0.0,0
10.0,2.9219280948873623,0.0,0.0,0
16.0,3.625,0.0,0.0,0
17.0,3.734521664779752,0.0,0.0,0
10.0,3.121928094887362,0.0,0.0,0
13.0,3.085055102756477,0.0,0.0,0
19.0,3.5766176449086675,0.0,0.0,0
10.0,3.121928094887362,0.0,0.0,0
12.0,3.0220552088742005,0.0,0.0,0
10.0,3.121928094887362,0.0,0.0,0
7.0,2.2359263506290326,0.0,0.0,0
12.0,3.2516291673878226,0.0,0.0,0
10.0,2.5219280948873624,0.0,0.0,0
12.0,3.2516291673878226,0.0,0.0,0
12.0,3.084962500721156,0.0,0.0,0
14.0,3.039148671903071,0.0,0.0,0
12.0,3.0220552088742005,0.0,0.0,0
14.0,3.378783493486176,0.0,0.0,0
20.0,3.521928094887362,0.0,0.0,0
17.0,3.6168746059562227,0.0,0.0,0
10.0,2.7219280948873625,0.0,0.0,0
18.0,3.614369445886757,0.0,0.0,0
10.0,2.721928094887362,0.0,0.0,0
14.0,3.039148671903071,0.0,0.0,0
18.0,3.725480556997868,0.0,0.0,0
12.0,3.2516291673878226,0.0,0.0,0
11.0,2.845350936622437,0.0,0.0,0
17.0,3.337175341123077,0.0,0.0,0
15.0,3.2402239289418517,0.0,0.0,0
7.0,2.2359263506290326,0.0,0.0,0
9.0,2.725480556997868,0.0,0.0,0
21.0,3.8208888513501886,0.0,0.0,0
21.0,3.8208888513501886,0.0,0.0,0
12.0,3.084962500721156,0.0,0.0,0
11.0,2.663532754804255,0.0,0.0,0
24.0,3.438721875540867,0.0,0.0,0
9.0,2.94770277922009,0.0,0.0,0
14.0,3.521640636343319,0.0,0.0,0
12.0,3.4182958340544896,0.0,0.0,0
15.0,3.189898095464287,0.0,0.0,0
12.0,3.084962500721156,0.0,0.0,0
12.0,3.2516291673878226,0.0,0.0,0
24.0,3.355388542207534,0.0,0.0,0
9.0,2.725480556997868,0.0,0.0,0
10.0,2.9219280948873623,0.0,0.0,0
19.0,3.7216117239699025,0.0,0.0,0
13.0,3.3927474104487847,0.0,0.0,0
14.0,3.3787834934861767,0.0,0.0,0
14.0,3.3787834934861767,0.0,0.0,0
9.0,2.4193819456463714,0.0,0.0,0
15.0,3.3735572622751855,0.0,0.0,0
13.0,3.392747410448785,0.0,0.0,0
15.0,3.506890595608519,0.0,0.0,0
15.0,3.506890595608519,0.0,0.0,0
11.0,2.9139770731827523,0.0,0.0,0
12.0,3.2516291673878226,0.0,0.0,0
9.0,2.94770277922009,0.0,0.0,0
14.0,3.09306920777189,0.0,0.0,0
11.0,2.9139770731827523,0.0,0.0,0
11.0,2.845350936622437,0.18181818181818182,0.0,0
10.0,2.6464393446710153,0.0,0.0,0
12.0,3.084962500721156,0.0,0.0,0
18.0,3.266332639970623,0.0,0.0,0
20.0,3.721928094887362,0.0,0.0,0
12.0,3.084962500721156,0.0,0.0,0
9.0,2.725480556997868,0.0,0.0,0
18.0,3.5032583347756456,0.0,0.0,0
11.0,2.845350936622437,0.0,0.0,0
9.0,2.94770277922009,0.2222222222222222,0.0,0
17.0,3.381580488309164,0.0,0.0,0
14.0,3.521640636343319,0.0,0.0,0
11.0,3.0957952550009344,0.0,0.0,0
15.0,3.3735572622751855,0.0,0.0,0
14.0,3.2359263506290334,0.0,0.0,0
10.0,3.121928094887362,0.0,0.0,0
12.0,3.4182958340544896,0.0,0.0,0
12.0,3.084962500721156,0.0,0.0,0
12.0,2.688721875540867,0.0,0.0,0
10.0,3.1219280948873624,0.0,0.0,0
9.0,2.725480556997868,0.0,0.0,0
15.0,3.1898980954642875,0.0,0.0,0
18.0,3.239097917988786,0.0,0.0,0
6.0,2.2516291673878226,0.0,0.0,0
14.0,3.2359263506290334,0.0,0.0,0
15.0,3.5068905956085183,0.0,0.0,0
15.0,3.323231428797621,0.0,0.0,0
10.0,2.9219280948873623,0.0,0.0,0
17.0,3.381580488309164,0.0,0.0,0
14.0,3.2359263506290334,0.0,0.0,0
11.0,3.0957952550009344,0.0,0.0,0
14.0,3.2359263506290334,0.0,0.0,0
16.0,3.327819531114783,0.0,0.0,0
10.0,2.721928094887362,0.0,0.0,0
12.0,3.084962500721156,0.08333333333333333,0.0,0
17.0,3.3371753411230776,0.0,0.0,0
16.0,3.625,0.0,0.0,0
21.0,3.427333493898265,0.0,0.0,0
11.0,3.0957952550009344,0.0,0.0,0
11.0,3.0957952550009344,0.0,0.0,0
15.0,3.106890595608519,0.0,0.0,0
12.0,2.584962500721156,0.0,0.0,0
20.0,3.6841837197791887,0.0,0.0,0
9.0,2.94770277922009,0.1111111111111111,0.0,0
11.0,2.845350936622437,0.0,0.0,0
14.0,3.039148671903071,0.0,0.0,0
13.0,3.238901256602631,0.0,0.0,0
8.0,2.5,0.125,0.0,0
19.0,3.6818808028034042,0.0,0.0,0
16.0,3.5,0.0,0.0,0
15.0,3.189898095464287,0.0,0.0,0
10.0,3.121928094887362,0.1,0.0,0
10.0,3.1219280948873624,0.0,0.0,0
11.0,3.0957952550009344,0.0,0.0,0
16.0,3.2806390622295662,0.0625,0.0,0
12.0,3.084962500721156,0.0,0.0,0
11.0,2.9139770731827523,0.0,0.0,0
15.0,3.0565647621309537,0.0,0.0,0
10.0,2.9219280948873623,0.0,0.0,0
8.0,2.75,0.0,0.0,0
16.0,3.2806390622295662,0.0,0.0,0
8.0,2.75,0.0,0.0,0
13.0,3.3927474104487847,0.0,0.0,0
19.0,3.260828171224457,0.0,0.0,0
14.0,3.3787834934861767,0.0,0.0,0
11.0,3.2776134368191165,0.0,0.0,0
11.0,2.9139770731827523,0.0,0.0,0
13.0,3.238901256602631,0.0,0.0,0
10.0,2.7219280948873625,0.0,0.0,0
11.0,2.9139770731827523,0.0,0.0,0
11.0,2.7321588913645707,0.0,0.0,0
12.0,3.2516291673878226,0.0,0.0,0
13.0,3.0850551027564768,0.0,0.0,0
11.0,3.0957952550009344,0.0,0.0,0
12.0,3.2516291673878226,0.0,0.0,0
16.0,3.327819531114783,0.0,0.0,0
16.0,3.452819531114783,0.0,0.0,0
9.0,2.94770277922009,0.1111111111111111,0.0,0
11.0,2.3685225277282065,0.36363636363636365,0.0,0
16.0,3.0,0.0,0.0,0
12.0,3.084962500721156,0.0,0.0,0
9.0,2.94770277922009,0.1111111111111111,0.0,0
11.0,2.7321588913645702,0.0,0.0,0
11.0,3.027169118440619,0.0,0.0,0
14.0,3.2359263506290334,0.0,0.0,0
15.0,3.0565647621309537,0.0,0.0,0
12.0,3.084962500721156,0.0,0.0,0
11.0,2.7321588913645707,0.0,0.0,0
11.0,2.845350936622437,0.0,0.0,0
26.0,3.53257325750262,0.0,0.0,0
16.0,3.1556390622295662,0.0,0.0,0
15.0,3.5068905956085183,0.0,0.0,0
13.0,3.0269868333592873,0.0,0.0,0
10.0,2.9219280948873623,0.0,0.0,0
10.0,2.7219280948873625,0.0,0.0,0
16.0,3.327819531114783,0.0,0.0,0
15.0,3.506890595608519,0.0,0.0,0
8.0,2.5,0.0,0.0,0
12.0,2.584962500721156,0.0,0.0,0
10.0,2.9219280948873623,0.1,0.0,0
10.0,2.9219280948873623,0.0,0.0,0
14.0,3.2359263506290334,0.0,0.0,0
9.0,2.725480556997868,0.0,0.0,0
13.0,3.3927474104487847,0.0,0.0,0
7.0,2.5216406363433186,0.14285714285714285,0.0,0
14.0,3.2359263506290334,0.0,0.0,0
22.0,3.606936732175321,0.0,0.0,0
9.0,2.725480556997868,0.0,0.0,0
14.0,3.3248629576173574,0.0,0.0,0
9.0,2.725480556997868,0.0,0.0,0
12.0,3.2516291673878226,0.0,0.0,0
17.0,3.057476076289932,0.0,0.0,0
7.0,2.5216406363433186,0.0,0.0,0
14.0,3.4677201004745006,0.0,0.0,0
17.0,3.4992275471326932,0.0,0.0,0
13.0,3.238901256602631,0.0,0.0,0
12.0,3.084962500721156,0.08333333333333333,0.0,0
12.0,3.2516291673878226,0.0,0.0,0
10.0,2.7219280948873625,0.0,0.0,0
16.0,3.375,0.0,0.0,0
11.0,2.9139770731827523,0.0,0.0,0
13.0,3.3927474104487847,0.0,0.0,0
16.0,3.5,0.0,0.0,0
14.0,3.3787834934861767,0.0,0.0,0
10.0,2.721928094887362,0.0,0.0,0
14.0,3.3787834934861767,0.0,0.0,0
16.0,3.5,0.0,0.0,0
13.0,3.238901256602631,0.0,0.0,0
11.0,2.9139770731827523,0.0,0.0,0
12.0,3.2516291673878226,0.0,0.0,0
10.0,2.721928094887362,0.0,0.0,0
11.0,3.095795255000934,0.0,0.0,0
10.0,2.7219280948873625,0.0,0.0,0
11.0,3.2776134368191165,0.0,0.0,0
14.0,2.9852281360342525,0.0,0.0,0
9.0,2.5032583347756456,0.1111111111111111,0.0,0
13.0,3.238901256602631,0.0,0.0,0
11.0,2.9139770731827523,0.0,0.0,0
9.0,2.725480556997868,0.0,0.0,0
16.0,3.452819531114783,0.0,0.0,0
12.0,3.0220552088742005,0.0,0.0,0
14.0,3.3787834934861767,0.0,0.0,0
13.0,3.238901256602631,0.0,0.0,0
15.0,3.373557262275185,0.0,0.0,0
8.0,2.75,0.0,0.0,0
13.0,2.873140679513133,0.0,0.0,0
6.0,2.2516291673878226,0.0,0.0,0
15.0,3.3735572622751855,0.0,0.0,0
16.0,3.327819531114783,0.0625,0.0,0
19.0,3.3660913291191936,0.0,0.0,0
10.0,2.7219280948873625,0.0,0.0,0
11.0,3.095795255000934,0.0,0.0,0
14.0,3.039148671903071,0.0,0.0,0
15.0,3.5068905956085183,0.0,0.0,0
16.0,3.452819531114783,0.0,0.0,0
16.0,3.452819531114783,0.0,0.0,0
8.0,2.5,0.0,0.0,0
23.0,3.7409532604048397,0.0,0.0,0
18.0,3.725480556997868,0.0,0.0,0
18.0,3.725480556997868,0.0,0.0,0
14.0,3.521640636343319,0.0,0.0,0
11.0,3.0957952550009344,0.0,0.0,0
12.0,3.2516291673878226,0.0,0.0,0
10.0,3.121928094887362,0.0,0.0,0
12.0,2.751629167387823,0.0,0.0,0
15.0,3.189898095464288,0.0,0.0,0
8.0,2.75,0.0,0.0,0
10.0,3.121928094887362,0.0,0.0,0
12.0,3.0220552088742005,0.0,0.0,0
13.0,3.0269868333592873,0.0,0.0,0
14.0,3.3787834934861767,0.0,0.0,0
13.0,3.238901256602631,0.0,0.0,0
14.0,3.378783493486176,0.0,0.0,0
10.0,2.721928094887362,0.0,0.0,0
24.0,3.7201755214643453,0.0,0.0,0
17.0,3.454822399946607,0.0,0.0,0
12.0,3.084962500721156,0.0,0.0,0
9.0,2.94770277922009,0.3333333333333333,0.0,0
9.0,2.725480556997868,0.0,0.0,0
11.0,3.0957952550009344,0.0,0.0,0
13.0,3.180832987205441,0.0,0.0,0
16.0,3.5,0.0,0.0,0
14.0,2.610577243331642,0.07142857142857142,0.0,0
8.0,2.5,0.0,0.0,0
12.0,2.8553885422075336,0.0,0.0,0
13.0,3.546593564294939,0.0,0.0,0
11.0,1.789929075309999,0.0,0.0,0
17.0,3.4104172527605203,0.0,0.0,0
13.0,3.085055102756477,0.0,0.0,0
8.0,2.5,0.0,0.0,0
11.0,3.0957952550009344,0.0,0.0,0
15.0,3.373557262275185,0.0,0.0,0
16.0,3.375,0.0,0.0,0
12.0,3.4182958340544896,0.0,0.0,0
16.0,3.327819531114783,0.0,0.0,0
9.0,2.725480556997868,0.0,0.0,0
8.0,2.5,0.0,0.0,0
11.0,2.7321588913645702,0.0,0.0,0
13.0,3.238901256602631,0.07692307692307693,0.0,0
11.0,2.9139770731827523,0.0,0.0,0
25.0,3.943465189601646,0.04,0.0,0
10.0,2.721928094887362,0.0,0.0,0
12.0,3.0220552088742005,0.0,0.0,0
20.0,3.546439344671015,0.0,0.0,0
13.0,3.3927474104487847,0.0,0.0,0
15.0,3.4565647621309536,0.0,0.0,0
8.0,2.75,0.0,0.0,0
10.0,2.9219280948873623,0.0,0.0,0
12.0,3.084962500721156,0.0,0.0,0
8.0,2.75,0.0,0.0,0
19.0,3.5766176449086675,0.0,0.0,0
10.0,2.9219280948873623,0.0,0.0,0
12.0,2.8553885422075336,0.0,0.0,0
22.0,3.6978458230844127,0.0,0.0,0
14.0,3.039148671903071,0.0,0.0,0
19.0,3.4713544870139303,0.0,0.0,0
14.0,3.2359263506290334,0.0,0.0,0
9.0,2.725480556997868,0.1111111111111111,0.0,0
8.0,2.5,0.125,0.0,0
6.0,2.2516291673878226,0.0,0.0,0
11.0,2.9139770731827523,0.0,0.0,0
13.0,3.238901256602631,0.0,0.0,0
12.0,3.084962500721156,0.0,0.0,0
11.0,2.663532754804255,0.0,0.0,0
13.0,3.546593564294939,0.0,0.0,0
6.0,2.2516291673878226,0.0,0.0,0
11.0,2.663532754804255,0.0,0.0,0
10.0,2.9219280948873623,0.0,0.0,0
10.0,2.9219280948873623,0.0,0.0,0
14.0,3.182005814760214,0.0,0.0,0
12.0,3.084962500721156,0.0,0.0,0
18.0,3.3921472236645345,0.0,0.0,0
11.0,2.663532754804255,0.0,0.0,0
9.0,2.5032583347756456,0.0,0.0,0
11.0,2.9139770731827523,0.0,0.0,0
17.0,3.130717987927375,0.0,0.0,0
10.0,2.9219280948873623,0.0,0.0,0
15.0,3.1898980954642875,0.0,0.0,0
14.0,3.039148671903071,0.0,0.0,0
17.0,3.146286370662105,0.0,0.0,0
10.0,3.121928094887362,0.0,0.0,0
15.0,3.5068905956085183,0.0,0.0,0
9.0,2.725480556997868,0.0,0.0,0
14.0,3.378783493486176,0.0,0.0,0
13.0,3.238901256602631,0.0,0.0,0
17.0,2.8895494308620884,0.0,0.0,0
17.0,3.4992275471326932,0.0,0.0,0
11.0,3.0957952550009344,0.0,0.0,0
13.0,2.8731406795131336,0.0,0.0,0
12.0,2.7516291673878226,0.0,0.0,0
10.0,2.9219280948873623,0.0,0.0,0
11.0,3.2776134368191165,0.09090909090909091,0.0,0
14.0,3.521640636343319,0.0,0.0,0
16.0,3.202819531114783,0.0,0.0,0
10.0,2.9219280948873623,0.0,0.0,0
17.0,3.4992275471326932,0.0,0.0,0
15.0,3.3232314287976203,0.0,0.0,0
18.0,3.4613201402110083,0.0,0.0,0
17.0,3.1751231351134614,0.0,0.0,0
22.0,3.442862165155466,0.0,0.0,0
13.0,3.238901256602631,0.0,0.0,0
23.0,3.6753108689123644,0.0,0.0,0
8.0,2.5,0.0,0.0,0
10.0,3.121928094887362,0.0,0.0,0
11.0,2.663532754804255,0.0,0.0,0
17.0,2.8895494308620884,0.0,0.0,0
7.0,2.5216406363433186,0.0,0.0,0
13.0,3.0269868333592873,0.0,0.0,0
12.0,3.084962500721156,0.0,0.0,0
11.0,3.2776134368191165,0.0,0.0,0
7.0,2.5216406363433186,0.0,0.0,0
14.0,3.182005814760214,0.0,0.0,0
11.0,2.663532754804255,0.0,0.0,0
10.0,2.5219280948873624,0.0,0.0,0
20.0,3.208694969562842,0.0,0.0,0
13.0,3.3927474104487847,0.0,0.0,0
13.0,3.238901256602631,0.0,0.0,0
15.0,2.9735572622751856,0.26666666666666666,0.0,0
14.0,3.2359263506290334,0.0,0.0,0
14.0,3.378783493486176,0.0,0.0,0
13.0,2.8731406795131336,0.0,0.0,0
15.0,3.3735572622751855,0.0,0.0,0
10.0,2.4464393446710155,0.0,0.0,0
14.0,3.3787834934861767,0.0,0.0,0
10.0,2.9219280948873623,0.0,0.0,0
9.0,2.94770277922009,0.0,0.0,0
14.0,3.039148671903071,0.0,0.0,0
7.0,2.5216406363433186,0.0,0.0,0
21.0,3.6537567082870015,0.0,0.0,0
14.0,3.2359263506290334,0.0,0.0,0
14.0,3.2359263506290334,0.0,0.0,0
12.0,3.4182958340544896,0.08333333333333333,0.0,0
10.0,2.6464393446710153,0.0,0.0,0
10.0,2.6464393446710153,0.0,0.0,0
16.0,3.375,0.0,0.0,0
18.0,3.5724312513221195,0.0,0.0,0
11.0,3.0957952550009344,0.0,0.0,0
23.0,3.534219021180341,0.0,0.0,0
16.0,3.452819531114783,0.0,0.0,0
12.0,3.2516291673878226,0.0,0.0,0
13.0,2.6235166412180155,0.0,0.0,0
14.0,3.039148671903071,0.0,0.0,0
12.0,3.0220552088742005,0.0,0.0,0
14.0,3.09306920777189,0.0,0.0,0
9.0,2.725480556997868,0.0,0.0,0
9.0,2.725480556997868,0.0,0.0,0
10.0,3.121928094887362,0.1,0.0,0
14.0,2.610577243331642,0.0,0.0,0
13.0,3.238901256602631,0.0,0.0,0
12.0,3.084962500721156,0.0,0.0,0
13.0,3.3927474104487847,0.0,0.0,0
12.0,3.2516291673878226,0.0,0.0,0
10.0,3.121928094887362,0.0,0.0,0
8.0,2.5,0.0,0.0,0
11.0,2.9139770731827523,0.0,0.0,0
15.0,2.973557262275185,0.0,0.0,0
14.0,3.182005814760214,0.0,0.0,0
11.0,2.845350936622437,0.0,0.0,0
10.0,2.721928094887362,0.0,0.0,0
11.0,2.9139770731827523,0.0,0.0,0
9.0,2.725480556997868,0.0,0.0,0
16.0,3.375,0.0,0.0,0
13.0,3.238901256602631,0.0,0.0,0
16.0,3.327819531114783,0.0,0.0,0
18.0,3.5724312513221195,0.0,0.0,0
12.0,3.084962500721156,0.0,0.0,0
14.0,3.521640636343319,0.0,0.0,0
17.0,3.057476076289932,0.0,0.0,0
10.0,2.721928094887362,0.0,0.0,0
14.0,3.039148671903071,0.0,0.0,0
13.0,3.238901256602631,0.0,0.0,0
12.0,2.9182958340544896,0.0,0.0,0
14.0,3.2359263506290334,0.0,0.0,0
16.0,3.327819531114783,0.0,0.0,0
13.0,3.546593564294939,0.23076923076923078,0.0,0
13.0,3.085055102756477,0.0,0.0,0
11.0,3.0957952550009344,0.0,0.0,0
15.0,3.373557262275185,0.0,0.0,0
16.0,3.202819531114783,0.0,0.0,0
8.0,2.5,0.0,0.0,0
10.0,3.121928094887362,0.1,0.0,0
17.0,3.5724694587701364,0.0,0.0,0
14.0,3.2359263506290334,0.0,0.0,0
15.0,3.773557262275185,0.0,0.0,0
12.0,2.9182958340544896,0.0,0.0,0
11.0,3.095795255000934,0.0,0.0,0
18.0,3.4193819456463714,0.0,0.0,0
15.0,3.5068905956085183,0.0,0.0,0
11.0,2.9139770731827523,0.0,0.0,0
13.0,3.3927474104487847,0.0,0.0,0
14.0,3.521640636343319,0.0,0.0,0
11.0,3.0957952550009344,0.0,0.0,0
10.0,2.7219280948873625,0.0,0.0,0
7.0,2.2359263506290326,0.0,0.0,0
8.0,2.5,0.0,0.0,0
22.0,3.913977073182751,0.045454545454545456,0.0,0
13.0,3.238901256602631,0.0,0.0,0
21.0,3.5944656369614516,0.0,0.0,0
14.0,3.2359263506290334,0.0,0.0,0
13.0,3.085055102756477,0.0,0.0,0
9.0,2.725480556997868,0.0,0.0,0
13.0,3.3927474104487847,0.0,0.0,0
13.0,3.546593564294939,0.0,0.0,0
16.0,3.625,0.0,0.0,0
11.0,3.2776134368191165,0.0,0.0,0
10.0,2.9219280948873623,0.0,0.0,0
11.0,3.2776134368191165,0.0,0.0,0
10.0,2.6464393446710153,0.0,0.0,0
18.0,3.4193819456463714,0.0,0.0,0
20.0,3.5219280948873624,0.0,0.0,0
13.0,3.085055102756477,0.0,0.0,0
16.0,3.327819531114783,0.0,0.0,0
16.0,3.625,0.0,0.0,0
10.0,3.121928094887362,0.2,0.0,0
15.0,3.506890595608519,0.0,0.0,0
21.0,3.8801799226757376,0.0,0.0,0
23.0,3.5342190211803413,0.0,0.0,0
17.0,3.2639334294856344,0.0,0.0,0
9.0,2.725480556997868,0.0,0.0,0
12.0,3.4182958340544896,0.0,0.0,0
10.0,2.7219280948873625,0.0,0.0,0
15.0,3.1898980954642875,0.0,0.0,0
12.0,3.084962500721156,0.0,0.0,0
19.0,3.4713544870139303,0.0,0.0,0
12.0,3.084962500721156,0.0,0.0,0
11.0,2.481714572986073,0.0,0.0,0
8.0,2.75,0.0,0.0,0
17.0,3.337175341123077,0.0,0.0,0
9.0,2.94770277922009,0.0,0.0,0
13.0,3.0269868333592873,0.0,0.0,0
14.0,3.521640636343319,0.0,0.0,0
16.0,3.327819531114783,0.0,0.0,0
12.0,3.188721875540867,0.0,0.0,0
9.0,2.725480556997868,0.1111111111111111,0.0,0
11.0,3.0957952550009344,0.0,0.0,0
13.0,3.3927474104487847,0.0,0.0,0
18.0,3.4613201402110083,0.0,0.0,0
11.0,3.0957952550009344,0.0,0.0,0
14.0,3.2359263506290334,0.0,0.0,0
11.0,2.9139770731827523,0.0,0.0,0
10.0,3.121928094887362,0.1,0.0,0
19.0,3.0503018554349826,0.0,0.0,0
10.0,2.9219280948873623,0.0,0.0,0
18.0,3.4613201402110083,0.0,0.0,0
13.0,3.3927474104487847,0.0,0.0,0
10.0,3.121928094887362,0.0,0.0,0
18.0,3.350209029099897,0.0,0.0,0
10.0,2.6464393446710153,0.0,0.0,0
14.0,3.039148671903071,0.0,0.0,0
23.0,3.501397825434103,0.0,0.0,0
16.0,3.625,0.0,0.0,0
14.0,3.3787834934861767,0.0,0.0,0
10.0,3.121928094887362,0.0,0.0,0
20.0,3.484183719779189,0.0,0.0,0
11.0,3.277613436819116,0.0,0.0,0
12.0,2.9182958340544896,0.0,0.0,0
10.0,2.9219280948873623,0.0,0.0,0
17.0,3.454822399946607,0.0,0.0,0
11.0,3.0957952550009344,0.0,0.0,0
14.0,3.3787834934861767,0.07142857142857142,0.0,0
12.0,3.2516291673878226,0.0,0.0,0
11.0,2.845350936622437,0.0,0.0,0
7.0,2.5216406363433186,0.0,0.0,0
11.0,2.9139770731827523,0.0,0.0,0
11.0,3.0957952550009344,0.0,0.0,0
11.0,3.2776134368191165,0.0,0.0,0
11.0,2.9139770731827523,0.0,0.0,0
10.0,2.9219280948873623,0.2,0.0,0
13.0,3.3927474104487847,0.0,0.0,0
13.0,3.085055102756477,0.07692307692307693,0.0,0
10.0,3.121928094887362,0.0,0.0,0
13.0,3.238901256602631,0.0,0.0,0
12.0,3.084962500721156,0.0,0.0,0
12.0,2.8553885422075336,0.0,0.0,0
13.0,3.3927474104487847,0.0,0.0,0
17.0,3.2639334294856344,0.0,0.0,0
13.0,3.238901256602631,0.0,0.0,0
18.0,3.2390979179887864,0.0,0.0,0
17.0,3.4992275471326932,0.0,0.0,0
8.0,2.75,0.0,0.0,0
11.0,3.095795255000934,0.0,0.0,0
17.0,3.4992275471326932,0.0,0.0,0
15.0,3.3232314287976203,0.0,0.0,0
14.0,3.3787834934861767,0.0,0.0,0
14.0,3.2359263506290334,0.0,0.0,0
12.0,3.084962500721156,0.0,0.0,0
8.0,2.75,0.0,0.0,0
8.0,2.5,0.125,0.0,0
13.0,3.085055102756477,0.0,0.0,0
15.0,3.240223928941852,0.0,0.0,0
15.0,3.506890595608519,0.0,0.0,0
12.0,3.084962500721156,0.0,0.0,0
17.0,3.4992275471326932,0.0,0.0,0
14.0,3.2359263506290334,0.0,0.0,0
11.0,2.9139770731827523,0.0,0.0,0
14.0,3.2359263506290334,0.0,0.0,0
24.0,3.6572682296173897,0.0,0.0,0
19.0,3.6818808028034042,0.0,0.0,0
22.0,3.413088436425757,0.0,0.0,0
11.0,2.845350936622437,0.0,0.0,0
11.0,2.9139770731827523,0.0,0.0,0
17.0,3.1751231351134614,0.0,0.0,0
9.0,2.94770277922009,0.0,0.0,0
17.0,3.292770193936991,0.0,0.0,0
15.0,3.506890595608519,0.0,0.0,0
11.0,2.186704345910025,0.0,0.0,0
10.0,2.721928094887362,0.0,0.0,0
9.0,2.725480556997868,0.0,0.0,0
14.0,3.521640636343319,0.0,0.0,0
21.0,3.499227541723357,0.0,0.0,0
10.0,2.8464393446710154,0.0,0.0,0
16.0,3.375,0.0,0.0,0
8.0,2.5,0.0,0.0,0
10.0,2.9219280948873623,0.0,0.0,0
12.0,3.2516291673878226,0.0,0.0,0
17.0,3.4992275471326932,0.0,0.0,0
11.0,3.0957952550009344,0.0,0.0,0
11.0,3.0957952550009344,0.0,0.0,0
13.0,3.0850551027564768,0.0,0.0,0
7.0,2.5216406363433186,0.0,0.0,0
12.0,3.2516291673878226,0.0,0.0,0
16.0,3.375,0.0,0.0,0
13.0,2.8731406795131336,0.0,0.0,0
14.0,3.2359263506290334,0.0,0.0,0
15.0,3.189898095464288,0.0,0.0,0
12.0,3.084962500721156,0.0,0.0,0
16.0,3.327819531114783,0.0,0.0,0
13.0,2.8731406795131336,0.0,0.0,0
10.0,2.721928094887362,0.0,0.0,0
11.0,3.0957952550009344,0.0,0.0,0
12.0,3.0220552088742005,0.0,0.0,0
12.0,2.918295834054489,0.0,0.0,0
10.0,2.6464393446710153,0.0,0.0,0
14.0,3.2359263506290334,0.0,0.0,0
10.0,3.121928094887362,0.0,0.0,0
13.0,3.0269868333592873,0.0,0.0,0
8.0,2.75,0.0,0.0,0
12.0,3.188721875540867,0.0,0.0,0
8.0,2.75,0.0,0.0,0
9.0,2.94770277922009,0.0,0.0,0
11.0,2.663532754804255,0.0,0.0,0
14.0,2.8073549220576046,0.0,0.0,0
13.0,3.3927474104487847,0.0,0.0,0
16.0,3.5,0.0,0.0,0
13.0,3.238901256602631,0.0,0.0,0
13.0,3.238901256602631,0.0,0.0,0
10.0,2.9219280948873623,0.0,0.0,0
10.0,2.9219280948873623,0.0,0.0,0
8.0,2.75,0.0,0.0,0
16.0,3.327819531114783,0.0,0.0,0
15.0,3.2402239289418517,0.0,0.0,0
10.0,2.6464393446710153,0.0,0.0,0
14.0,3.521640636343319,0.0,0.0,0
14.0,3.3787834934861767,0.0,0.0,0
13.0,3.085055102756477,0.0,0.0,0
16.0,3.202819531114783,0.0,0.0,0
13.0,2.9689185639620974,0.0,0.0,0
17.0,3.3371753411230776,0.0,0.0,0
13.0,3.180832987205441,0.0,0.0,0
10.0,2.9219280948873623,0.0,0.0,0
14.0,3.182005814760214,0.0,0.0,0
14.0,3.182005814760214,0.0,0.0,0
13.0,3.238901256602631,0.0,0.0,0
14.0,3.182005814760214,0.0,0.0,0
17.0,3.337175341123077,0.0,0.0,0
7.0,2.2359263506290326,0.0,0.0,0
10.0,2.9219280948873623,0.0,0.0,0
18.0,3.4193819456463714,0.0,0.0,0
17.0,3.3371753411230776,0.0,0.0,0
11.0,3.0957952550009344,0.0,0.0,0
14.0,2.8423709931771093,0.0,0.0,0
11.0,2.663532754804255,0.0,0.0,0
8.0,2.5,0.0,0.0,0
10.0,2.721928094887362,0.0,0.0,0
14.0,3.2359263506290334,0.0,0.0,0
17.0,3.1751231351134614,0.0,0.0,0
11.0,3.2776134368191165,0.0,0.0,0
20.0,3.621928094887362,0.0,0.0,0
15.0,2.923231428797621,0.0,0.0,0
10.0,3.121928094887362,0.0,0.0,0
12.0,3.084962500721156,0.0,0.0,0
18.0,3.6835423624332306,0.0,0.0,0
10.0,2.6464393446710153,0.0,0.0,0
20.0,3.821928094887362,0.0,0.0,0
15.0,3.5068905956085183,0.0,0.0,0
11.0,3.0957952550009344,0.0,0.0,0
14.0,3.2359263506290334,0.0,0.0,0
19.0,3.536886723742169,0.0,0.0,0
8.0,2.5,0.0,0.0,0
11.0,2.663532754804255,0.0,0.0,0
18.0,3.4613201402110083,0.0,0.0,0
8.0,2.5,0.0,0.0,0
15.0,3.5068905956085192,0.0,0.0,0
19.0,3.6818808028034042,0.0,0.0,0
13.0,3.3927474104487847,0.0,0.0,0
21.0,3.7849418274376423,0.0,0.0,0
25.0,3.5434651896016467,0.0,0.0,0
15.0,3.3735572622751855,0.0,0.0,0
15.0,3.106890595608519,0.2,0.0,0
17.0,3.1751231351134614,0.0,0.0,0
12.0,3.2516291673878226,0.0,0.0,0
7.0,2.2359263506290326,0.0,0.0,0
10.0,3.121928094887362,0.0,0.0,0
10.0,3.121928094887362,0.0,0.0,0
12.0,3.084962500721156,0.0,0.0,0
19.0,3.932138039759377,0.0,0.0,0
21.0,3.9161269465882835,0.09523809523809523,0.0,0
8.0,2.75,0.375,0.0,0
14.0,3.2359263506290334,0.0,0.0,0
11.0,2.9139770731827523,0.0,0.0,0
9.0,2.725480556997868,0.0,0.0,0
13.0,3.0269868333592873,0.0,0.0,0
13.0,3.3927474104487847,0.0,0.0,0
14.0,3.09306920777189,0.0,0.0,0
16.0,3.452819531114783,0.0,0.0,0
8.0,2.75,0.0,0.0,0
9.0,2.725480556997868,0.0,0.0,0
11.0,3.2776134368191165,0.0,0.0,0
12.0,3.084962500721156,0.0,0.0,0
8.0,2.75,0.0,0.0,0
10.0,3.121928094887362,0.0,0.0,0
11.0,2.845350936622437,0.0,0.0,0
21.0,2.8559049224696937,0.19047619047619047,0.0,0
23.0,3.6211755429194716,0.0,0.0,0
11.0,2.9139770731827523,0.0,0.0,0
16.0,3.625,0.0,0.0,0
16.0,3.327819531114783,0.0,0.0,0
11.0,3.027169118440619,0.0,0.0,0
10.0,3.121928094887362,0.1,0.0,0
8.0,2.75,0.0,0.0,0
11.0,2.7321588913645702,0.0,0.0,0
14.0,3.3787834934861767,0.0,0.0,0
11.0,2.845350936622437,0.0,0.0,0
15.0,3.2402239289418517,0.0,0.0,0
10.0,2.9219280948873623,0.0,0.0,0
12.0,3.2516291673878226,0.0,0.0,0
12.0,2.918295834054489,0.0,0.0,0
16.0,3.202819531114783,0.0,0.0,0
16.0,3.202819531114783,0.0,0.0,0
21.0,3.0463811129458844,0.19047619047619047,0.0,0
15.0,3.189898095464287,0.0,0.0,0
14.0,3.039148671903071,0.0,0.0,0
14.0,3.039148671903071,0.0,0.0,0
15.0,3.056564762130954,0.0,0.0,0
10.0,3.121928094887362,0.0,0.0,0
12.0,3.084962500721156,0.08333333333333333,0.0,0
11.0,3.2776134368191165,0.0,0.0,0
14.0,3.6644977792004623,0.0,0.0,0
12.0,2.751629167387823,0.0,0.0,0
14.0,3.3787834934861767,0.0,0.0,0
9.0,2.503258334775646,0.0,0.0,0
9.0,2.503258334775646,0.0,0.0,0
15.0,3.3735572622751855,0.06666666666666667,0.0,0
13.0,3.085055102756477,0.0,0.0,0
9.0,2.725480556997868,0.0,0.0,0
16.0,3.202819531114783,0.0,0.0,0
16.0,3.577819531114783,0.0,0.0,0
22.0,3.606936732175322,0.0,0.0,0
12.0,3.2516291673878226,0.0,0.0,0
14.0,3.3787834934861767,0.0,0.0,0
14.0,3.3787834934861767,0.0,0.0,0
12.0,2.9182958340544896,0.0,0.0,0
14.0,3.2359263506290334,0.0,0.0,0
16.0,3.202819531114783,0.0,0.0,0
15.0,3.189898095464287,0.0,0.0,0
15.0,3.1068905956085184,0.0,0.0,0
12.0,3.084962500721156,0.0,0.0,0
14.0,3.2359263506290334,0.0,0.0,0
13.0,3.3927474104487847,0.0,0.0,0
15.0,3.3735572622751855,0.06666666666666667,0.0,0
11.0,2.7321588913645702,0.0,0.0,0
12.0,3.2516291673878226,0.25,0.0,0
17.0,3.1018812234760182,0.0,0.0,0
11.0,2.9139770731827523,0.0,0.0,0
24.0,3.653107168362812,0.041666666666666664,0.0,0
16.0,3.625,0.0,0.0,0
24.0,3.2924812503605785,0.2916666666666667,0.0,0
20.0,3.4219280948873623,0.0,0.0,0
13.0,3.0269868333592873,0.0,0.0,0
14.0,3.182005814760214,0.0,0.0,0
8.0,2.75,0.0,0.0,0
10.0,2.721928094887362,0.0,0.0,0
11.0,2.9139770731827523,0.0,0.0,0
17.0,3.4548223999466066,0.0,0.0,0
12.0,3.084962500721156,0.0,0.0,0
8.0,2.75,0.125,0.0,0
12.0,3.2516291673878226,0.0,0.0,0
9.0,2.5032583347756456,0.0,0.0,0
14.0,3.378783493486176,0.14285714285714285,0.0,0
12.0,3.2516291673878226,0.0,0.0,0
19.0,3.6163485660751653,0.0,0.0,0
14.0,3.2359263506290334,0.0,0.0,0
17.0,3.690116517593666,0.0,0.0,0
17.0,3.292770193936991,0.0,0.0,0
12.0,3.2516291673878226,0.0,0.0,0
22.0,3.6978458230844122,0.0,0.0,0
16.0,3.375,0.0,0.0,0
7.0,2.5216406363433186,0.0,0.0,0
13.0,3.3927474104487847,0.15384615384615385,0.0,0
12.0,2.8553885422075336,0.0,0.0,0
15.0,3.5068905956085192,0.0,0.0,0
16.0,3.202819531114783,0.0,0.0,0
15.0,3.3735572622751855,0.06666666666666667,0.0,0
16.0,3.125,0.0,0.0,0
18.0,3.836591668108979,0.0,0.0,0
15.0,3.323231428797621,0.0,0.0,0
22.0,3.6978458230844122,0.0,0.0,0
10.0,2.9219280948873623,0.0,0.0,0
12.0,3.4182958340544896,0.08333333333333333,0.0,0
7.0,2.5216406363433186,0.0,0.0,0
12.0,3.084962500721156,0.0,0.0,0
23.0,3.4685766296878655,0.0,0.0,0
10.0,2.9219280948873623,0.0,0.0,0
10.0,3.1219280948873624,0.0,0.0,0
22.0,3.5160276412662306,0.0,0.0,0
12.0,3.084962500721156,0.0,0.0,0
11.0,3.027169118440619,0.0,0.0,0
16.0,3.25,0.0,0.0,0
14.0,3.2359263506290334,0.0,0.0,0
10.0,2.9219280948873623,0.0,0.0,0
16.0,3.375,0.0,0.0,0
15.0,3.3232314287976212,0.0,0.0,0
15.0,3.1898980954642875,0.0,0.0,0
11.0,3.0957952550009344,0.18181818181818182,0.0,0
13.0,3.238901256602631,0.0,0.0,0
11.0,2.663532754804255,0.0,0.0,0
14.0,3.3787834934861767,0.0,0.0,0
10.0,3.121928094887362,0.0,0.0,0
9.0,2.94770277922009,0.0,0.0,0
12.0,3.2516291673878226,0.0,0.0,0
12.0,3.084962500721156,0.0,0.0,0
14.0,3.2359263506290334,0.0,0.0,0
12.0,3.2516291673878226,0.0,0.0,0
13.0,3.238901256602631,0.0,0.0,0
17.0,3.454822399946607,0.0,0.0,0
16.0,3.375,0.0,0.0,0
11.0,3.277613436819116,0.0,0.0,0
15.0,3.373557262275185,0.0,0.0,0
11.0,3.0957952550009344,0.0,0.0,0
10.0,2.9219280948873623,0.0,0.0,0
22.0,3.6635327548042547,0.0,0.0,0
22.0,3.4817145729860726,0.0,0.0,0
14.0,3.3787834934861767,0.0,0.0,0
12.0,3.4182958340544896,0.08333333333333333,0.0,0
15.0,3.5068905956085183,0.0,0.0,0
8.0,2.5,0.0,0.0,0
13.0,3.0850551027564768,0.0,0.0,0
17.0,3.734521664779752,0.0,0.0,0
9.0,2.725480556997868,0.0,0.0,0
19.0,3.6163485660751657,0.0,0.0,0
12.0,3.2516291673878226,0.0,0.0,0
14.0,3.2359263506290334,0.0,0.0,0
7.0,2.5216406363433186,0.0,0.0,0
14.0,3.3248629576173574,0.0,0.0,0
14.0,3.3787834934861767,0.0,0.0,0
20.0,3.621928094887362,0.0,0.0,0
19.0,3.366091329119193,0.0,0.0,0
8.0,2.5,0.0,0.0,0
10.0,3.121928094887362,0.0,0.0,0
10.0,2.721928094887362,0.0,0.0,0
15.0,3.4565647621309536,0.0,0.0,0
6.0,2.2516291673878226,0.0,0.0,0
15.0,3.373557262275185,0.0,0.0,0
15.0,3.1068905956085184,0.3333333333333333,0.0,0
21.0,3.689703732199547,0.0,0.0,0
15.0,3.189898095464287,0.0,0.0,0
17.0,3.219528282299548,0.0,0.0,0
14.0,3.093069207771891,0.0,0.0,0
18.0,3.614369445886757,0.0,0.0,0
15.0,3.240223928941852,0.0,0.0,0
15.0,3.373557262275185,0.0,0.0,0
10.0,2.721928094887362,0.0,0.0,0
20.0,3.484183719779189,0.0,0.0,0
11.0,3.0957952550009344,0.0,0.0,0
16.0,3.202819531114783,0.0,0.0,0
12.0,3.4182958340544896,0.0,0.0,0
10.0,3.121928094887362,0.0,0.0,0
13.0,3.3927474104487847,0.0,0.0,0
19.0,3.090032776601481,0.0,0.0,0
6.0,1.9182958340544893,0.0,0.0,0
12.0,2.688721875540867,0.0,0.0,0
13.0,3.238901256602631,0.0,0.0,0
9.0,2.725480556997868,0.0,0.0,0
12.0,3.4182958340544896,0.0,0.0,0
20.0,3.5464393446710147,0.0,0.0,0
17.0,3.6168746059562227,0.0,0.0,0
7.0,2.5216406363433186,0.0,0.0,0
15.0,3.189898095464287,0.0,0.0,0
10.0,3.121928094887362,0.0,0.0,0
13.0,3.3927474104487847,0.0,0.0,0
17.0,3.292770193936991,0.0,0.0,0
17.0,3.381580488309164,0.0,0.0,0
11.0,2.9139770731827523,0.0,0.0,0
13.0,3.0269868333592873,0.0,0.0,0
10.0,3.121928094887362,0.1,0.0,0
17.0,3.4992275471326932,0.0,0.0,0
21.0,3.463280517810811,0.0,0.0,0
13.0,2.71929452566698,0.0,0.0,0
8.0,2.5,0.0,0.0,0
15.0,3.2402239289418517,0.0,0.0,0
17.0,3.6168746059562227,0.0,0.0,0
16.0,3.375,0.0,0.0,0
12.0,3.2516291673878226,0.25,0.0,0
15.0,3.3232314287976203,0.0,0.0,0
9.0,2.725480556997868,0.4444444444444444,0.0,0
11.0,2.8453509366224368,0.0,0.0,0
14.0,3.3787834934861767,0.0,0.0,0
20.0,3.5841837197791886,0.0,0.0,0
17.0,3.2639334294856344,0.0,0.0,0
9.0,2.2810361125534238,0.0,0.0,0
12.0,3.4182958340544896,0.0,0.0,0
18.0,3.350209029099897,0.0,0.0,0
10.0,2.9219280948873623,0.0,0.0,0
13.0,3.085055102756477,0.0,0.0,0
14.0,3.378783493486176,0.0,0.0,0
18.0,3.350209029099897,0.0,0.0,0
12.0,2.8553885422075336,0.0,0.0,0
11.0,2.663532754804255,0.0,0.0,0
17.0,3.4992275471326932,0.0,0.0,0
11.0,2.9139770731827523,0.0,0.0,0
19.0,3.7216117239699025,0.0,0.0,0
11.0,3.0957952550009344,0.2727272727272727,0.0,0
18.0,3.3082708345352603,0.0,0.0,0
13.0,3.3927474104487847,0.0,0.0,0
14.0,2.896291529045928,0.0,0.0,0
9.0,2.725480556997868,0.0,0.0,0
9.0,2.725480556997868,0.0,0.0,0
8.0,2.75,0.125,0.0,0
12.0,3.2516291673878226,0.0,0.0,0
9.0,2.94770277922009,0.0,0.0,0
16.0,3.452819531114783,0.0,0.0,0
13.0,3.238901256602631,0.0,0.0,0
18.0,3.614369445886757,0.0,0.0,0
18.0,3.614369445886757,0.0,0.0,0
11.0,3.0957952550009344,0.0,0.0,0
10.0,2.9219280948873623,0.0,0.0,0
10.0,2.9219280948873623,0.0,0.0,0
13.0,3.238901256602631,0.0,0.0,0
8.0,2.5,0.0,0.0,0
15.0,3.1898980954642875,0.0,0.0,0
16.0,3.5,0.0,0.0,0
11.0,2.9139770731827523,0.0,0.0,0
8.0,2.5,0.0,0.0,0
11.0,3.0957952550009344,0.0,0.0,0
15.0,2.8729055953200566,0.0,0.0,0
15.0,3.323231428797621,0.0,0.0,0
7.0,2.5216406363433186,0.0,0.0,0
15.0,3.5068905956085183,0.0,0.0,0
12.0,3.2516291673878226,0.0,0.0,0
11.0,2.9139770731827523,0.0,0.0,0
14.0,3.378783493486176,0.0,0.0,0
11.0,3.095795255000934,0.0,0.0,0
12.0,3.084962500721156,0.08333333333333333,0.0,0
7.0,2.5216406363433186,0.0,0.0,0
10.0,2.8464393446710154,0.0,0.0,0
18.0,3.6835423624332306,0.0,0.0,0
13.0,3.3927474104487847,0.0,0.0,0
16.0,3.375,0.0,0.0,0
8.0,2.5,0.0,0.0,0
15.0,3.0565647621309546,0.0,0.0,0
16.0,3.327819531114783,0.0,0.0,0
12.0,3.251629167387823,0.0,0.0,0
10.0,2.9219280948873623,0.0,0.0,0
13.0,2.931208948910323,0.0,0.0,0
13.0,3.3927474104487847,0.0,0.0,0
6.0,2.2516291673878226,0.0,0.0,0
14.0,3.3787834934861767,0.0,0.0,0
13.0,3.0269868333592873,0.0,0.0,0
8.0,2.75,0.0,0.0,0
14.0,3.521640636343319,0.0,0.0,0
7.0,2.5216406363433186,0.14285714285714285,0.0,0
16.0,3.5,0.0,0.0,0
16.0,3.202819531114783,0.0,0.0,0
11.0,2.845350936622437,0.09090909090909091,0.0,0
11.0,2.845350936622437,0.0,0.0,0
24.0,3.8553885422075345,0.0,0.0,0
15.0,3.3735572622751855,0.0,0.0,0
16.0,3.327819531114783,0.0,0.0,0
14.0,3.3787834934861767,0.0,0.0,0
13.0,3.0269868333592873,0.0,0.0,0
25.0,3.5736606896881855,0.0,0.0,0
14.0,3.182005814760214,0.0,0.0,0
17.0,3.4104172527605203,0.0,0.0,0
16.0,3.625,0.0,0.0,0
13.0,3.238901256602631,0.0,0.0,0
15.0,3.323231428797621,0.0,0.0,0
18.0,3.6835423624332306,0.0,0.0,0
12.0,3.188721875540867,0.0,0.0,0
9.0,2.94770277922009,0.0,0.0,0
15.0,3.323231428797621,0.0,0.0,0
15.0,3.2402239289418517,0.0,0.0,0
10.0,3.121928094887362,0.0,0.0,0
8.0,2.75,0.0,0.0,0
7.0,2.2359263506290326,0.0,0.0,0
12.0,2.918295834054489,0.0,0.0,0
10.0,3.121928094887362,0.1,0.0,0
12.0,3.4182958340544896,0.0,0.0,0
17.0,3.454822399946607,0.0,0.0,0
8.0,2.75,0.0,0.0,0
15.0,3.106890595608519,0.0,0.0,0
12.0,3.084962500721156,0.0,0.0,0
23.0,3.414441303694973,0.0,0.0,0
14.0,3.521640636343319,0.0,0.0,0
15.0,3.640223928941852,0.0,0.0,0
17.0,2.910992253015046,0.0,0.0,0
18.0,3.3082708345352603,0.0,0.0,0
20.0,3.721928094887362,0.0,0.0,0
22.0,3.6412498004554785,0.0,0.0,0
14.0,3.2359263506290334,0.0,0.0,0
8.0,2.75,0.0,0.0,0
16.0,3.375,0.0,0.0,0
10.0,3.121928094887362,0.0,0.0,0
10.0,2.9219280948873623,0.1,0.0,0
20.0,3.2841837197791888,0.0,0.0,0
10.0,2.9219280948873623,0.0,0.0,0
12.0,3.4182958340544896,0.0,0.0,0
15.0,3.506890595608519,0.0,0.0,0
19.0,3.3211043305784913,0.0,0.0,0
24.0,3.636842188131012,0.0,0.0,0
13.0,3.392747410448785,0.0,0.0,0
13.0,3.3927474104487847,0.0,0.0,0
13.0,2.8731406795131336,0.0,0.0,0
20.0,3.721928094887362,0.0,0.0,0
12.0,3.084962500721156,0.0,0.0,0
8.0,2.75,0.0,0.0,0
11.0,3.0957952550009344,0.0,0.0,0
10.0,3.121928094887362,0.0,0.0,0
18.0,3.3921472236645345,0.0,0.0,0
12.0,3.084962500721156,0.0,0.0,0
17.0,3.381580488309164,0.0,0.0,0
13.0,3.546593564294939,0.0,0.0,0
17.0,3.3371753411230776,0.0,0.0,0
16.0,3.327819531114783,0.0,0.0,0
19.0,3.6163485660751657,0.0,0.0,0
11.0,3.2776134368191165,0.0,0.0,0
12.0,3.2516291673878226,0.0,0.0,0
11.0,3.0957952550009344,0.2727272727272727,0.0,0
13.0,3.3927474104487847,0.0,0.0,0
11.0,2.845350936622437,0.0,0.0,0
13.0,3.3927474104487847,0.0,0.0,0
13.0,3.238901256602631,0.0,0.0,0
13.0,3.180832987205441,0.0,0.0,0
14.0,3.2359263506290334,0.0,0.0,0
9.0,2.5032583347756456,0.0,0.0,0
7.0,1.8423709931771088,0.0,0.0,0
20.0,3.721928094887362,0.0,0.0,0
10.0,2.6464393446710153,0.0,0.0,0
17.0,3.6168746059562227,0.0,0.0,0
11.0,2.7321588913645702,0.0,0.0,0
10.0,2.7219280948873625,0.0,0.0,0
13.0,3.180832987205441,0.0,0.0,0
12.0,3.084962500721156,0.0,0.0,0
8.0,2.5,0.0,0.0,0
20.0,3.5086949695628418,0.0,0.0,0
12.0,3.084962500721156,0.0,0.0,0
8.0,2.75,0.0,0.0,0
9.0,2.725480556997868,0.0,0.0,0
11.0,3.0957952550009344,0.2727272727272727,0.0,0
13.0,3.3927474104487847,0.0,0.0,0
17.0,3.734521664779752,0.0,0.0,0
20.0,3.3841837197791884,0.0,0.0,0
12.0,2.918295834054489,0.0,0.0,0
16.0,3.625,0.0,0.0,0
15.0,3.0565647621309546,0.0,0.0,0
13.0,3.085055102756477,0.0,0.0,0
11.0,2.663532754804255,0.0,0.0,0
10.0,2.721928094887362,0.0,0.0,0
10.0,2.7219280948873625,0.0,0.0,0
11.0,3.0957952550009344,0.0,0.0,0
14.0,3.09306920777189,0.0,0.0,0
11.0,2.481714572986073,0.0,0.0,0
12.0,2.6258145836939115,0.0,0.0,0
13.0,2.8731406795131336,0.0,0.0,0
13.0,3.0269868333592873,0.0,0.0,0
11.0,3.0957952550009344,0.0,0.0,0
15.0,3.373557262275185,0.0,0.0,0
16.0,3.125,0.0,0.0,0
12.0,3.084962500721156,0.0,0.0,0
19.0,3.195295934496218,0.0,0.0,0
13.0,3.238901256602631,0.0,0.0,0
11.0,3.2776134368191165,0.0,0.0,0
11.0,3.0957952550009344,0.0,0.0,0
10.0,3.121928094887362,0.0,0.0,0
11.0,3.2776134368191165,0.0,0.0,0
9.0,2.725480556997868,0.0,0.0,0
21.0,3.689703732199548,0.0,0.0,0
9.0,2.725480556997868,0.0,0.0,0
14.0,3.378783493486176,0.0,0.0,0
24.0,3.8868421881310122,0.0,0.0,0
14.0,3.3248629576173565,0.0,0.0,0
11.0,3.095795255000934,0.0,0.0,0
15.0,3.106890595608519,0.0,0.0,0
11.0,2.9139770731827523,0.0,0.0,0
14.0,3.09306920777189,0.0,0.0,0
15.0,3.189898095464287,0.0,0.0,0
21.0,3.463280517810811,0.0,0.0,0
12.0,3.2516291673878226,0.0,0.0,0
16.0,3.625,0.0,0.0,0
10.0,2.446439344671015,0.0,0.0,0
22.0,3.6978458230844122,0.0,0.0,0
11.0,2.9139770731827523,0.0,0.0,0
14.0,3.3787834934861767,0.07142857142857142,0.0,0
16.0,3.625,0.0,0.0,0
8.0,2.5,0.0,0.0,0
8.0,2.5,0.125,0.0,0
15.0,3.373557262275185,0.0,0.0,0
7.0,2.5216406363433186,0.0,0.0,0
19.0,3.7216117239699025,0.0,0.0,0
8.0,2.5,0.0,0.0,0
13.0,3.085055102756477,0.0,0.0,0
11.0,3.2776134368191165,0.0,0.0,0
10.0,2.9219280948873623,0.0,0.0,0
13.0,3.085055102756477,0.0,0.0,0
16.0,3.327819531114783,0.0,0.0,0
13.0,3.238901256602631,0.0,0.0,0
13.0,3.3927474104487847,0.23076923076923078,0.0,0
11.0,2.9139770731827523,0.0,0.0,0
18.0,3.614369445886757,0.0,0.0,0
16.0,3.5,0.0,0.0,0
10.0,2.9219280948873623,0.0,0.0,0
12.0,3.084962500721156,0.0,0.0,0
11.0,3.2776134368191165,0.09090909090909091,0.0,0
18.0,3.5724312513221195,0.0,0.0,0
15.0,3.139572261986723,0.0,0.0,0
13.0,3.238901256602631,0.0,0.0,0
11.0,2.9139770731827523,0.09090909090909091,0.0,0
13.0,3.238901256602631,0.0,0.0,0
21.0,3.7849418274376423,0.0,0.0,0
14.0,3.521640636343319,0.2857142857142857,0.0,0
13.0,3.546593564294939,0.0,0.0,0
13.0,2.8731406795131336,0.0,0.0,0
18.0,3.239097917988786,0.0,0.0,0
16.0,3.375,0.0,0.0,0
18.0,3.350209029099897,0.0,0.0,0
12.0,3.2516291673878226,0.0,0.0,0
11.0,3.027169118440619,0.0,0.0,0
15.0,3.323231428797621,0.0,0.0,0
15.0,3.240223928941852,0.0,0.0,0
14.0,3.3248629576173574,0.0,0.0,0
16.0,3.327819531114783,0.0,0.0,0
15.0,3.189898095464287,0.0,0.0,0
18.0,3.6835423624332306,0.0,0.0,0
7.0,2.5216406363433186,0.0,0.0,0
12.0,3.0220552088742,0.0,0.0,0
14.0,3.039148671903071,0.0,0.0,0
21.0,3.1775662320965252,0.0,0.0,0
9.0,2.725480556997868,0.0,0.0,0
19.0,3.8268748818646396,0.0,0.0,0
9.0,2.94770277922009,0.0,0.0,0
13.0,3.085055102756477,0.0,0.0,0
9.0,2.725480556997868,0.1111111111111111,0.0,0
20.0,3.8841837197791884,0.0,0.0,0
12.0,2.918295834054489,0.0,0.0,0
17.0,3.381580488309164,0.0,0.0,0
14.0,3.039148671903071,0.0,0.0,0
17.0,3.381580488309164,0.0,0.0,0
11.0,2.845350936622437,0.0,0.0,0
18.0,3.350209029099897,0.0,0.0,0
14.0,3.3787834934861767,0.0,0.0,0
10.0,3.121928094887362,0.0,0.0,0
10.0,3.121928094887362,0.0,0.0,0
12.0,3.084962500721156,0.0,0.0,0
11.0,2.7321588913645702,0.0,0.0,0
25.0,3.8136606896881853,0.0,0.0,0
17.0,3.5724694587701364,0.0,0.0,0
15.0,3.506890595608519,0.0,0.0,0
12.0,3.2516291673878226,0.0,0.0,0
9.0,2.725480556997868,0.0,0.0,0
12.0,2.918295834054489,0.0,0.0,0
17.0,3.6168746059562227,0.0,0.0,0
15.0,3.1898980954642875,0.0,0.0,0
10.0,2.9219280948873623,0.0,0.0,0
14.0,3.3787834934861767,0.0,0.0,0
9.0,2.725480556997868,0.0,0.0,0
11.0,2.413088436425758,0.0,0.0,0
20.0,3.4219280948873623,0.0,0.0,0
8.0,2.5,0.0,0.0,0
15.0,3.3735572622751855,0.0,0.0,0
15.0,3.1898980954642875,0.0,0.0,0
10.0,3.121928094887362,0.0,0.0,0
13.0,3.180832987205441,0.0,0.0,0
14.0,3.2359263506290334,0.0,0.0,0
14.0,3.09306920777189,0.0,0.0,0
15.0,3.0565647621309546,0.0,0.0,0
18.0,3.3082708345352603,0.0,0.0,0
24.0,3.636842188131012,0.0,0.0,0
15.0,3.373557262275185,0.0,0.0,0
14.0,3.182005814760214,0.0,0.0,0
17.0,3.734521664779752,0.0,0.0,0
17.0,3.6168746059562227,0.0,0.0,0
13.0,3.238901256602631,0.0,0.0,0
11.0,2.663532754804255,0.0,0.0,0
11.0,2.9139770731827523,0.0,0.0,0
15.0,3.323231428797621,0.0,0.0,0
15.0,3.056564762130954,0.0,0.0,0
12.0,3.2516291673878226,0.0,0.0,0
17.0,3.381580488309164,0.0,0.0,0
17.0,3.734521664779752,0.0,0.0,0
13.0,2.8731406795131336,0.0,0.0,0
15.0,3.373557262275185,0.0,0.0,0
8.0,2.75,0.0,0.0,0
10.0,2.9219280948873623,0.0,0.0,0
14.0,3.521640636343319,0.0,0.0,0
9.0,2.725480556997868,0.0,0.0,0
20.0,3.5841837197791886,0.0,0.0,0
12.0,2.918295834054489,0.0,0.0,0
20.0,3.621928094887362,0.0,0.0,0
13.0,3.238901256602631,0.0,0.0,0
11.0,3.0957952550009344,0.0,0.0,0
11.0,3.0957952550009344,0.0,0.0,0
14.0,3.182005814760214,0.0,0.0,0
17.0,3.381580488309164,0.0,0.0,0
8.0,2.75,0.0,0.0,0
11.0,3.0957952550009344,0.0,0.0,0
12.0,3.4182958340544896,0.0,0.0,0
9.0,2.5032583347756456,0.0,0.0,0
13.0,3.238901256602631,0.0,0.0,0
18.0,3.725480556997868,0.0,0.0,0
11.0,3.0957952550009344,0.0,0.0,0
16.0,3.202819531114783,0.0,0.0,0
16.0,3.452819531114783,0.0,0.0,0
13.0,3.0269868333592873,0.0,0.0,0
10.0,2.721928094887362,0.0,0.0,0
11.0,3.2776134368191165,0.0,0.0,0
12.0,2.918295834054489,0.0,0.0,0
13.0,2.9689185639620974,0.0,0.0,0
14.0,3.2359263506290334,0.0,0.0,0
11.0,3.0957952550009344,0.0,0.0,0
12.0,3.2516291673878226,0.0,0.0,0
10.0,2.9219280948873623,0.0,0.0,0
15.0,3.640223928941852,0.0,0.0,0
19.0,3.5110854081804286,0.0,0.0,0
10.0,3.121928094887362,0.0,0.0,0
16.0,3.452819531114783,0.0,0.0,0
21.0,2.8559049224696937,0.19047619047619047,0.0,0
14.0,3.3248629576173574,0.0,0.0,0
19.0,3.3263604079526954,0.0,0.0,0
20.0,3.0219280948873624,0.0,0.0,0
12.0,3.4182958340544896,0.0,0.0,0
12.0,3.4182958340544896,0.0,0.0,0
21.0,3.0463811129458844,0.19047619047619047,0.0,0
17.0,3.4992275471326932,0.0,0.0,0
12.0,3.2516291673878226,0.08333333333333333,0.0,0
18.0,3.1279868068776753,0.0,0.0,0
11.0,2.9139770731827523,0.0,0.0,0
12.0,3.2516291673878226,0.0,0.0,0
15.0,3.3735572622751855,0.0,0.0,0
15.0,3.456564762130954,0.0,0.0,0
9.0,2.94770277922009,0.0,0.0,0
11.0,3.2776134368191165,0.09090909090909091,0.0,0
10.0,2.9219280948873623,0.0,0.0,0
13.0,3.238901256602631,0.0,0.0,0
17.0,3.3371753411230776,0.0,0.0,0
7.0,2.5216406363433186,0.0,0.0,0
14.0,3.09306920777189,0.0,0.0,0
14.0,3.521640636343319,0.21428571428571427,0.0,0
13.0,2.8731406795131336,0.0,0.0,0
12.0,3.2516291673878226,0.0,0.0,0
13.0,3.085055102756477,0.0,0.0,0
15.0,3.3232314287976203,0.0,0.0,0
19.0,3.47135448701393,0.0,0.0,0
14.0,3.521640636343319,0.0,0.0,0
22.0,3.2776134368191157,0.0,0.0,0
11.0,2.663532754804255,0.0,0.0,0
13.0,3.3927474104487847,0.0,0.0,0
21.0,3.7849418274376423,0.0,0.0,0
12.0,3.4182958340544896,0.0,0.0,0
9.0,2.5032583347756456,0.0,0.0,0
16.0,3.625,0.0,0.0,0
16.0,3.75,0.0,0.0,0
11.0,3.2776134368191165,0.0,0.0,0
14.0,3.2359263506290334,0.0,0.0,0
10.0,2.7219280948873625,0.0,0.0,0
15.0,3.4565647621309536,0.0,0.0,0
10.0,2.9219280948873623,0.0,0.0,0
9.0,2.94770277922009,0.1111111111111111,0.0,0
12.0,3.2516291673878226,0.0,0.0,0
12.0,3.2516291673878226,0.0,0.0,0
12.0,3.084962500721156,0.0,0.0,0
15.0,3.3735572622751855,0.0,0.0,0
9.0,2.94770277922009,0.1111111111111111,0.0,0
10.0,2.521928094887362,0.0,0.0,0
17.0,3.3371753411230776,0.0,0.0,0
17.0,3.3371753411230776,0.0,0.0,0
12.0,3.084962500721156,0.0,0.0,0
12.0,3.084962500721156,0.0,0.0,0
12.0,2.5220552088742,0.0,0.0,0
13.0,3.238901256602631,0.0,0.0,0
12.0,3.2516291673878226,0.0,0.0,0
12.0,3.251629167387823,0.0,0.0,0
14.0,3.3787834934861767,0.0,0.0,0
11.0,2.845350936622437,0.0,0.0,0
11.0,3.0957952550009344,0.0,0.0,0
14.0,3.182005814760214,0.0,0.0,0
11.0,3.2776134368191165,0.0,0.0,0
15.0,3.373557262275185,0.0,0.0,0
19.0,3.511085408180429,0.0,0.0,0
11.0,2.9139770731827523,0.0,0.0,0
6.0,2.2516291673878226,0.0,0.0,0
17.0,2.9842341646524893,0.0,0.0,0
10.0,2.9219280948873623,0.0,0.0,0
17.0,3.6168746059562227,0.0,0.0,0
8.0,2.75,0.0,0.0,0
12.0,3.251629167387823,0.0,0.0,0
15.0,3.5068905956085183,0.13333333333333333,0.0,0
8.0,2.5,0.0,0.0,0
16.0,3.452819531114783,0.0,0.0,0
11.0,2.7321588913645702,0.0,0.0,0
9.0,2.94770277922009,0.0,0.0,0
25.0,3.643074189428569,0.0,0.0,0
8.0,2.5,0.0,0.0,0
12.0,3.084962500721156,0.0,0.0,0
12.0,3.4182958340544896,0.08333333333333333,0.0,0
13.0,3.238901256602631,0.0,0.0,0
11.0,3.2776134368191165,0.0,0.0,0
18.0,3.4613201402110083,0.0,0.0,0
11.0,3.2776134368191165,0.0,0.0,0
23.0,3.7950885863977324,0.0,0.0,0
12.0,3.0220552088742,0.0,0.0,0
12.0,3.084962500721156,0.0,0.0,0
19.0,3.4316235658474317,0.0,0.0,0
16.0,3.625,0.0,0.0,0
10.0,2.9219280948873623,0.0,0.0,0
10.0,2.9219280948873623,0.1,0.0,0
12.0,2.9182958340544896,0.0,0.0,0
17.0,3.6168746059562227,0.0,0.0,0
11.0,2.9139770731827523,0.0,0.0,0
14.0,3.521640636343319,0.0,0.0,0
14.0,3.521640636343319,0.0,0.0,0
14.0,3.3787834934861767,0.0,0.0,0
11.0,3.0957952550009344,0.0,0.0,0
14.0,3.2359263506290334,0.0,0.0,0
8.0,2.75,0.0,0.0,0
17.0,3.2639334294856344,0.0,0.0,0
15.0,3.506890595608519,0.0,0.0,0
14.0,3.2359263506290334,0.0,0.0,0
9.0,2.94770277922009,0.0,0.0,0
19.0,3.6818808028034042,0.0,0.0,0
13.0,3.238901256602631,0.0,0.0,0
12.0,3.2516291673878226,0.0,0.0,0
11.0,3.095795255000934,0.0,0.0,0
10.0,2.9219280948873623,0.0,0.0,0
13.0,3.546593564294939,0.0,0.0,0
18.0,3.5724312513221195,0.0,0.0,0
10.0,2.7219280948873625,0.0,0.0,0
13.0,3.180832987205441,0.0,0.0,0
12.0,3.2516291673878226,0.0,0.0,0
11.0,2.7321588913645707,0.0,0.0,0
16.0,3.25,0.0,0.0,0
11.0,3.095795255000934,0.0,0.0,0
21.0,3.5944656369614516,0.0,0.0,0
15.0,2.872905595320056,0.0,0.0,0
19.0,3.8268748818646396,0.0,0.0,0
14.0,2.9852281360342525,0.0,0.0,0
11.0,3.0957952550009344,0.0,0.0,0
14.0,3.2359263506290334,0.0,0.0,0
13.0,3.238901256602631,0.0,0.0,0
11.0,3.0957952550009344,0.0,0.0,0
18.0,3.5724312513221195,0.0,0.0,0
12.0,3.2516291673878226,0.0,0.0,0
9.0,2.725480556997868,0.0,0.0,0
11.0,2.7321588913645702,0.0,0.0,0
13.0,3.238901256602631,0.0,0.0,0
13.0,3.238901256602631,0.0,0.0,0
9.0,2.94770277922009,0.0,0.0,0
14.0,3.182005814760214,0.0,0.0,0
16.0,3.625,0.0625,0.0,0
14.0,3.182005814760214,0.0,0.0,0
15.0,3.5068905956085183,0.0,0.0,0
18.0,3.614369445886757,0.0,0.0,0
12.0,3.084962500721156,0.0,0.0,0
19.0,3.576617644908667,0.0,0.0,0
23.0,3.708132064658602,0.0,0.0,0
16.0,3.327819531114783,0.0,0.0,0
10.0,2.9219280948873623,0.0,0.0,0
13.0,2.8731406795131336,0.0,0.0,0
15.0,3.3232314287976203,0.0,0.0,0
24.0,3.2924812503605785,0.2916666666666667,0.0,0
10.0,2.9219280948873623,0.1,0.0,0
7.0,2.5216406363433186,0.0,0.0,0
11.0,3.095795255000934,0.0,0.0,0
14.0,3.182005814760214,0.0,0.0,0
14.0,3.3248629576173574,0.0,0.0,0
10.0,2.7219280948873625,0.0,0.0,0
16.0,3.375,0.0,0.0,0
14.0,3.2359263506290334,0.0,0.0,0
12.0,3.084962500721156,0.0,0.0,0
16.0,3.375,0.0,0.0,0
18.0,3.080500530640267,0.0,0.0,0
11.0,2.845350936622437,0.0,0.0,0
12.0,3.084962500721156,0.0,0.0,0
11.0,2.9139770731827523,0.0,0.0,0
24.0,3.605388542207534,0.0,0.0,0
12.0,3.084962500721156,0.0,0.0,0
18.0,3.350209029099897,0.0,0.0,0
12.0,3.0220552088742005,0.0,0.0,0
17.0,3.337175341123077,0.0,0.0,0
17.0,3.2195282822995477,0.0,0.0,0
9.0,2.94770277922009,0.0,0.0,0
11.0,2.663532754804255,0.0,0.0,0
13.0,3.0269868333592873,0.0,0.0,0
15.0,3.6402239289418516,0.0,0.0,0
16.0,3.202819531114783,0.0,0.0,0
14.0,3.182005814760214,0.0,0.0,0
9.0,2.725480556997868,0.2222222222222222,0.0,0
13.0,3.238901256602631,0.0,0.0,0
12.0,3.4182958340544896,0.0,0.0,0
12.0,3.4182958340544896,0.0,0.0,0
11.0,3.095795255000934,0.0,0.0,0
16.0,3.1556390622295662,0.0,0.0,0
18.0,3.614369445886757,0.0,0.0,0
12.0,3.0220552088742,0.0,0.0,0
13.0,3.0269868333592873,0.0,0.0,0
10.0,2.6464393446710153,0.0,0.0,0
11.0,2.845350936622437,0.0,0.0,0
16.0,3.327819531114783,0.0,0.0,0
15.0,3.0565647621309537,0.0,0.0,0
14.0,3.039148671903071,0.0,0.0,0
15.0,2.7898980954642876,0.0,0.0,0
11.0,3.2776134368191165,0.0,0.0,0
14.0,2.8073549220576046,0.0,0.0,0
13.0,3.546593564294939,0.23076923076923078,0.0,0
15.0,3.3735572622751855,0.0,0.0,0
12.0,3.2516291673878226,0.0,0.0,0
16.0,3.452819531114783,0.0,0.0,0
15.0,3.5068905956085183,0.0,0.0,0
8.0,2.25,0.0,0.0,0
14.0,2.9852281360342525,0.0,0.0,0
10.0,2.721928094887362,0.0,0.0,0
11.0,2.663532754804255,0.0,0.0,0
9.0,2.725480556997868,0.0,0.0,0
10.0,1.9609640474436814,0.0,0.0,0
16.0,3.5,0.0,0.0,0
10.0,2.446439344671015,0.0,0.0,0
18.0,3.614369445886757,0.0,0.0,0
12.0,3.084962500721156,0.16666666666666666,0.0,0
11.0,2.663532754804255,0.0,0.0,0
19.0,3.5110854081804286,0.0,0.0,0
12.0,3.2516291673878226,0.0,0.0,0
14.0,3.039148671903071,0.0,0.0,0
9.0,2.503258334775646,0.0,0.0,0
21.0,3.5585186130489057,0.0,0.0,0
13.0,3.3927474104487847,0.0,0.0,0
10.0,2.5219280948873624,0.0,0.0,0
13.0,3.180832987205441,0.0,0.0,0
13.0,3.238901256602631,0.0,0.0,0
15.0,3.3735572622751855,0.0,0.0,0
11.0,3.095795255000934,0.0,0.0,0
13.0,2.8731406795131336,0.0,0.0,0
13.0,3.0269868333592873,0.0,0.0,0
8.0,2.5,0.0,0.0,0
13.0,3.238901256602631,0.0,0.0,0
22.0,3.572623663895164,0.0,0.0,0
10.0,2.5219280948873624,0.0,0.0,0
15.0,2.872905595320056,0.0,0.0,0
16.0,3.625,0.0,0.0,0
11.0,2.845350936622437,0.0,0.0,0
11.0,2.9139770731827523,0.0,0.0,0
11.0,3.0957952550009344,0.0,0.0,0
14.0,3.521640636343319,0.21428571428571427,0.0,0
13.0,2.931208948910323,0.0,0.0,0
18.0,3.3082708345352603,0.0,0.0,0
16.0,3.327819531114783,0.0,0.0,0
17.0,3.337175341123077,0.0,0.0,0
10.0,3.121928094887362,0.0,0.0,0
12.0,2.751629167387823,0.0,0.0,0
18.0,3.4193819456463714,0.0,0.0,0
11.0,2.845350936622437,0.0,0.0,0
12.0,2.9182958340544896,0.0,0.0,0
13.0,2.8150724101159437,0.0,0.0,0
14.0,3.182005814760214,0.0,0.0,0
18.0,3.4613201402110083,0.0,0.0,0
22.0,3.9139770731827515,0.0,0.0,0
12.0,3.0220552088742005,0.0,0.0,0
14.0,3.182005814760214,0.0,0.0,0
19.0,3.2608281712244565,0.0,0.0,0
9.0,2.94770277922009,0.0,0.0,0
11.0,2.9139770731827523,0.0,0.0,0
22.0,3.606936732175321,0.0,0.0,0
11.0,2.8453509366224368,0.0,0.0,0
14.0,3.039148671903071,0.0,0.0,0
15.0,3.506890595608519,0.0,0.0,0
13.0,3.180832987205441,0.0,0.0,0
15.0,3.373557262275185,0.0,0.0,0
11.0,3.2776134368191165,0.0,0.0,0
9.0,2.725480556997868,0.0,0.0,0
13.0,3.180832987205441,0.0,0.0,0
10.0,2.5219280948873624,0.0,0.0,0
9.0,2.5032583347756456,0.0,0.0,0
8.0,2.75,0.0,0.0,0
13.0,2.7192945256669794,0.0,0.0,0
11.0,2.9139770731827523,0.0,0.0,0
14.0,3.182005814760214,0.0,0.0,0
10.0,2.721928094887362,0.0,0.0,0
12.0,2.8553885422075336,0.0,0.0,0
20.0,3.446439344671015,0.0,0.0,0
19.0,3.431623565847432,0.0,0.0,0
12.0,3.2516291673878226,0.0,0.0,0
17.0,3.454822399946607,0.35294117647058826,0.0,0
14.0,3.3248629576173574,0.0,0.0,0
20.0,3.4219280948873623,0.0,0.0,0
10.0,2.7219280948873625,0.0,0.0,0
12.0,3.2516291673878226,0.0,0.0,0
18.0,3.4613201402110083,0.0,0.0,0
13.0,3.3927474104487847,0.0,0.0,0
17.0,3.5724694587701364,0.058823529411764705,0.0,0
12.0,2.9182958340544896,0.0,0.0,0
16.0,2.85845859334435,0.0,0.0,0
13.0,3.238901256602631,0.0,0.0,0
18.0,3.6835423624332306,0.0,0.0,0
19.0,3.4713544870139303,0.0,0.0,0
13.0,3.238901256602631,0.0,0.0,0
12.0,3.084962500721156,0.0,0.0,0
19.0,3.2158411726837546,0.0,0.0,0
25.0,3.5630741894285696,0.0,0.0,0
13.0,3.238901256602631,0.0,0.0,0
13.0,3.546593564294939,0.0,0.0,0
12.0,3.084962500721156,0.0,0.0,0
10.0,2.6464393446710153,0.0,0.0,0
12.0,3.4182958340544896,0.0,0.0,0
12.0,3.188721875540867,0.0,0.0,0
14.0,2.8962915290459286,0.0,0.0,0
10.0,2.7219280948873625,0.0,0.0,0
12.0,3.084962500721156,0.0,0.0,0
10.0,2.9219280948873623,0.0,0.0,0
10.0,2.6464393446710153,0.0,0.0,0
14.0,3.039148671903071,0.0,0.0,0
15.0,3.373557262275185,0.0,0.0,0
8.0,2.5,0.0,0.0,0
13.0,3.085055102756477,0.0,0.0,0
12.0,3.084962500721156,0.0,0.0,0
16.0,3.327819531114783,0.0,0.0,0
8.0,2.5,0.0,0.0,0
16.0,3.327819531114783,0.0,0.0,0
10.0,2.7219280948873625,0.0,0.0,0
15.0,3.5068905956085183,0.0,0.0,0
12.0,2.9182958340544896,0.0,0.0,0
10.0,2.9219280948873623,0.0,0.0,0
24.0,3.636842188131012,0.0,0.0,0
10.0,2.721928094887362,0.0,0.0,0
15.0,3.4565647621309536,0.0,0.0,0
14.0,3.2359263506290334,0.0,0.0,0
14.0,3.039148671903071,0.0,0.0,0
9.0,2.94770277922009,0.0,0.0,0
14.0,2.8962915290459286,0.0,0.0,0
9.0,2.725480556997868,0.0,0.0,0
15.0,3.5068905956085183,0.06666666666666667,0.0,0
13.0,2.873140679513133,0.0,0.0,0
16.0,3.0243974703476995,0.0,0.0,0
13.0,3.0269868333592873,0.0,0.0,0
14.0,3.3248629576173574,0.0,0.0,0
8.0,2.25,0.0,0.0,0
12.0,3.084962500721156,0.0,0.0,0
10.0,2.9219280948873623,0.0,0.0,0
17.0,3.734521664779752,0.0,0.0,0
15.0,3.189898095464287,0.0,0.0,0
10.0,3.121928094887362,0.2,0.0,0
14.0,2.9502120649147474,0.0,0.0,0
11.0,2.845350936622437,0.0,0.0,0
14.0,3.2359263506290334,0.0,0.0,0
5.0,1.9219280948873623,0.2,0.0,0
16.0,3.5,0.0,0.0,0
9.0,2.725480556997868,0.0,0.0,0
10.0,2.9219280948873623,0.0,0.0,0
11.0,3.0957952550009344,0.0,0.0,0
14.0,3.2359263506290334,0.0,0.0,0
13.0,3.085055102756477,0.0,0.0,0
8.0,2.75,0.0,0.0,0
13.0,3.238901256602631,0.0,0.0,0
11.0,2.9139770731827523,0.0,0.0,0
12.0,3.0220552088742005,0.0,0.0,0
12.0,3.2516291673878226,0.0,0.0,0
8.0,2.5,0.0,0.0,0
17.0,3.2927701939369904,0.0,0.0,0
14.0,3.2359263506290334,0.0,0.0,0
17.0,3.381580488309164,0.0,0.0,0
15.0,3.373557262275185,0.0,0.0,0
27.0,3.8841550945958048,0.0,0.0,0
8.0,2.5,0.0,0.0,0
16.0,3.327819531114783,0.0,0.0,0
14.0,3.521640636343319,0.0,0.0,0
7.0,2.5216406363433186,0.0,0.0,0
11.0,3.0957952550009344,0.0,0.0,0
9.0,2.4193819456463714,0.1111111111111111,0.0,0
12.0,3.2516291673878226,0.0,0.0,0
13.0,3.238901256602631,0.0,0.0,0
11.0,3.0957952550009344,0.0,0.0,0
12.0,3.084962500721156,0.0,0.0,0
7.0,2.5216406363433186,0.0,0.0,0
11.0,2.9139770731827523,0.0,0.0,0
9.0,2.725480556997868,0.0,0.0,0
12.0,3.4182958340544896,0.08333333333333333,0.0,0
11.0,3.0957952550009344,0.0,0.0,0
10.0,2.7219280948873625,0.0,0.0,0
7.0,2.5216406363433186,0.14285714285714285,0.0,0
16.0,3.077819531114783,0.0,0.0,0
14.0,3.182005814760214,0.0,0.0,0
8.0,2.75,0.0,0.0,0
17.0,3.2639334294856344,0.0,0.0,0
15.0,3.3735572622751855,0.0,0.0,0
14.0,3.3248629576173574,0.0,0.0,0
14.0,3.521640636343319,0.0,0.0,0
11.0,2.845350936622437,0.0,0.0,0
15.0,3.5068905956085183,0.0,0.0,0
16.0,3.2806390622295662,0.0,0.0,0
14.0,3.3787834934861767,0.0,0.0,0
19.0,3.5368867237421693,0.0,0.0,0
16.0,3.375,0.0,0.0,0
13.0,3.238901256602631,0.0,0.0,0
6.0,2.2516291673878226,0.3333333333333333,0.0,0
18.0,3.2390979179887864,0.0,0.0,0
14.0,3.2359263506290334,0.0,0.0,0
13.0,3.238901256602631,0.15384615384615385,0.0,0
12.0,2.8553885422075336,0.0,0.0,0
16.0,3.452819531114783,0.0,0.0,0
12.0,3.0220552088742,0.0,0.0,0
13.0,3.238901256602631,0.0,0.0,0
12.0,2.9182958340544896,0.0,0.0,0
10.0,2.721928094887362,0.2,0.0,0
13.0,3.3927474104487847,0.0,0.0,0
14.0,3.2359263506290334,0.0,0.0,0
9.0,2.4193819456463714,0.0,0.0,0
14.0,3.039148671903071,0.0,0.0,0
13.0,2.8731406795131336,0.0,0.0,0
12.0,3.0220552088742005,0.0,0.0,0
17.0,3.734521664779752,0.23529411764705882,0.0,0
7.0,1.8423709931771088,0.0,0.0,0
10.0,2.9219280948873623,0.0,0.0,0
10.0,2.9219280948873623,0.0,0.0,0
10.0,3.121928094887362,0.0,0.0,0
16.0,3.5,0.0,0.0,0
15.0,3.5068905956085183,0.0,0.0,0
17.0,3.3371753411230776,0.0,0.0,0
15.0,3.373557262275185,0.0,0.0,0
10.0,2.7219280948873625,0.0,0.0,0
14.0,3.3787834934861767,0.0,0.0,0
14.0,3.182005814760214,0.0,0.0,0
16.0,3.327819531114783,0.0,0.0,0
11.0,3.0957952550009344,0.0,0.0,0
16.0,3.327819531114783,0.0,0.0,0
12.0,3.2516291673878226,0.0,0.0,0
12.0,3.084962500721156,0.16666666666666666,0.0,0
18.0,3.614369445886757,0.0,0.0,0
22.0,4.004886164091841,0.0,0.0,0
18.0,3.086048612313038,0.0,0.0,0
15.0,3.189898095464287,0.0,0.0,0
9.0,2.725480556997868,0.0,0.0,0
13.0,3.238901256602631,0.0,0.0,0
8.0,2.5,0.0,0.0,0
29.0,3.5350662373137696,0.0,0.0,0
23.0,3.6753108689123644,0.0,0.0,0
16.0,3.1556390622295662,0.0,0.0,0
18.0,3.266332639970623,0.0,0.0,0
21.0,3.3087513512471665,0.0,0.0,0
12.0,2.688721875540867,0.0,0.0,0
17.0,3.2639334294856344,0.0,0.0,0
10.0,2.446439344671015,0.0,0.0,0
16.0,3.452819531114783,0.0,0.0,0
16.0,3.202819531114783,0.0,0.0,0
12.0,3.084962500721156,0.0,0.0,0
14.0,2.9852281360342525,0.0,0.0,0
19.0,3.326360407952695,0.0,0.0,0
11.0,3.0957952550009344,0.0,0.0,0
18.0,3.6835423624332306,0.0,0.0,0
16.0,3.452819531114783,0.0,0.0,0
15.0,3.240223928941852,0.0,0.0,0
12.0,3.2516291673878226,0.0,0.0,0
8.0,2.5,0.0,0.0,0
13.0,3.238901256602631,0.0,0.0,0
12.0,3.4182958340544896,0.0,0.0,0
11.0,3.2776134368191165,0.0,0.0,0
19.0,3.4316235658474317,0.0,0.0,0
9.0,2.5032583347756456,0.0,0.0,0
10.0,2.721928094887362,0.0,0.0,0
22.0,3.5383105956150063,0.0,0.0,0
8.0,2.75,0.0,0.0,0
11.0,3.0957952550009344,0.0,0.0,0
7.0,2.2359263506290326,0.0,0.0,0
19.0,3.536886723742169,0.0,0.0,0
9.0,2.725480556997868,0.0,0.0,0
13.0,3.085055102756477,0.0,0.0,0
12.0,3.2516291673878226,0.0,0.0,0
6.0,1.9182958340544893,0.0,0.0,0
16.0,3.5,0.0,0.0,0
15.0,3.323231428797621,0.0,0.0,0
11.0,2.845350936622437,0.0,0.0,0
17.0,3.454822399946607,0.0,0.0,0
18.0,3.4193819456463714,0.05555555555555555,0.0,0
21.0,3.427333493898265,0.0,0.0,0
20.0,3.1464393446710153,0.0,0.0,0
16.0,3.5,0.0,0.0,0
13.0,3.238901256602631,0.0,0.0,0
13.0,2.9689185639620974,0.0,0.0,0
12.0,2.8553885422075336,0.0,0.0,0
9.0,2.725480556997868,0.0,0.0,0
11.0,3.0957952550009344,0.0,0.0,0
8.0,2.75,0.25,0.0,0
12.0,3.4182958340544896,0.0,0.0,0
9.0,2.94770277922009,0.0,0.0,0
17.0,3.381580488309164,0.0,0.0,0
16.0,2.952819531114783,0.0,0.0,0
17.0,3.381580488309164,0.0,0.0,0
9.0,2.725480556997868,0.0,0.0,0
13.0,3.238901256602631,0.0,0.0,0
11.0,2.9139770731827523,0.0,0.0,0
15.0,3.506890595608519,0.0,0.0,0
17.0,3.2195282822995477,0.0,0.0,0
15.0,3.2402239289418517,0.0,0.0,0
8.0,2.25,0.0,0.0,0
9.0,2.94770277922009,0.0,0.0,0
13.0,3.238901256602631,0.0,0.0,0
17.0,2.9842341646524893,0.0,0.0,0
12.0,2.688721875540867,0.0,0.0,0
17.0,3.454822399946607,0.0,0.0,0
16.0,3.1556390622295662,0.0,0.0,0
14.0,2.9852281360342516,0.0,0.0,0
14.0,3.182005814760214,0.0,0.0,0
14.0,3.182005814760214,0.0,0.0,0
16.0,3.327819531114783,0.0,0.0,0
11.0,2.9139770731827523,0.0,0.0,0
16.0,3.5,0.0,0.0,0
14.0,3.3248629576173574,0.0,0.0,0
11.0,3.095795255000934,0.0,0.0,0
12.0,2.8553885422075336,0.0,0.0,0
12.0,3.2516291673878226,0.0,0.0,0
15.0,3.640223928941852,0.0,0.0,0
10.0,2.721928094887362,0.0,0.0,0
10.0,2.9219280948873623,0.0,0.0,0
22.0,3.7321588913645702,0.0,0.0,0
19.0,3.6818808028034042,0.0,0.0,0
13.0,3.180832987205441,0.0,0.0,0
10.0,2.9219280948873623,0.0,0.0,0
13.0,3.238901256602631,0.0,0.0,0
18.0,3.197159723424149,0.0,0.0,0
19.0,3.366091329119193,0.0,0.0,0
20.0,3.621928094887362,0.0,0.0,0
25.0,3.893660689688185,0.0,0.0,0
11.0,3.095795255000934,0.0,0.0,0
15.0,3.456564762130954,0.0,0.0,0
14.0,3.128085278891395,0.0,0.0,0
12.0,3.0220552088742005,0.0,0.0,0
13.0,3.0269868333592873,0.07692307692307693,0.0,0
14.0,3.182005814760214,0.0,0.0,0
11.0,3.0957952550009344,0.2727272727272727,0.0,0
16.0,3.625,0.0,0.0,0
16.0,3.0306390622295662,0.0,0.0,0
12.0,3.084962500721156,0.0,0.0,0
14.0,3.2359263506290334,0.0,0.0,0
16.0,3.5,0.0,0.0,0
21.0,3.4632805178108104,0.0,0.0,0
16.0,3.452819531114783,0.0,0.0,0
11.0,3.0957952550009344,0.0,0.0,0
13.0,3.3927474104487847,0.0,0.0,0
12.0,3.2516291673878226,0.0,0.0,0
10.0,2.7219280948873625,0.0,0.0,0
18.0,3.5724312513221195,0.0,0.0,0
13.0,3.238901256602631,0.0,0.0,0
14.0,2.610577243331642,0.0,0.0,0
10.0,2.721928094887362,0.0,0.0,0
15.0,3.3735572622751855,0.0,0.0,0
16.0,3.202819531114783,0.0,0.0,0
11.0,2.663532754804255,0.0,0.0,0
18.0,3.4613201402110083,0.0,0.0,0
14.0,3.3787834934861767,0.0,0.0,0
13.0,3.238901256602631,0.0,0.0,0
13.0,3.0269868333592873,0.0,0.0,0
17.0,3.2639334294856344,0.0,0.0,0
16.0,3.625,0.0,0.0,0
17.0,3.4992275471326932,0.0,0.0,0
17.0,3.381580488309164,0.0,0.0,0
16.0,3.327819531114783,0.0,0.0,0
21.0,3.7256507561120933,0.0,0.0,0
18.0,3.350209029099897,0.0,0.0,0
15.0,3.3735572622751855,0.0,0.0,0
23.0,3.501397825434103,0.0,0.0,0
11.0,3.2776134368191165,0.0,0.0,0
19.0,3.221097250057958,0.0,0.0,0
18.0,3.5724312513221195,0.0,0.0,0
17.0,3.454822399946607,0.0,0.0,0
15.0,3.3735572622751855,0.0,0.0,0
12.0,3.2516291673878226,0.0,0.0,0
18.0,3.266332639970623,0.0,0.0,0
17.0,3.381580488309164,0.0,0.0,0
11.0,3.2776134368191165,0.0,0.0,0
15.0,3.323231428797621,0.0,0.0,0
10.0,3.121928094887362,0.0,0.0,0
11.0,2.9139770731827523,0.0,0.0,0
10.0,3.121928094887362,0.0,0.0,0
26.0,3.8731406795131327,0.0,0.0,0
15.0,3.240223928941852,0.0,0.0,0
16.0,3.75,0.0,0.0,0
24.0,3.4701755214643453,0.0,0.0,0
12.0,3.0220552088742005,0.0,0.0,0
19.0,3.6163485660751657,0.0,0.0,0
14.0,3.182005814760214,0.0,0.0,0
13.0,3.085055102756477,0.0,0.0,0
21.0,3.6537567082870015,0.0,0.0,0
18.0,3.725480556997868,0.0,0.0,0
8.0,2.75,0.0,0.0,0
12.0,3.084962500721156,0.0,0.0,0
19.0,3.6163485660751657,0.0,0.0,0
12.0,2.8553885422075336,0.0,0.0,0
11.0,2.845350936622437,0.0,0.0,0
12.0,3.084962500721156,0.0,0.0,0
11.0,3.0957952550009344,0.0,0.0,0
8.0,2.0,0.0,0.0,0
10.0,2.9219280948873623,0.0,0.0,0
19.0,3.6818808028034042,0.0,0.0,0
10.0,3.121928094887362,0.0,0.0,0
14.0,3.521640636343319,0.0,0.0,0
10.0,2.921928094887362,0.3,0.0,0
16.0,3.452819531114783,0.0,0.0,0
9.0,2.94770277922009,0.0,0.0,0
12.0,2.918295834054489,0.0,0.0,0
10.0,2.9219280948873623,0.0,0.0,0
8.0,2.75,0.0,0.0,0
10.0,2.721928094887362,0.0,0.0,0
13.0,3.0269868333592873,0.0,0.0,0
17.0,3.690116517593666,0.0,0.0,0
8.0,2.5,0.0,0.0,0
13.0,3.085055102756477,0.0,0.0,0
13.0,3.3927474104487847,0.0,0.0,0
12.0,3.2516291673878226,0.0,0.0,0
14.0,3.2359263506290334,0.0,0.0,0
12.0,2.8553885422075336,0.0,0.0,0
12.0,3.2516291673878226,0.0,0.0,0
16.0,3.202819531114783,0.0,0.0,0
17.0,3.3371753411230776,0.0,0.0,0
14.0,3.3248629576173574,0.0,0.0,0
20.0,3.5841837197791886,0.0,0.0,0
15.0,3.5068905956085192,0.0,0.0,0
12.0,2.688721875540867,0.0,0.0,0
9.0,2.4193819456463714,0.0,0.0,0
19.0,3.6818808028034047,0.0,0.0,0
13.0,3.546593564294939,0.0,0.0,0
16.0,3.077819531114783,0.0,0.0,0
15.0,3.139572261986723,0.0,0.0,0
11.0,3.2776134368191165,0.0,0.0,0
7.0,2.5216406363433186,0.0,0.0,0
14.0,3.182005814760214,0.0,0.0,0
9.0,2.725480556997868,0.0,0.0,0
13.0,2.6612262562697895,0.0,0.0,0
17.0,3.734521664779752,0.0,0.0,0
15.0,3.323231428797621,0.0,0.0,0
11.0,2.9139770731827523,0.0,0.0,0
8.0,2.5,0.0,0.0,0
12.0,3.2516291673878226,0.0,0.0,0
12.0,2.751629167387823,0.0,0.0,0
12.0,3.0220552088742005,0.0,0.0,0
11.0,3.0957952550009344,0.0,0.0,0
10.0,2.9219280948873623,0.0,0.0,0
19.0,3.7216117239699025,0.0,0.0,0
13.0,3.238901256602631,0.0,0.0,0
7.0,2.2359263506290326,0.0,0.0,0
14.0,3.2359263506290334,0.0,0.0,0
13.0,3.085055102756477,0.0,0.0,0
9.0,2.725480556997868,0.0,0.0,0
12.0,3.2516291673878226,0.0,0.0,0
13.0,3.3927474104487847,0.0,0.0,0
10.0,2.7219280948873625,0.0,0.0,0
20.0,3.446439344671015,0.0,0.0,0
16.0,3.327819531114783,0.0,0.0,0
13.0,2.8150724101159437,0.0,0.0,0
15.0,3.6402239289418516,0.0,0.0,0
13.0,3.3927474104487847,0.0,0.0,0
13.0,3.238901256602631,0.0,0.0,0
18.0,3.3921472236645345,0.0,0.0,0
19.0,3.471354487013931,0.0,0.0,0
10.0,2.9219280948873623,0.0,0.0,0
15.0,3.323231428797621,0.0,0.0,0
11.0,3.0957952550009344,0.0,0.0,0
15.0,3.5068905956085183,0.0,0.0,0
7.0,2.5216406363433186,0.0,0.0,0
13.0,2.8731406795131336,0.0,0.0,0
7.0,2.2359263506290326,0.0,0.0,0
18.0,3.350209029099897,0.0,0.0,0
8.0,2.75,0.0,0.0,0
21.0,3.653756708287001,0.0,0.0,0
8.0,2.75,0.0,0.0,0
19.0,3.5110854081804286,0.0,0.0,0
8.0,2.25,0.0,0.0,0
19.0,3.4713544870139303,0.0,0.0,0
14.0,3.3787834934861767,0.0,0.0,0
11.0,2.9139770731827523,0.0,0.0,0
17.0,3.6168746059562227,0.0,0.0,0
13.0,3.180832987205441,0.0,0.0,0
18.0,3.4193819456463714,0.0,0.0,0
10.0,2.721928094887362,0.0,0.0,0
13.0,3.085055102756477,0.0,0.0,0
19.0,3.5766176449086675,0.0,0.0,0
13.0,3.085055102756477,0.0,0.0,0
17.0,3.4992275471326932,0.0,0.0,0
13.0,3.238901256602631,0.0,0.0,0
11.0,2.481714572986073,0.0,0.0,0
13.0,2.66122625626979,0.0,0.0,0
8.0,2.5,0.125,0.0,0
13.0,3.3927474104487847,0.0,0.0,0
10.0,2.9219280948873623,0.0,0.0,0
20.0,3.321928094887362,0.0,0.0,0
19.0,3.47135448701393,0.0,0.0,0
11.0,3.2776134368191165,0.0,0.0,0
12.0,3.2516291673878226,0.0,0.0,0
10.0,3.121928094887362,0.0,0.0,0
13.0,3.0269868333592873,0.0,0.0,0
11.0,3.0957952550009344,0.0,0.0,0
9.0,2.503258334775646,0.0,0.0,0
13.0,3.238901256602631,0.0,0.0,0
19.0,3.8268748818646396,0.0,0.0,0
10.0,2.9219280948873623,0.0,0.0,0
11.0,3.0957952550009344,0.0,0.0,0
11.0,3.095795255000934,0.2727272727272727,0.0,0
12.0,3.2516291673878226,0.0,0.0,0
7.0,2.2359263506290326,0.0,0.0,0
10.0,3.121928094887362,0.0,0.0,0
11.0,3.2776134368191165,0.0,0.0,0
17.0,3.6168746059562227,0.0,0.0,0
16.0,3.5,0.0,0.0,0
14.0,3.521640636343319,0.0,0.0,0
15.0,3.373557262275185,0.0,0.0,0
14.0,2.9852281360342525,0.0,0.0,0
16.0,3.25,0.0,0.0,0
9.0,2.94770277922009,0.0,0.0,0
8.0,2.1556390622295662,0.0,0.0,0
18.0,3.3921472236645345,0.0,0.0,0
17.0,3.6168746059562227,0.0,0.0,0
12.0,3.084962500721156,0.0,0.0,0
15.0,3.189898095464287,0.0,0.0,0
9.0,2.94770277922009,0.0,0.0,0
9.0,2.94770277922009,0.0,0.0,0
19.0,3.4713544870139303,0.0,0.0,0
12.0,2.8553885422075336,0.0,0.0,0
17.0,3.381580488309164,0.0,0.0,0
7.0,2.5216406363433186,0.14285714285714285,0.0,0
13.0,3.180832987205441,0.0,0.0,0
9.0,2.725480556997868,0.0,0.0,0
17.0,3.4992275471326932,0.0,0.0,0
13.0,3.180832987205441,0.0,0.0,0
10.0,2.9219280948873623,0.0,0.0,0
13.0,3.3927474104487847,0.07692307692307693,0.0,0
11.0,3.0957952550009344,0.0,0.0,0
13.0,3.238901256602631,0.0,0.0,0
11.0,3.095795255000934,0.0,0.0,0
11.0,3.095795255000934,0.0,0.0,0
14.0,3.521640636343319,0.0,0.0,0
16.0,3.452819531114783,0.0,0.0,0
12.0,2.9182958340544896,0.0,0.0,0
18.0,3.5032583347756456,0.0,0.0,0
8.0,2.75,0.0,0.0,0
19.0,3.82687488186464,0.0,0.0,0
18.0,3.239097917988786,0.0,0.0,0
18.0,3.239097917988786,0.0,0.0,0
17.0,3.381580488309164,0.0,0.0,0
13.0,3.3927474104487847,0.0,0.0,0
14.0,3.182005814760214,0.0,0.0,0
12.0,3.084962500721156,0.0,0.0,0
21.0,3.8208888513501886,0.0,0.0,0
22.0,3.4251185503571393,0.0,0.0,0
19.0,3.6163485660751657,0.0,0.0,0
12.0,3.084962500721156,0.0,0.0,0
16.0,3.452819531114783,0.0,0.0,0
15.0,3.3232314287976203,0.0,0.0,0
8.0,2.75,0.0,0.0,0
20.0,3.621928094887362,0.0,0.0,0
10.0,2.9219280948873623,0.0,0.0,0
18.0,3.614369445886757,0.05555555555555555,0.0,0
15.0,3.5068905956085183,0.0,0.0,0
16.0,3.5,0.0,0.0,0
12.0,3.084962500721156,0.0,0.0,0
18.0,3.836591668108979,0.0,0.0,0
15.0,3.373557262275185,0.0,0.0,0
11.0,2.9139770731827523,0.0,0.0,0
14.0,3.521640636343319,0.0,0.0,0
10.0,2.4464393446710155,0.0,0.0,0
10.0,2.5219280948873624,0.0,0.0,0
12.0,3.2516291673878226,0.0,0.0,0
11.0,3.0957952550009344,0.0,0.0,0
9.0,2.725480556997868,0.0,0.0,0
11.0,3.0957952550009344,0.0,0.0,0
16.0,3.5,0.0,0.0,0
9.0,2.94770277922009,0.0,0.0,0
12.0,3.4182958340544896,0.0,0.0,0
7.0,2.2359263506290326,0.0,0.0,0
14.0,2.9852281360342525,0.0,0.0,0
10.0,2.9219280948873623,0.0,0.0,0
16.0,3.5,0.0,0.0,0
14.0,3.3787834934861767,0.0,0.0,0
11.0,3.0957952550009344,0.0,0.0,0
24.0,3.6887218755408675,0.0,0.0,1
24.0,3.8239348962840567,0.0,0.0,1
24.0,3.740601562950723,0.0,0.0,1
24.0,3.8035088547976788,0.0,0.0,1
81.0,5.122524583944772,0.09876543209876543,0.2345679012345679,1
24.0,3.8035088547976788,0.0,0.0,1
83.0,5.203251708862814,0.08433734939759036,0.3132530120481928,1
24.0,3.9701755214643457,0.0,0.0,1
79.0,5.179806222614177,0.11392405063291139,0.22784810126582278,1
24.0,3.8553885422075345,0.0,0.0,1
83.0,5.195830961697203,0.12048192771084337,0.21686746987951808,1
24.0,3.938721875540868,0.0,0.0,1
82.0,5.142323462035835,0.12195121951219512,0.21951219512195122,1
24.0,3.8868421881310122,0.0,0.0,1
81.0,5.261034225288891,0.13580246913580246,0.2345679012345679,1
24.0,4.053508854797679,0.0,0.0,1
78.0,5.17605189818301,0.14102564102564102,0.28205128205128205,1
24.0,3.938721875540868,0.0,0.0,1
84.0,5.109595923232875,0.11904761904761904,0.23809523809523808,1
24.0,3.7201755214643453,0.0,0.0,1
82.0,5.189571059364216,0.12195121951219512,0.2682926829268293,1
24.0,3.7201755214643453,0.0,0.0,1
24.0,3.8553885422075345,0.0,0.0,1
24.0,3.772055208874201,0.0,0.0,1
24.0,3.7091479170272454,0.0,0.0,1
24.0,3.6887218755408675,0.0,0.0,1
24.0,3.8239348962840567,0.0,0.0,1
24.0,3.740601562950723,0.0,0.0,1
24.0,3.8239348962840567,0.0,0.0,1
24.0,3.8035088547976788,0.0,0.0,1
24.0,3.938721875540868,0.0,0.0,1
24.0,3.8553885422075345,0.0,0.0,1
24.0,3.740601562950723,0.0,0.0,1
24.0,3.7201755214643453,0.0,0.0,1
24.0,3.8553885422075345,0.0,0.0,1
24.0,3.772055208874201,0.0,0.0,1
22.0,3.788754913993502,0.0,0.0,1
27.0,3.926571651178275,0.037037037037037035,0.0,1
48.0,4.573934896284057,0.08333333333333333,0.0,1
22.0,3.788754913993502,0.0,0.0,1
56.0,4.175496386606637,0.0,0.07142857142857142,1
60.0,4.102910079649727,0.0,0.05,1
72.0,5.627986806877677,0.013888888888888888,0.3611111111111111,1
32.0,4.601409765557392,0.34375,0.03125,1
22.0,3.9705730958116834,0.045454545454545456,0.045454545454545456,1
22.0,3.754441845713344,0.045454545454545456,0.0,1
22.0,3.788754913993502,0.045454545454545456,0.0,1
54.0,2.7130833860150223,0.0,0.5370370370370371,1
197.0,3.2823650684209786,0.005076142131979695,0.2893401015228426,1
168.0,3.0840839840477217,0.17261904761904762,0.3392857142857143,1
169.0,3.1552717045323146,0.005917159763313609,0.5088757396449705,1
140.0,2.9656989537441465,0.21428571428571427,0.40714285714285714,1
168.0,3.146887686917801,0.005952380952380952,0.5119047619047619,1
139.0,2.9561622395794207,0.20863309352517986,0.41007194244604317,1
140.0,3.0410633971882417,0.21428571428571427,0.6071428571428571,1
111.0,2.8507689388876853,0.2702702702702703,0.5045045045045045,1
168.0,3.1842419193052214,0.005952380952380952,0.5059523809523809,1
139.0,2.9561622395794207,0.20863309352517986,0.6115107913669064,1
140.0,1.4072359118772306,0.007142857142857143,0.8142857142857143,1
111.0,2.8259501325618883,0.2702702702702703,0.5045045045045045,1
25.0,3.9736606896881845,0.0,0.0,1
24.0,3.938721875540868,0.041666666666666664,0.0,1
24.0,4.022055208874201,0.041666666666666664,0.0,1
24.0,3.938721875540868,0.041666666666666664,0.0,1
24.0,3.8868421881310122,0.041666666666666664,0.0,1
24.0,3.938721875540868,0.041666666666666664,0.0,1
24.0,4.022055208874201,0.041666666666666664,0.0,1
24.0,3.938721875540868,0.041666666666666664,0.0,1
24.0,3.9701755214643457,0.041666666666666664,0.0,1
24.0,4.022055208874201,0.041666666666666664,0.0,1
24.0,4.1053885422075345,0.041666666666666664,0.0,1
26.0,3.53641423712223,0.0,0.0,1
26.0,3.53641423712223,0.0,0.0,1
21.0,3.4992275417233567,0.0,0.0,1
21.0,3.4992275417233567,0.0,0.0,1
24.0,4.022055208874201,0.041666666666666664,0.0,1
24.0,3.8868421881310122,0.041666666666666664,0.0,1
24.0,3.938721875540868,0.041666666666666664,0.0,1
24.0,4.022055208874201,0.041666666666666664,0.0,1
24.0,3.938721875540868,0.041666666666666664,0.0,1
24.0,3.8868421881310122,0.041666666666666664,0.0,1
24.0,3.938721875540868,0.041666666666666664,0.0,1
24.0,4.022055208874201,0.041666666666666664,0.0,1
24.0,3.938721875540868,0.041666666666666664,0.0,1
24.0,3.9701755214643457,0.041666666666666664,0.0,1
24.0,4.022055208874201,0.041666666666666664,0.0,1
24.0,4.022055208874201,0.041666666666666664,0.0,1
24.0,4.022055208874201,0.041666666666666664,0.0,1
24.0,3.8868421881310122,0.041666666666666664,0.0,1
24.0,3.938721875540868,0.041666666666666664,0.0,1
24.0,4.022055208874201,0.041666666666666664,0.0,1
24.0,3.938721875540868,0.041666666666666664,0.0,1
24.0,3.8868421881310122,0.041666666666666664,0.0,1
24.0,3.938721875540868,0.041666666666666664,0.0,1
24.0,4.022055208874201,0.041666666666666664,0.0,1
67.0,4.953711205189401,0.1044776119402985,0.14925373134328357,1
63.0,4.865548177193444,0.15873015873015872,0.1746031746031746,1
148.0,5.67948273822412,0.13513513513513514,0.34459459459459457,1
129.0,5.515174469238302,0.12403100775193798,0.35658914728682173,1
131.0,5.620836506056521,0.12213740458015267,0.37404580152671757,1
125.0,5.486712013689118,0.096,0.368,1
147.0,5.616282298220387,0.19047619047619047,0.2857142857142857,1
104.0,5.60040483358429,0.17307692307692307,0.3076923076923077,1
148.0,5.38493119739011,0.17567567567567569,0.27702702702702703,1
123.0,5.5566487784703105,0.22764227642276422,0.34146341463414637,1
127.0,5.530820935763407,0.18110236220472442,0.3464566929133858,1
154.0,5.493320550602222,0.11688311688311688,0.2857142857142857,1
156.0,5.610835652592733,0.11538461538461539,0.33974358974358976,1
119.0,5.382535365237196,0.1092436974789916,0.2689075630252101,1
172.0,5.500079550168568,0.10465116279069768,0.29651162790697677,1
131.0,5.529233452621406,0.19083969465648856,0.35877862595419846,1
128.0,5.699644750204106,0.1953125,0.3671875,1
127.0,5.54715191152047,0.1889763779527559,0.36220472440944884,1
141.0,5.6916437075872945,0.1276595744680851,0.3617021276595745,1
122.0,5.3825075517299235,0.10655737704918032,0.36885245901639346,1
169.0,5.412323459063919,0.11834319526627218,0.25443786982248523,1
146.0,5.556417046305487,0.1232876712328767,0.2808219178082192,1
149.0,5.580001259283001,0.19463087248322147,0.4161073825503356,1
124.0,5.669201754229971,0.14516129032258066,0.45161290322580644,1
122.0,5.485705014564211,0.1721311475409836,0.3770491803278688,1
91.0,5.306055668371323,0.16483516483516483,0.34065934065934067,1
156.0,5.459258751765261,0.17307692307692307,0.28846153846153844,1
161.0,5.518776293047999,0.06832298136645963,0.37888198757763975,1
151.0,5.512745015197045,0.10596026490066225,0.31788079470198677,1
132.0,5.476403233094399,0.23484848484848486,0.30303030303030304,1
153.0,5.597993029816188,0.2222222222222222,0.39215686274509803,1
110.0,5.5690120186492855,0.19090909090909092,0.3090909090909091,1
151.0,5.438916062391624,0.15894039735099338,0.31125827814569534,1
134.0,5.55811619854243,0.14925373134328357,0.417910447761194,1
132.0,5.560519922850157,0.12121212121212122,0.2878787878787879,1
151.0,5.655684147153826,0.16556291390728478,0.32450331125827814,1
147.0,5.575465971689772,0.1292517006802721,0.3129251700680272,1
129.0,5.528804391723884,0.11627906976744186,0.3488372093023256,1
170.0,5.362020798077332,0.09411764705882353,0.2529411764705882,1
140.0,5.69179328945767,0.17857142857142858,0.29285714285714287,1
148.0,5.452848955343485,0.10135135135135136,0.30405405405405406,1
155.0,5.483590092838925,0.1032258064516129,0.34838709677419355,1
154.0,5.511798801364541,0.08441558441558442,0.35064935064935066,1
110.0,5.417247272746001,0.18181818181818182,0.38181818181818183,1
175.0,5.416416553339804,0.08,0.28,1
133.0,5.693067939808896,0.08270676691729323,0.38345864661654133,1
129.0,5.579565992389129,0.17054263565891473,0.32558139534883723,1
87.0,5.25606555370871,0.09195402298850575,0.3793103448275862,1
151.0,5.465836138989442,0.11258278145695365,0.304635761589404,1
143.0,5.541596099823131,0.22377622377622378,0.38461538461538464,1
130.0,5.461023220821876,0.25384615384615383,0.3384615384615385,1
140.0,5.526171210831291,0.14285714285714285,0.2785714285714286,1
121.0,5.501185089310339,0.18181818181818182,0.3305785123966942,1
108.0,5.397086956316838,0.2037037037037037,0.37962962962962965,1
161.0,5.478219330467953,0.16149068322981366,0.30434782608695654,1
120.0,5.543017654585623,0.19166666666666668,0.2916666666666667,1
124.0,5.2535186178737945,0.1693548387096774,0.3387096774193548,1
151.0,5.288671916624557,0.16556291390728478,0.25165562913907286,1
135.0,5.412058861181414,0.22962962962962963,0.32592592592592595,1
104.0,5.3755579298799185,0.18269230769230768,0.3173076923076923,1
162.0,5.4176591035832,0.12962962962962962,0.25308641975308643,1
140.0,5.505481232601005,0.1357142857142857,0.22142857142857142,1
149.0,5.4888347564274715,0.22818791946308725,0.26174496644295303,1
152.0,5.430544090365209,0.14473684210526316,0.28289473684210525,1
138.0,5.526497102033227,0.14492753623188406,0.3115942028985507,1
93.0,5.4637473222011,0.11827956989247312,0.44086021505376344,1
171.0,5.449335191357831,0.14035087719298245,0.2631578947368421,1
130.0,5.5736309869838,0.16923076923076924,0.3384615384615385,1
126.0,5.610660257343341,0.1111111111111111,0.40476190476190477,1
144.0,5.519897310678804,0.16666666666666666,0.2847222222222222,1
132.0,5.6090530437332395,0.12878787878787878,0.3712121212121212,1
116.0,5.440931025774592,0.11206896551724138,0.29310344827586204,1
165.0,5.447122490362698,0.10909090909090909,0.3151515151515151,1
146.0,5.618323254540531,0.1506849315068493,0.3287671232876712,1
155.0,5.643551302641967,0.16129032258064516,0.3548387096774194,1
148.0,5.528196525213557,0.12837837837837837,0.3310810810810811,1
160.0,5.354965144226027,0.075,0.275,1
143.0,5.434176586543761,0.1258741258741259,0.32167832167832167,1
162.0,5.602889957602893,0.09876543209876543,0.3148148148148148,1
163.0,5.547678578981495,0.09815950920245399,0.36809815950920244,1
160.0,5.681098255116323,0.11875,0.34375,1
116.0,5.505333396352346,0.15517241379310345,0.3017241379310345,1
172.0,5.375173953818972,0.09302325581395349,0.26744186046511625,1
155.0,5.540699828384827,0.10967741935483871,0.2645161290322581,1
167.0,5.646767879799463,0.1497005988023952,0.2994011976047904,1
143.0,5.562663511938703,0.13286713286713286,0.3146853146853147,1
134.0,5.4739367477836565,0.1865671641791045,0.23880597014925373,1
115.0,5.415249512552597,0.1391304347826087,0.25217391304347825,1
157.0,5.419785998228252,0.10828025477707007,0.2484076433121019,1
138.0,5.590009468845711,0.10869565217391304,0.32608695652173914,1
122.0,5.525498071713989,0.1721311475409836,0.2540983606557377,1
119.0,5.65149636012978,0.1092436974789916,0.33613445378151263,1
115.0,5.540662986176456,0.20869565217391303,0.26956521739130435,1
111.0,5.403392190729315,0.14414414414414414,0.34234234234234234,1
156.0,5.419870171688924,0.10256410256410256,0.28846153846153844,1
150.0,5.607827381308468,0.18,0.31333333333333335,1
128.0,5.420358766127119,0.1640625,0.3203125,1
128.0,5.4312485872459755,0.1796875,0.328125,1
125.0,5.706583561332032,0.136,0.368,1
119.0,5.489285150146756,0.17647058823529413,0.36134453781512604,1
148.0,5.314197686848361,0.10810810810810811,0.2702702702702703,1
134.0,5.607587769311763,0.07462686567164178,0.34328358208955223,1
145.0,5.543842604667443,0.16551724137931034,0.3448275862068966,1
152.0,5.537930169290435,0.17763157894736842,0.34210526315789475,1
142.0,5.506856937616028,0.14084507042253522,0.33098591549295775,1
103.0,5.535981173163632,0.17475728155339806,0.39805825242718446,1
153.0,5.449985167632563,0.08496732026143791,0.28104575163398693,1
134.0,5.550799407562234,0.14925373134328357,0.29850746268656714,1
140.0,5.563750674608719,0.1357142857142857,0.29285714285714287,1
117.0,5.3047704637964355,0.11965811965811966,0.36752136752136755,1
122.0,5.442712289172106,0.1721311475409836,0.30327868852459017,1
99.0,5.464121807591824,0.15151515151515152,0.31313131313131315,1
149.0,5.252024684009972,0.10738255033557047,0.22818791946308725,1
146.0,5.539360710718685,0.1643835616438356,0.2876712328767123,1
155.0,5.581927954356201,0.14193548387096774,0.3161290322580645,1
135.0,5.5511025643900584,0.17037037037037037,0.362962962962963,1
137.0,5.609379324856566,0.16058394160583941,0.3357664233576642,1
114.0,5.438091883217062,0.08771929824561403,0.2982456140350877,1
154.0,5.525811054353199,0.11688311688311688,0.3246753246753247,1
143.0,5.434288561585745,0.06993006993006994,0.3776223776223776,1
154.0,5.604803242901125,0.09090909090909091,0.2922077922077922,1
147.0,5.672504492142088,0.1564625850340136,0.2857142857142857,1
146.0,5.523231437172015,0.07534246575342465,0.3698630136986301,1
109.0,5.538704797544406,0.14678899082568808,0.30275229357798167,1
180.0,5.356387403669584,0.1,0.3,1
129.0,5.573513906721482,0.18604651162790697,0.31007751937984496,1
149.0,5.514166551802086,0.1476510067114094,0.31543624161073824,1
148.0,5.611258944254856,0.11486486486486487,0.27702702702702703,1
129.0,5.5017222406064406,0.1937984496124031,0.3643410852713178,1
96.0,5.518258042451285,0.09375,0.34375,1
163.0,5.3499111741049985,0.1165644171779141,0.2331288343558282,1
154.0,5.5551182789114915,0.11038961038961038,0.3051948051948052,1
145.0,5.58030437347988,0.1310344827586207,0.2620689655172414,1
152.0,5.567149286793104,0.14473684210526316,0.34868421052631576,1
143.0,5.4768137998825805,0.11888111888111888,0.26573426573426573,1
121.0,5.462234316399622,0.11570247933884298,0.30578512396694213,1
155.0,5.393161056025592,0.0967741935483871,0.22580645161290322,1
142.0,5.484480620933587,0.13380281690140844,0.30985915492957744,1
128.0,5.480791090295163,0.0859375,0.375,1
134.0,5.504965754949724,0.16417910447761194,0.291044776119403,1
117.0,5.6209560916570425,0.13675213675213677,0.39316239316239315,1
152.0,5.4255290518563015,0.10526315789473684,0.24342105263157895,1
122.0,5.483856141702056,0.18032786885245902,0.39344262295081966,1
141.0,5.553459711449961,0.1773049645390071,0.3191489361702128,1
147.0,5.5829251075512225,0.1564625850340136,0.3197278911564626,1
141.0,5.51220948811107,0.1276595744680851,0.3404255319148936,1
113.0,5.4186055425484225,0.08849557522123894,0.3185840707964602,1
153.0,5.359681595279903,0.1437908496732026,0.26143790849673204,1
138.0,5.610999301832956,0.15942028985507245,0.37681159420289856,1
141.0,5.67210549835209,0.14184397163120568,0.3191489361702128,1
144.0,5.647074960968789,0.1388888888888889,0.2986111111111111,1
143.0,5.569050408066859,0.1258741258741259,0.32167832167832167,1
112.0,5.4758131011012745,0.16071428571428573,0.33035714285714285,1
165.0,5.427414473673014,0.10303030303030303,0.30303030303030304,1
152.0,5.678187711520587,0.17763157894736842,0.28289473684210525,1
127.0,5.5701415535562475,0.14960629921259844,0.29133858267716534,1
127.0,5.571917636148239,0.1732283464566929,0.36220472440944884,1
150.0,5.477762214612955,0.12,0.2866666666666667,1
109.0,5.469807779156083,0.12844036697247707,0.30275229357798167,1
170.0,5.476885759130061,0.12941176470588237,0.25882352941176473,1
137.0,5.627673028700921,0.0948905109489051,0.36496350364963503,1
139.0,5.515458814654292,0.15827338129496402,0.3237410071942446,1
151.0,5.580232621722497,0.152317880794702,0.271523178807947,1
133.0,5.5214219140697205,0.12030075187969924,0.2857142857142857,1
98.0,5.303449706727274,0.07142857142857142,0.42857142857142855,1
149.0,5.43936502219833,0.10738255033557047,0.2751677852348993,1
127.0,5.591525706980307,0.18110236220472442,0.3464566929133858,1
138.0,5.635961935442059,0.18115942028985507,0.30434782608695654,1
159.0,5.529254575946958,0.11320754716981132,0.3270440251572327,1
143.0,5.5332947641049985,0.11188811188811189,0.36363636363636365,1
100.0,5.433528005004741,0.11,0.31,1
166.0,5.374460322349757,0.12048192771084337,0.2710843373493976,1
137.0,5.483502591295716,0.17518248175182483,0.32116788321167883,1
139.0,5.585311375406425,0.11510791366906475,0.381294964028777,1
148.0,5.618997099847603,0.20945945945945946,0.35135135135135137,1
136.0,5.599273070103655,0.18382352941176472,0.3161764705882353,1
93.0,5.200239392881997,0.08602150537634409,0.3118279569892473,1
152.0,5.309676153998165,0.11842105263157894,0.2565789473684211,1
140.0,5.6000386421905475,0.10714285714285714,0.3357142857142857,1
138.0,5.535403624256655,0.08695652173913043,0.39855072463768115,1
134.0,5.495793366391269,0.16417910447761194,0.2835820895522388,1
99.0,5.318764640666942,0.20202020202020202,0.2727272727272727,1
167.0,5.402143136053929,0.1317365269461078,0.23952095808383234,1
134.0,5.601209015787336,0.1417910447761194,0.3656716417910448,1
116.0,5.4832825297609435,0.13793103448275862,0.4051724137931034,1
138.0,5.716537409925854,0.17391304347826086,0.3188405797101449,1
135.0,5.543120553287854,0.1037037037037037,0.3851851851851852,1
104.0,5.478970309708416,0.11538461538461539,0.3942307692307692,1
167.0,5.5617146040288725,0.11976047904191617,0.30538922155688625,1
151.0,5.484331147280136,0.11258278145695365,0.26490066225165565,1
137.0,5.665769969933576,0.17518248175182483,0.26277372262773724,1
139.0,5.475820145558414,0.2014388489208633,0.30935251798561153,1
142.0,5.409214679686093,0.056338028169014086,0.34507042253521125,1
104.0,5.372677195165213,0.18269230769230768,0.34615384615384615,1
165.0,5.391910682941195,0.10909090909090909,0.2545454545454545,1
129.0,5.435332636600084,0.13178294573643412,0.2558139534883721,1
147.0,5.625541859296055,0.11564625850340136,0.30612244897959184,1
161.0,5.762229884870333,0.15527950310559005,0.37267080745341613,1
150.0,5.580900047859749,0.14666666666666667,0.34,1
100.0,5.541726195689086,0.17,0.26,1
163.0,5.41517377878539,0.1165644171779141,0.24539877300613497,1
133.0,5.569711759684338,0.09022556390977443,0.3007518796992481,1
124.0,5.578830685838612,0.13709677419354838,0.3548387096774194,1
130.0,5.627449928694183,0.16923076923076924,0.34615384615384615,1
128.0,5.644024316776266,0.1171875,0.3671875,1
105.0,5.498543227268551,0.19047619047619047,0.3523809523809524,1
156.0,5.326686047559621,0.08333333333333333,0.2692307692307692,1
148.0,5.502429379753254,0.10810810810810811,0.2972972972972973,1
137.0,5.5481358246699735,0.10948905109489052,0.3357664233576642,1
154.0,5.74049543090268,0.13636363636363635,0.4090909090909091,1
151.0,5.5848897369823485,0.1390728476821192,0.2781456953642384,1
103.0,5.515187877531825,0.0970873786407767,0.32038834951456313,1
165.0,5.553201670655823,0.11515151515151516,0.32727272727272727,1
134.0,5.459079302670792,0.11940298507462686,0.31343283582089554,1
162.0,5.60350641112209,0.12962962962962962,0.38271604938271603,1
134.0,5.5890040006873365,0.15671641791044777,0.3358208955223881,1
134.0,5.576991758340794,0.1865671641791045,0.26865671641791045,1
108.0,5.4991198267673385,0.10185185185185185,0.3333333333333333,1
158.0,5.375727110491644,0.08860759493670886,0.25949367088607594,1
141.0,5.590198583305038,0.12056737588652482,0.3971631205673759,1
140.0,5.63167763892534,0.1357142857142857,0.3357142857142857,1
118.0,5.426460422589564,0.1016949152542373,0.4067796610169492,1
121.0,5.5711387541591835,0.1652892561983471,0.36363636363636365,1
109.0,5.378980856863513,0.22018348623853212,0.26605504587155965,1
158.0,5.4577173216512005,0.10126582278481013,0.27848101265822783,1
167.0,5.583274712529237,0.16167664670658682,0.2874251497005988,1
147.0,5.55938074735916,0.14285714285714285,0.3469387755102041,1
147.0,5.5585875863782315,0.16326530612244897,0.32653061224489793,1
148.0,5.5008438064825835,0.14864864864864866,0.2905405405405405,1
108.0,5.496669248003538,0.21296296296296297,0.2962962962962963,1
150.0,5.338187646315548,0.14666666666666667,0.26666666666666666,1
150.0,5.520751421384332,0.12666666666666668,0.3,1
148.0,5.522156977986658,0.13513513513513514,0.32432432432432434,1
143.0,5.63306683731583,0.13986013986013987,0.32167832167832167,1
131.0,5.561788128243468,0.19083969465648856,0.31297709923664124,1
103.0,5.61243071666778,0.1262135922330097,0.3300970873786408,1
159.0,5.474455560084081,0.1069182389937107,0.27044025157232704,1
129.0,5.528176918876797,0.14728682170542637,0.2868217054263566,1
111.0,5.468519218358445,0.14414414414414414,0.3153153153153153,1
120.0,5.489147709196371,0.14166666666666666,0.275,1
139.0,5.589024012418195,0.2733812949640288,0.3669064748201439,1
114.0,5.580537768809406,0.13157894736842105,0.35964912280701755,1
172.0,5.4488427588367445,0.0872093023255814,0.25,1
146.0,5.631644402154837,0.136986301369863,0.3287671232876712,1
139.0,5.524000225351172,0.1366906474820144,0.302158273381295,1
148.0,5.607663883608642,0.10810810810810811,0.35135135135135137,1
135.0,5.581663283049858,0.14074074074074075,0.32592592592592595,1
103.0,5.561127682540164,0.1650485436893204,0.32038834951456313,1
156.0,5.365010675484849,0.16025641025641027,0.3076923076923077,1
131.0,5.551964032993065,0.12213740458015267,0.2900763358778626,1
150.0,5.683460567761441,0.12,0.34,1
132.0,5.594097222134472,0.12878787878787878,0.3106060606060606,1
134.0,5.572536530416091,0.12686567164179105,0.3358208955223881,1
92.0,5.2397235436825085,0.16304347826086957,0.34782608695652173,1
172.0,5.52345364100372,0.1569767441860465,0.2558139534883721,1
126.0,5.5042324038971735,0.19047619047619047,0.40476190476190477,1
130.0,5.690256059743263,0.18461538461538463,0.38461538461538464,1
156.0,5.696008450527367,0.16666666666666666,0.2948717948717949,1
141.0,5.661120569120641,0.09929078014184398,0.3475177304964539,1
104.0,5.537038579105605,0.14423076923076922,0.2980769230769231,1
166.0,5.43931951661502,0.10843373493975904,0.2469879518072289,1
136.0,5.6007416799582135,0.14705882352941177,0.3382352941176471,1
139.0,5.652240396902685,0.15827338129496402,0.28776978417266186,1
144.0,5.497812720876262,0.16666666666666666,0.2986111111111111,1
143.0,5.467671841131193,0.13286713286713286,0.3706293706293706,1
110.0,5.6038775001367345,0.16363636363636364,0.3181818181818182,1
160.0,5.4111209160800575,0.1125,0.275,1
126.0,5.533395674061518,0.12698412698412698,0.3412698412698413,1
142.0,5.686158739510816,0.13380281690140844,0.3380281690140845,1
130.0,5.567947332590263,0.2,0.3384615384615385,1
138.0,5.548449052226077,0.10144927536231885,0.3333333333333333,1
108.0,5.468147808545612,0.1111111111111111,0.28703703703703703,1
171.0,5.4519865402815775,0.1111111111111111,0.26900584795321636,1
132.0,5.496200036519301,0.15151515151515152,0.29545454545454547,1
132.0,5.616676388735579,0.18181818181818182,0.3106060606060606,1
133.0,5.608712443952703,0.12781954887218044,0.3533834586466165,1
156.0,5.475351082150806,0.14102564102564102,0.25,1
132.0,5.53197804834493,0.14393939393939395,0.3181818181818182,1
137.0,5.602783178086196,0.15328467153284672,0.34306569343065696,1
132.0,5.544172294363392,0.20454545454545456,0.32575757575757575,1
136.0,5.725151125094565,0.125,0.375,1
103.0,5.563697221438131,0.1262135922330097,0.34951456310679613,1
167.0,5.528633489251908,0.11976047904191617,0.31736526946107785,1
135.0,5.615234164350889,0.15555555555555556,0.3111111111111111,1
162.0,5.52338017660761,0.13580246913580246,0.32098765432098764,1
131.0,5.632164318692887,0.10687022900763359,0.2824427480916031,1
146.0,5.728596305705665,0.15753424657534246,0.2876712328767123,1
99.0,5.457505423429667,0.18181818181818182,0.35353535353535354,1
152.0,5.366583005962419,0.11842105263157894,0.3157894736842105,1
137.0,5.538623897750411,0.12408759124087591,0.29927007299270075,1
153.0,5.556120238732918,0.11764705882352941,0.39215686274509803,1
139.0,5.406871879907523,0.1223021582733813,0.3237410071942446,1
154.0,5.630795086814491,0.14285714285714285,0.3116883116883117,1
108.0,5.428058974538565,0.1388888888888889,0.3333333333333333,1
166.0,5.506458469292694,0.13253012048192772,0.2891566265060241,1
138.0,5.574721899366949,0.13768115942028986,0.34782608695652173,1
137.0,5.351111344258368,0.11678832116788321,0.3795620437956204,1
143.0,5.378667006796229,0.11188811188811189,0.3706293706293706,1
150.0,5.316538525079334,0.11333333333333333,0.38,1
115.0,5.291713503714795,0.09565217391304348,0.3565217391304348,1
169.0,5.314173479755491,0.11242603550295859,0.2958579881656805,1
136.0,5.544958202839589,0.08823529411764706,0.35294117647058826,1
142.0,5.661442014128233,0.15492957746478872,0.24647887323943662,1
139.0,5.456719267629972,0.2302158273381295,0.381294964028777,1
128.0,5.445711207516467,0.109375,0.3046875,1
118.0,5.506560028641965,0.13559322033898305,0.3220338983050847,1
165.0,5.366924184921915,0.09696969696969697,0.2909090909090909,1
118.0,5.492345486240557,0.211864406779661,0.3220338983050847,1
130.0,5.539412671478366,0.16923076923076924,0.4230769230769231,1
137.0,5.621433955910604,0.15328467153284672,0.3357664233576642,1
154.0,5.5869143630169456,0.18831168831168832,0.2922077922077922,1
114.0,5.38865791809952,0.14035087719298245,0.41228070175438597,1
154.0,5.3820483675838435,0.09090909090909091,0.23376623376623376,1
144.0,5.675385918495216,0.1527777777777778,0.3541666666666667,1
144.0,5.586567714286864,0.1736111111111111,0.3680555555555556,1
128.0,5.485908449920582,0.109375,0.28125,1
136.0,5.619956224458854,0.17647058823529413,0.41911764705882354,1
114.0,5.50396710255326,0.16666666666666666,0.3333333333333333,1
154.0,5.411066984155328,0.18831168831168832,0.2597402597402597,1
142.0,5.594998180888115,0.11971830985915492,0.36619718309859156,1
141.0,5.634628813847525,0.14893617021276595,0.3333333333333333,1
139.0,5.595872030257941,0.17985611510791366,0.34532374100719426,1
130.0,5.565911467155722,0.16153846153846155,0.3769230769230769,1
110.0,5.503699772785337,0.15454545454545454,0.3090909090909091,1
156.0,5.28087225889672,0.12179487179487179,0.23717948717948717,1
142.0,5.62673224727316,0.176056338028169,0.352112676056338,1
133.0,5.557120992460972,0.13533834586466165,0.37593984962406013,1
137.0,5.6195021127975355,0.1386861313868613,0.39416058394160586,1
134.0,5.585659105638583,0.1417910447761194,0.34328358208955223,1
104.0,5.353198045655954,0.10576923076923077,0.2692307692307692,1
168.0,5.569638313452977,0.08928571428571429,0.30357142857142855,1
132.0,5.638795210997278,0.18181818181818182,0.3333333333333333,1
130.0,5.5651432712318,0.12307692307692308,0.33076923076923076,1
128.0,5.450250177132925,0.1796875,0.3046875,1
141.0,5.703673760610005,0.15602836879432624,0.2765957446808511,1
99.0,5.390282978661447,0.09090909090909091,0.30303030303030304,1
153.0,5.411995224235689,0.12418300653594772,0.3006535947712418,1
157.0,5.6229090263297214,0.15286624203821655,0.3184713375796178,1
132.0,5.5998160668478345,0.13636363636363635,0.3409090909090909,1
143.0,5.60721902279694,0.11888111888111888,0.40559440559440557,1
133.0,5.578758891397646,0.16541353383458646,0.39849624060150374,1
104.0,5.5127181462884804,0.17307692307692307,0.27884615384615385,1
148.0,5.384647245611735,0.10135135135135136,0.2972972972972973,1
146.0,5.705417689368309,0.1232876712328767,0.3424657534246575,1
146.0,5.609240675806896,0.1232876712328767,0.3356164383561644,1
125.0,5.663304285058295,0.136,0.312,1
136.0,5.528613948968095,0.1323529411764706,0.3088235294117647,1
107.0,5.436579986935894,0.102803738317757,0.34579439252336447,1
164.0,5.399968674260927,0.12804878048780488,0.2804878048780488,1
133.0,5.520933706804528,0.12781954887218044,0.44360902255639095,1
130.0,5.647674470871803,0.2153846153846154,0.33076923076923076,1
128.0,5.533088918805798,0.140625,0.4140625,1
144.0,5.5861168006322055,0.1736111111111111,0.2847222222222222,1
99.0,5.4939664383229685,0.1414141414141414,0.35353535353535354,1
153.0,5.405392173447819,0.1437908496732026,0.28104575163398693,1
131.0,5.515027082296349,0.19083969465648856,0.3893129770992366,1
121.0,5.5638611961324385,0.15702479338842976,0.4628099173553719,1
129.0,5.609799593396027,0.13953488372093023,0.3178294573643411,1
137.0,5.525483247679023,0.21897810218978103,0.3357664233576642,1
101.0,5.552778408576102,0.18811881188118812,0.32673267326732675,1
160.0,5.305549167157565,0.08125,0.325,1
125.0,5.305471837432689,0.184,0.376,1
142.0,5.484269369789701,0.19718309859154928,0.4225352112676056,1
141.0,5.73273135995363,0.1276595744680851,0.3262411347517731,1
137.0,5.499492580969754,0.17518248175182483,0.34306569343065696,1
113.0,5.4011350252826045,0.061946902654867256,0.30973451327433627,1
169.0,5.370583839907527,0.08875739644970414,0.28994082840236685,1
140.0,5.586930049593265,0.11428571428571428,0.35,1
160.0,5.627934271199594,0.10625,0.3,1
146.0,5.5280491733597605,0.07534246575342465,0.3287671232876712,1
157.0,5.415702961281593,0.07643312101910828,0.3184713375796178,1
116.0,5.410674344702808,0.10344827586206896,0.2672413793103448,1
161.0,5.2469988434068915,0.08695652173913043,0.21739130434782608,1
146.0,5.442628155537767,0.11643835616438356,0.2945205479452055,1
129.0,5.709448841243105,0.09302325581395349,0.3953488372093023,1
152.0,5.540328379662803,0.07894736842105263,0.3026315789473684,1
144.0,5.580452544000499,0.09027777777777778,0.2986111111111111,1
109.0,5.433110531449662,0.11926605504587157,0.26605504587155965,1
163.0,5.545994642635176,0.12269938650306748,0.294478527607362,1
127.0,5.564983899760554,0.11811023622047244,0.33858267716535434,1
124.0,5.466941145669843,0.10483870967741936,0.3467741935483871,1
151.0,5.529832904917729,0.15894039735099338,0.25165562913907286,1
156.0,5.488127299611528,0.10256410256410256,0.3782051282051282,1
100.0,5.441467880199454,0.06,0.32,1
166.0,5.4179242215289145,0.10843373493975904,0.26506024096385544,1
167.0,5.7110725209441355,0.17365269461077845,0.3772455089820359,1
142.0,5.489502054188495,0.09154929577464789,0.30985915492957744,1
145.0,5.496168298030088,0.07586206896551724,0.35172413793103446,1
153.0,5.61243345451557,0.10457516339869281,0.29411764705882354,1
123.0,5.539445177004564,0.06504065040650407,0.34959349593495936,1
161.0,5.450708282892562,0.09937888198757763,0.2484472049689441,1
146.0,5.563021652340893,0.13013698630136986,0.3219178082191781,1
126.0,5.375385857515753,0.0873015873015873,0.31746031746031744,1
158.0,5.641385359680654,0.13924050632911392,0.3037974683544304,1
131.0,5.507441445199472,0.1450381679389313,0.33587786259541985,1
107.0,5.327837257745242,0.102803738317757,0.29906542056074764,1
164.0,5.405834630319302,0.10975609756097561,0.2682926829268293,1
134.0,5.632842082634555,0.13432835820895522,0.27611940298507465,1
128.0,5.544251661048398,0.1328125,0.328125,1
136.0,5.6111086618274575,0.11029411764705882,0.375,1
141.0,5.664597342139599,0.16312056737588654,0.375886524822695,1
107.0,5.578816257486113,0.1588785046728972,0.34579439252336447,1
138.0,5.519296243629669,0.18840579710144928,0.2898550724637681,1
126.0,5.465220352904512,0.1746031746031746,0.30952380952380953,1
115.0,5.531457333776788,0.14782608695652175,0.3565217391304348,1
153.0,5.491902043663244,0.09803921568627451,0.2549019607843137,1
69.0,5.084913000501491,0.2028985507246377,0.2608695652173913,1
168.0,5.433252751176688,0.08333333333333333,0.30952380952380953,1
155.0,5.565551003595835,0.10967741935483871,0.2903225806451613,1
149.0,5.5634617059493765,0.1342281879194631,0.30201342281879195,1
148.0,5.605418356342293,0.16891891891891891,0.38513513513513514,1
137.0,5.604174627614253,0.12408759124087591,0.3795620437956204,1
115.0,5.619682338677179,0.13043478260869565,0.33043478260869563,1
146.0,5.355968716706298,0.10273972602739725,0.2808219178082192,1
139.0,5.394689660955221,0.09352517985611511,0.33093525179856115,1
151.0,5.553294373186544,0.0728476821192053,0.36423841059602646,1
131.0,5.559570616369781,0.12213740458015267,0.3282442748091603,1
165.0,5.5001428426623065,0.09696969696969697,0.22424242424242424,1
123.0,5.563676477747213,0.11382113821138211,0.3170731707317073,1
165.0,5.428511289106695,0.07878787878787878,0.3212121212121212,1
134.0,5.581395418533205,0.11194029850746269,0.34328358208955223,1
140.0,5.528979092890018,0.1,0.35,1
135.0,5.592965412200451,0.1111111111111111,0.3111111111111111,1
144.0,5.645770206644588,0.0763888888888889,0.3472222222222222,1
101.0,5.530356007521741,0.09900990099009901,0.38613861386138615,1
172.0,5.4540696060402825,0.11046511627906977,0.23837209302325582,1
134.0,5.46960101561271,0.06716417910447761,0.3880597014925373,1
143.0,5.524587683700548,0.07692307692307693,0.26573426573426573,1
147.0,5.50219454357299,0.11564625850340136,0.38095238095238093,1
131.0,5.604412623857775,0.16793893129770993,0.3511450381679389,1
92.0,5.149609477862363,0.25,0.22826086956521738,1
185.0,5.507536901285165,0.07567567567567568,0.31351351351351353,1
146.0,5.658290398126964,0.0958904109589041,0.2808219178082192,1
137.0,5.504340204232017,0.1386861313868613,0.29927007299270075,1
150.0,5.418172608398246,0.07333333333333333,0.26,1
158.0,5.609452565012195,0.10759493670886076,0.31645569620253167,1
104.0,5.449351891809799,0.07692307692307693,0.28846153846153844,1
164.0,5.404516144671214,0.0975609756097561,0.23780487804878048,1
141.0,5.519276597489436,0.0851063829787234,0.40425531914893614,1
145.0,5.4427545633246,0.041379310344827586,0.35172413793103446,1
145.0,5.5832185077332825,0.0896551724137931,0.3103448275862069,1
147.0,5.567675175582789,0.10884353741496598,0.29931972789115646,1
109.0,5.526897857381074,0.10091743119266056,0.3394495412844037,1
158.0,5.430707275117135,0.12658227848101267,0.310126582278481,1
142.0,5.53486336306459,0.1267605633802817,0.323943661971831,1
131.0,5.47594757482487,0.1297709923664122,0.32061068702290074,1
137.0,5.604174627614251,0.12408759124087591,0.3357664233576642,1
140.0,5.4783364536025765,0.12857142857142856,0.3,1
105.0,5.361738198919978,0.09523809523809523,0.3047619047619048,1
157.0,5.298584390817232,0.10828025477707007,0.2229299363057325,1
140.0,5.46725228172067,0.07857142857142857,0.34285714285714286,1
143.0,5.496908270973037,0.20279720279720279,0.3006993006993007,1
142.0,5.451222187405537,0.1267605633802817,0.29577464788732394,1
142.0,5.66389634895638,0.11267605633802817,0.33098591549295775,1
105.0,5.221215460804135,0.08571428571428572,0.20952380952380953,1
167.0,5.439308651121873,0.11976047904191617,0.2694610778443114,1
149.0,5.579893793303112,0.1610738255033557,0.31543624161073824,1
140.0,5.468729468117244,0.09285714285714286,0.3,1
156.0,5.58420012055687,0.14102564102564102,0.3076923076923077,1
158.0,5.583239214062345,0.10759493670886076,0.3227848101265823,1
94.0,5.5238031815757065,0.10638297872340426,0.3191489361702128,1
171.0,5.284686197682855,0.14619883040935672,0.26900584795321636,1
148.0,5.544239410987609,0.10135135135135136,0.3581081081081081,1
157.0,5.655414778226285,0.10828025477707007,0.3184713375796178,1
153.0,5.590128529699389,0.13725490196078433,0.33986928104575165,1
126.0,5.475562686142446,0.1746031746031746,0.3253968253968254,1
112.0,5.524776881952741,0.11607142857142858,0.32142857142857145,1
177.0,5.4255567377442935,0.1016949152542373,0.2711864406779661,1
140.0,5.459440967936377,0.11428571428571428,0.3142857142857143,1
135.0,5.648474764595443,0.15555555555555556,0.31851851851851853,1
158.0,5.624643569085122,0.08227848101265822,0.43670886075949367,1
139.0,5.591646515846974,0.16546762589928057,0.39568345323741005,1
93.0,5.207282640538487,0.0967741935483871,0.22580645161290322,1
162.0,5.392610607219187,0.10493827160493827,0.25308641975308643,1
133.0,5.5956647936255655,0.12030075187969924,0.44360902255639095,1
132.0,5.499669999053336,0.16666666666666666,0.3181818181818182,1
131.0,5.471640254849146,0.0916030534351145,0.366412213740458,1
139.0,5.586633091300068,0.1366906474820144,0.3381294964028777,1
109.0,5.4198550870638265,0.09174311926605505,0.29357798165137616,1
159.0,5.464432742200854,0.1761006289308176,0.2641509433962264,1
146.0,5.563595988225183,0.1232876712328767,0.2876712328767123,1
153.0,5.401051491180303,0.11764705882352941,0.35294117647058826,1
139.0,5.598514274425271,0.1366906474820144,0.37410071942446044,1
133.0,5.591176067746541,0.15037593984962405,0.2857142857142857,1
124.0,5.390586863215323,0.18548387096774194,0.22580645161290322,1
148.0,5.356965214367019,0.16891891891891891,0.25,1
133.0,5.554674165699373,0.18045112781954886,0.2857142857142857,1
156.0,5.051191061959464,0.10256410256410256,0.2692307692307692,1
143.0,5.3826516525979535,0.20279720279720279,0.27972027972027974,1
172.0,5.20176639214023,0.06976744186046512,0.31976744186046513,1
87.0,5.055736060284812,0.3103448275862069,0.3103448275862069,1
140.0,5.247161253769716,0.18571428571428572,0.2357142857142857,1
134.0,5.673115523424646,0.15671641791044777,0.39552238805970147,1
131.0,5.436724888775817,0.17557251908396945,0.2824427480916031,1
139.0,5.489606563112855,0.19424460431654678,0.3597122302158273,1
146.0,5.279061981749104,0.19863013698630136,0.273972602739726,1
102.0,5.567834258634258,0.17647058823529413,0.3137254901960784,1
148.0,5.2990519103606175,0.16891891891891891,0.20945945945945946,1
136.0,5.566991014768637,0.19852941176470587,0.38235294117647056,1
136.0,5.6320994925059376,0.22058823529411764,0.33088235294117646,1
135.0,5.453010945610963,0.14814814814814814,0.35555555555555557,1
123.0,5.504904648579251,0.17073170731707318,0.34146341463414637,1
119.0,5.541600801316358,0.12605042016806722,0.35294117647058826,1
168.0,5.416235375666318,0.10119047619047619,0.3333333333333333,1
139.0,5.620423494264242,0.15827338129496402,0.381294964028777,1
131.0,5.600371974903723,0.16793893129770993,0.37404580152671757,1
139.0,5.512535275398413,0.2014388489208633,0.3381294964028777,1
124.0,5.612907802686857,0.1935483870967742,0.3548387096774194,1
93.0,5.610087542356336,0.21505376344086022,0.34408602150537637,1
171.0,5.33185050555095,0.13450292397660818,0.2573099415204678,1
153.0,5.449057883127668,0.0784313725490196,0.35947712418300654,1
157.0,5.507196770049745,0.08917197452229299,0.39490445859872614,1
144.0,5.6350430614489895,0.125,0.4444444444444444,1
136.0,5.506411375375047,0.19852941176470587,0.33088235294117646,1
106.0,5.530808633906768,0.1509433962264151,0.3018867924528302,1
149.0,5.438976830205641,0.12751677852348994,0.26174496644295303,1
147.0,5.59082483176027,0.14965986394557823,0.3741496598639456,1
150.0,5.511505941731578,0.1,0.36,1
138.0,5.388609513016149,0.14492753623188406,0.2608695652173913,1
152.0,5.690031586913879,0.11842105263157894,0.3881578947368421,1
106.0,5.502934875016359,0.1320754716981132,0.3113207547169811,1
175.0,5.3637377380608875,0.12,0.24,1
138.0,5.514529823378131,0.11594202898550725,0.2826086956521739,1
142.0,5.379688934721877,0.11971830985915492,0.2605633802816901,1
142.0,5.51848827235953,0.1267605633802817,0.3380281690140845,1
139.0,5.57361603076297,0.09352517985611511,0.3237410071942446,1
111.0,5.345154411930128,0.16216216216216217,0.36936936936936937,1
161.0,5.370444751829191,0.10559006211180125,0.2857142857142857,1
140.0,5.558059735450648,0.11428571428571428,0.3357142857142857,1
137.0,5.670739704101578,0.10948905109489052,0.45255474452554745,1
133.0,5.6250575521576405,0.17293233082706766,0.38345864661654133,1
140.0,5.409696164499455,0.15714285714285714,0.38571428571428573,1
109.0,5.582564605352901,0.2018348623853211,0.3486238532110092,1
151.0,5.498925294104342,0.17880794701986755,0.2781456953642384,1
127.0,5.580935329279942,0.2204724409448819,0.3464566929133858,1
131.0,5.627340391626098,0.1297709923664122,0.32061068702290074,1
123.0,5.551873603648162,0.1951219512195122,0.3252032520325203,1
120.0,5.563769529549564,0.10833333333333334,0.3416666666666667,1
108.0,5.553124076776235,0.18518518518518517,0.28703703703703703,1
152.0,5.133370657380956,0.17763157894736842,0.2236842105263158,1
147.0,5.475487291335895,0.1564625850340136,0.2925170068027211,1
128.0,5.519804515761498,0.1953125,0.2578125,1
129.0,5.310651605289185,0.2713178294573643,0.27906976744186046,1
155.0,5.504265145491642,0.13548387096774195,0.3161290322580645,1
110.0,5.362149404993252,0.15454545454545454,0.2818181818181818,1
175.0,5.511152167187297,0.10857142857142857,0.24,1
141.0,5.423992737063217,0.14184397163120568,0.3120567375886525,1
141.0,5.425934331824681,0.14893617021276595,0.3617021276595745,1
120.0,5.545223175473043,0.11666666666666667,0.3416666666666667,1
139.0,5.3340251387631135,0.11510791366906475,0.33093525179856115,1
99.0,5.484062903056845,0.1414141414141414,0.43434343434343436,1
158.0,5.426972525333699,0.11392405063291139,0.27848101265822783,1
142.0,5.679436074423611,0.14788732394366197,0.3591549295774648,1
129.0,5.649484984704274,0.17829457364341086,0.2868217054263566,1
142.0,5.536909095849475,0.11971830985915492,0.38028169014084506,1
137.0,5.620588131814885,0.17518248175182483,0.30656934306569344,1
104.0,5.4903582620645155,0.1346153846153846,0.2692307692307692,1
158.0,5.3358705236388975,0.11392405063291139,0.3227848101265823,1
139.0,5.641679742051169,0.1366906474820144,0.38848920863309355,1
155.0,5.61010390235142,0.16774193548387098,0.32903225806451614,1
137.0,5.615006331668004,0.145985401459854,0.32116788321167883,1
140.0,5.525687814196082,0.11428571428571428,0.35714285714285715,1
105.0,5.426070460845343,0.13333333333333333,0.3333333333333333,1
174.0,5.476624497021306,0.14367816091954022,0.28735632183908044,1
132.0,5.643069899761068,0.1893939393939394,0.3181818181818182,1
150.0,5.631225881337313,0.16,0.26666666666666666,1
138.0,5.706791192766823,0.13768115942028986,0.3188405797101449,1
133.0,5.5368957598602755,0.08270676691729323,0.3383458646616541,1
95.0,5.3976635405805125,0.22105263157894736,0.25263157894736843,1
165.0,5.3759743321841,0.11515151515151516,0.2727272727272727,1
135.0,5.587564997732299,0.14814814814814814,0.362962962962963,1
140.0,5.581258710168472,0.15,0.3357142857142857,1
131.0,5.4725997740787085,0.1450381679389313,0.3511450381679389,1
143.0,5.591968606941107,0.17482517482517482,0.26573426573426573,1
113.0,5.376731207009843,0.1592920353982301,0.2920353982300885,1
155.0,5.396430254101333,0.12903225806451613,0.25161290322580643,1
144.0,5.638961526149128,0.2361111111111111,0.2847222222222222,1
131.0,5.582055471999605,0.19083969465648856,0.2595419847328244,1
115.0,5.555752877424366,0.1826086956521739,0.3652173913043478,1
110.0,5.5773099683076195,0.14545454545454545,0.34545454545454546,1
84.0,5.352030780097164,0.21428571428571427,0.27380952380952384,1
151.0,5.441116976533476,0.13245033112582782,0.26490066225165565,1
136.0,5.571499676916334,0.10294117647058823,0.35294117647058826,1
139.0,5.497679652619491,0.16546762589928057,0.3597122302158273,1
121.0,5.5773774938464875,0.19008264462809918,0.2809917355371901,1
112.0,5.527888627895566,0.17857142857142858,0.3482142857142857,1
90.0,5.543141118715735,0.12222222222222222,0.3,1
151.0,5.442718008344199,0.10596026490066225,0.2913907284768212,1
120.0,5.646887599974872,0.15,0.3416666666666667,1
129.0,5.579365747823526,0.1937984496124031,0.34108527131782945,1
134.0,5.541388027496265,0.1417910447761194,0.3208955223880597,1
132.0,5.524058491090258,0.1590909090909091,0.3106060606060606,1
111.0,5.4842151424092265,0.18018018018018017,0.3063063063063063,1
162.0,5.566423705250543,0.16049382716049382,0.2716049382716049,1
138.0,5.579908765199237,0.13043478260869565,0.4057971014492754,1
133.0,5.5704626278806515,0.12781954887218044,0.2857142857142857,1
133.0,5.467210044941924,0.14285714285714285,0.3533834586466165,1
139.0,5.570692491507094,0.12949640287769784,0.28776978417266186,1
104.0,5.3011796847500205,0.14423076923076922,0.2980769230769231,1
151.0,5.341343019620106,0.1390728476821192,0.2251655629139073,1
152.0,5.490264955488877,0.1118421052631579,0.34210526315789475,1
146.0,5.48686127234936,0.14383561643835616,0.3219178082191781,1
148.0,5.545040910067149,0.07432432432432433,0.4189189189189189,1
138.0,5.5820137945865795,0.13768115942028986,0.36231884057971014,1
91.0,5.332039492290006,0.12087912087912088,0.37362637362637363,1
167.0,5.492107348712327,0.09580838323353294,0.30538922155688625,1
131.0,5.551201701160167,0.09923664122137404,0.3435114503816794,1
128.0,5.371721559180379,0.1640625,0.3125,1
148.0,5.668889518666887,0.1554054054054054,0.34459459459459457,1
150.0,5.598581901655717,0.12,0.3466666666666667,1
115.0,5.499679999026917,0.12173913043478261,0.3130434782608696,1
163.0,5.3408538502058,0.10429447852760736,0.24539877300613497,1
137.0,5.5644976854012596,0.145985401459854,0.3795620437956204,1
135.0,5.46529657234951,0.17777777777777778,0.34074074074074073,1
145.0,5.536392153209127,0.09655172413793103,0.3931034482758621,1
132.0,5.538718100436691,0.1893939393939394,0.3712121212121212,1
104.0,5.650838607601946,0.16346153846153846,0.3557692307692308,1
149.0,5.316939558863074,0.09395973154362416,0.2483221476510067,1
145.0,5.662706696942457,0.1724137931034483,0.27586206896551724,1
137.0,5.6367614410938875,0.10948905109489052,0.43795620437956206,1
155.0,5.600615676628715,0.13548387096774195,0.41935483870967744,1
144.0,5.633428668634339,0.1597222222222222,0.375,1
106.0,5.470765917146387,0.08490566037735849,0.330188679245283,1
147.0,5.343033719995629,0.10884353741496598,0.2653061224489796,1
124.0,5.475653367133197,0.18548387096774194,0.31451612903225806,1
142.0,5.614511560699149,0.11267605633802817,0.33098591549295775,1
129.0,5.464412868573056,0.15503875968992248,0.26356589147286824,1
130.0,5.539090794709392,0.15384615384615385,0.3153846153846154,1
101.0,5.467728007924784,0.13861386138613863,0.3069306930693069,1
160.0,5.486422180906209,0.11875,0.28125,1
136.0,5.541918150546448,0.19117647058823528,0.34558823529411764,1
142.0,5.670667676551525,0.11267605633802817,0.34507042253521125,1
138.0,5.679723529770376,0.15942028985507245,0.35507246376811596,1
150.0,5.591803194682413,0.11333333333333333,0.4,1
115.0,5.436539782254393,0.08695652173913043,0.26956521739130435,1
150.0,5.352710132292586,0.13333333333333333,0.2733333333333333,1
136.0,5.605060404245897,0.11029411764705882,0.3235294117647059,1
144.0,5.629621401371721,0.2152777777777778,0.3055555555555556,1
140.0,5.578220899958455,0.20714285714285716,0.2857142857142857,1
160.0,5.64234993673995,0.10625,0.33125,1
107.0,5.336067019625956,0.16822429906542055,0.2803738317757009,1
154.0,5.304822807981897,0.09090909090909091,0.23376623376623376,1
151.0,5.6580103690628025,0.152317880794702,0.32450331125827814,1
129.0,5.532280213551068,0.10077519379844961,0.3643410852713178,1
137.0,5.702597572543917,0.1386861313868613,0.36496350364963503,1
144.0,5.477183339811076,0.06944444444444445,0.4027777777777778,1
100.0,5.546370130156187,0.17,0.35,1
159.0,5.4008097309785486,0.1320754716981132,0.2641509433962264,1
125.0,5.5103489612281855,0.128,0.288,1
148.0,5.699228876745759,0.1554054054054054,0.33783783783783783,1
146.0,5.699721351108247,0.1780821917808219,0.2945205479452055,1
137.0,5.602054233048899,0.17518248175182483,0.291970802919708,1
101.0,5.422883205816065,0.0891089108910891,0.40594059405940597,1
161.0,5.423295567912019,0.13043478260869565,0.2732919254658385,1
141.0,5.5210890808342175,0.18439716312056736,0.3404255319148936,1
139.0,5.504782962457427,0.16546762589928057,0.2517985611510791,1
153.0,5.541213866592436,0.12418300653594772,0.2875816993464052,1
144.0,5.607488824929409,0.11805555555555555,0.375,1
98.0,5.459012079154178,0.15306122448979592,0.29591836734693877,1
174.0,5.5688952582184985,0.12643678160919541,0.27011494252873564,1
147.0,5.521695219013864,0.1360544217687075,0.2789115646258503,1
121.0,5.480604717445274,0.05785123966942149,0.39669421487603307,1
138.0,5.586760331050735,0.13768115942028986,0.2753623188405797,1
145.0,5.650917000773172,0.14482758620689656,0.33793103448275863,1
109.0,5.33337873875905,0.09174311926605505,0.3944954128440367,1
159.0,5.220098780139329,0.14465408805031446,0.2138364779874214,1
137.0,5.7298628097228175,0.18248175182481752,0.36496350364963503,1
136.0,5.526529986466968,0.13970588235294118,0.25735294117647056,1
151.0,5.585231876703713,0.13245033112582782,0.3509933774834437,1
130.0,5.581994260349825,0.06153846153846154,0.3153846153846154,1
109.0,5.584755715054992,0.12844036697247707,0.3761467889908257,1
155.0,5.393434167348365,0.12903225806451613,0.24516129032258063,1
134.0,5.627834362760995,0.17164179104477612,0.3582089552238806,1
149.0,5.6938370211522,0.10738255033557047,0.35570469798657717,1
125.0,5.531589137484612,0.232,0.32,1
143.0,5.579315659985464,0.20279720279720279,0.3706293706293706,1
93.0,5.286433074935797,0.16129032258064516,0.26881720430107525,1
160.0,5.43442166623976,0.125,0.23125,1
138.0,5.5212140878796,0.09420289855072464,0.36231884057971014,1
141.0,5.659704037629719,0.1276595744680851,0.3404255319148936,1
138.0,5.62102885245074,0.11594202898550725,0.3695652173913043,1
141.0,5.717149892027662,0.14893617021276595,0.3404255319148936,1
105.0,5.425119361130012,0.22857142857142856,0.2857142857142857,1
162.0,5.438477245926096,0.12962962962962962,0.2839506172839506,1
126.0,5.572130471849108,0.15079365079365079,0.35714285714285715,1
137.0,5.734898984437364,0.17518248175182483,0.35036496350364965,1
131.0,5.583457903367667,0.13740458015267176,0.3435114503816794,1
128.0,5.389108766127119,0.1328125,0.296875,1
106.0,5.4317190729254685,0.16037735849056603,0.29245283018867924,1
155.0,5.2685473481307135,0.11612903225806452,0.27741935483870966,1
139.0,5.688839141777384,0.1366906474820144,0.2949640287769784,1
144.0,5.470326672675844,0.1388888888888889,0.3472222222222222,1
133.0,5.638299424657435,0.11278195488721804,0.3609022556390977,1
133.0,5.6424735341457355,0.15037593984962405,0.40601503759398494,1
99.0,5.424303842845798,0.13131313131313133,0.3333333333333333,1
167.0,5.489803811484704,0.09580838323353294,0.2934131736526946,1
138.0,5.51766173283849,0.06521739130434782,0.34057971014492755,1
163.0,5.648802197634081,0.147239263803681,0.4233128834355828,1
131.0,5.594342803865533,0.12213740458015267,0.32061068702290074,1
128.0,5.590166090295163,0.125,0.3515625,1
106.0,5.349494662690981,0.10377358490566038,0.3490566037735849,1
152.0,5.340958308617661,0.125,0.25,1
143.0,5.651906851647029,0.1958041958041958,0.3356643356643357,1
125.0,5.563868608715327,0.176,0.384,1
98.0,5.5008474410940735,0.16326530612244897,0.29591836734693877,1
160.0,5.364167672536398,0.13125,0.21875,1
135.0,5.681564671331503,0.15555555555555556,0.2740740740740741,1
137.0,5.448795383250727,0.15328467153284672,0.3357664233576642,1
129.0,5.717352329682286,0.15503875968992248,0.34108527131782945,1
139.0,5.717616120194647,0.20863309352517986,0.38848920863309355,1
104.0,5.545257357685156,0.17307692307692307,0.2980769230769231,1
161.0,5.515327090308139,0.13664596273291926,0.22981366459627328,1
150.0,5.497120028663223,0.13333333333333333,0.2733333333333333,1
133.0,5.573155632274506,0.13533834586466165,0.38345864661654133,1
146.0,5.534495645242396,0.136986301369863,0.2876712328767123,1
140.0,5.704004046204433,0.10714285714285714,0.4142857142857143,1
105.0,5.605639536771756,0.1523809523809524,0.34285714285714286,1
154.0,5.365531433159529,0.11688311688311688,0.2662337662337662,1
144.0,5.7423910607989965,0.11805555555555555,0.3888888888888889,1
131.0,5.5510254600433395,0.13740458015267176,0.3282442748091603,1
128.0,5.639108766127119,0.1640625,0.375,1
126.0,5.564936693514195,0.16666666666666666,0.30158730158730157,1
98.0,5.426917721728396,0.09183673469387756,0.3163265306122449,1
159.0,5.3321152121030595,0.14465408805031446,0.2578616352201258,1
123.0,5.546656095000124,0.18699186991869918,0.34146341463414637,1
122.0,5.533322813045,0.09836065573770492,0.36065573770491804,1
140.0,5.701400274943003,0.17857142857142858,0.4,1
140.0,5.652253242648457,0.15714285714285714,0.3142857142857143,1
112.0,5.558707855700778,0.15178571428571427,0.30357142857142855,1
167.0,5.416710152704183,0.09580838323353294,0.24550898203592814,1
158.0,5.609863524292388,0.15822784810126583,0.2911392405063291,1
135.0,5.522404023790596,0.14814814814814814,0.32592592592592595,1
151.0,5.702189405241987,0.15894039735099338,0.39072847682119205,1
134.0,5.372612490072788,0.208955223880597,0.291044776119403,1
94.0,5.251360197805106,0.1595744680851064,0.2553191489361702,1
153.0,5.299757839632643,0.1111111111111111,0.26143790849673204,1
140.0,5.6030114355800205,0.16428571428571428,0.32857142857142857,1
122.0,5.575496969009974,0.1721311475409836,0.30327868852459017,1
123.0,5.514555794983259,0.14634146341463414,0.3008130081300813,1
121.0,5.603371270935137,0.21487603305785125,0.32231404958677684,1
91.0,5.385388426051252,0.21978021978021978,0.21978021978021978,1
162.0,5.51163289651019,0.14814814814814814,0.29012345679012347,1
126.0,5.550061273030646,0.1349206349206349,0.3412698412698413,1
140.0,5.647574513848075,0.15714285714285714,0.42142857142857143,1
133.0,5.584869747887368,0.21052631578947367,0.2857142857142857,1
134.0,5.663630866358979,0.09701492537313433,0.3656716417910448,1
99.0,5.480380802283103,0.13131313131313133,0.3333333333333333,1
159.0,5.492181326861592,0.12578616352201258,0.3018867924528302,1
130.0,5.543951828907464,0.12307692307692308,0.3769230769230769,1
135.0,5.6254865938712895,0.0962962962962963,0.4222222222222222,1
125.0,5.595589137484614,0.16,0.328,1
134.0,5.603184109119353,0.11940298507462686,0.34328358208955223,1
88.0,5.276034283553007,0.09090909090909091,0.3522727272727273,1
155.0,5.427917896173824,0.10967741935483871,0.2645161290322581,1
129.0,5.521854027753034,0.16279069767441862,0.31007751937984496,1
115.0,5.551490051375033,0.1565217391304348,0.2956521739130435,1
139.0,5.551103551649854,0.16546762589928057,0.30935251798561153,1
134.0,5.567387605521367,0.1791044776119403,0.291044776119403,1
100.0,5.44472215979238,0.15,0.36,1
154.0,5.434506208015308,0.1038961038961039,0.24025974025974026,1
144.0,5.600791341871474,0.1111111111111111,0.3541666666666667,1
137.0,5.473705262789966,0.12408759124087591,0.34306569343065696,1
138.0,5.714366421445205,0.15217391304347827,0.39855072463768115,1
137.0,5.528332587281675,0.1386861313868613,0.3357664233576642,1
102.0,5.391616920878992,0.13725490196078433,0.30392156862745096,1
159.0,5.573036636546184,0.10062893081761007,0.29559748427672955,1
130.0,5.660255024897955,0.15384615384615385,0.36153846153846153,1
133.0,5.598862488583479,0.16541353383458646,0.3383458646616541,1
124.0,5.586737540607532,0.13709677419354838,0.3467741935483871,1
136.0,5.510493408918752,0.16176470588235295,0.25,1
107.0,5.4773699680256165,0.17757009345794392,0.24299065420560748,1
158.0,5.360513230282268,0.14556962025316456,0.26582278481012656,1
133.0,5.6903271279547605,0.14285714285714285,0.3458646616541353,1
130.0,5.556333678710824,0.19230769230769232,0.35384615384615387,1
143.0,5.564694938899915,0.22377622377622378,0.35664335664335667,1
152.0,5.722627760876926,0.19078947368421054,0.3223684210526316,1
104.0,5.564488126915926,0.1346153846153846,0.34615384615384615,1
155.0,5.375865226470648,0.2,0.2064516129032258,1
133.0,5.657002289567319,0.13533834586466165,0.3458646616541353,1
136.0,5.616849243085738,0.19117647058823528,0.3235294117647059,1
136.0,5.508901790284146,0.15441176470588236,0.2867647058823529,1
145.0,5.650228273393103,0.1724137931034483,0.2896551724137931,1
95.0,5.384557093234866,0.16842105263157894,0.3684210526315789,1
151.0,5.400245941902519,0.07947019867549669,0.32450331125827814,1
126.0,5.543277519282443,0.12698412698412698,0.30952380952380953,1
138.0,5.6859173918882995,0.13768115942028986,0.36231884057971014,1
128.0,5.488756324737771,0.125,0.3984375,1
131.0,5.6070939941498015,0.13740458015267176,0.2824427480916031,1
114.0,5.547771650445288,0.18421052631578946,0.3333333333333333,1
171.0,5.340906231043512,0.07017543859649122,0.3216374269005848,1
138.0,5.001529913816746,0.10869565217391304,0.39855072463768115,1
153.0,5.354227939406518,0.13725490196078433,0.33986928104575165,1
165.0,5.540573354559623,0.07272727272727272,0.3212121212121212,1
141.0,5.588485285998754,0.09219858156028368,0.3546099290780142,1
112.0,5.314725208423004,0.20535714285714285,0.41964285714285715,1
147.0,5.19111421622074,0.11564625850340136,0.22448979591836735,1
128.0,5.5340709267673045,0.078125,0.328125,1
137.0,5.547523758691094,0.0948905109489051,0.3357664233576642,1
135.0,5.472677775478025,0.13333333333333333,0.4222222222222222,1
136.0,5.637342459580913,0.19117647058823528,0.3014705882352941,1
107.0,5.544147977630536,0.16822429906542055,0.35514018691588783,1
156.0,5.488929919765437,0.09615384615384616,0.30128205128205127,1
128.0,5.474418801584494,0.1875,0.3671875,1
144.0,5.648059054372096,0.1111111111111111,0.3819444444444444,1
142.0,5.61164978635713,0.15492957746478872,0.3732394366197183,1
148.0,5.6003829951032555,0.16216216216216217,0.3310810810810811,1
109.0,5.616596769981772,0.10091743119266056,0.3302752293577982,1
158.0,5.481809900461315,0.11392405063291139,0.25316455696202533,1
142.0,5.662784468954595,0.176056338028169,0.38028169014084506,1
137.0,5.62887592677669,0.11678832116788321,0.35036496350364965,1
130.0,5.6163357484014425,0.12307692307692308,0.43846153846153846,1
134.0,5.752245067709182,0.19402985074626866,0.3283582089552239,1
105.0,5.433838584225969,0.19047619047619047,0.29523809523809524,1
151.0,5.526096090899052,0.1390728476821192,0.304635761589404,1
144.0,5.657850092804158,0.13194444444444445,0.3333333333333333,1
143.0,5.536497806444106,0.11888111888111888,0.32167832167832167,1
129.0,5.576539949555305,0.13178294573643412,0.32558139534883723,1
140.0,5.655939360824428,0.15714285714285714,0.2857142857142857,1
93.0,5.435619128494157,0.12903225806451613,0.34408602150537637,1
162.0,5.476906644007471,0.09876543209876543,0.3271604938271605,1
135.0,5.615523794108726,0.13333333333333333,0.4148148148148148,1
140.0,5.651076120960024,0.1357142857142857,0.40714285714285714,1
139.0,5.513439570499657,0.1366906474820144,0.3669064748201439,1
129.0,5.631729216832544,0.15503875968992248,0.3953488372093023,1
113.0,5.496966188320752,0.12389380530973451,0.34513274336283184,1
156.0,5.347620530363287,0.10897435897435898,0.21794871794871795,1
139.0,5.62304599769302,0.1079136690647482,0.38848920863309355,1
141.0,5.547809133562512,0.1276595744680851,0.3475177304964539,1
125.0,5.5562097094749925,0.168,0.336,1
117.0,5.454426660414619,0.17094017094017094,0.2564102564102564,1
100.0,5.434526659705843,0.14,0.36,1
147.0,5.31917748895825,0.12244897959183673,0.272108843537415,1
129.0,5.526428372449023,0.11627906976744186,0.3333333333333333,1
152.0,5.553229037443674,0.16447368421052633,0.3157894736842105,1
150.0,5.675825587576598,0.14666666666666667,0.36,1
138.0,5.679607497661656,0.09420289855072464,0.34782608695652173,1
112.0,5.662907908622554,0.1875,0.4017857142857143,1
161.0,5.461568065989589,0.09937888198757763,0.2608695652173913,1
138.0,5.555133316727546,0.11594202898550725,0.42028985507246375,1
130.0,5.527030821675004,0.2,0.3384615384615385,1
140.0,5.637069692512223,0.12142857142857143,0.36428571428571427,1
136.0,5.546000184090153,0.18382352941176472,0.33088235294117646,1
109.0,5.533291123546396,0.1743119266055046,0.3211009174311927,1
155.0,5.545840031495343,0.14193548387096774,0.2645161290322581,1
134.0,5.5948302622629065,0.21641791044776118,0.3805970149253731,1
136.0,5.700078260872382,0.18382352941176472,0.3602941176470588,1
128.0,5.472782981436012,0.15625,0.3671875,1
131.0,5.561788128243468,0.183206106870229,0.37404580152671757,1
104.0,5.421278002016107,0.10576923076923077,0.3557692307692308,1
163.0,5.298916330602252,0.08588957055214724,0.3619631901840491,1
147.0,5.493567332116251,0.16326530612244897,0.40816326530612246,1
135.0,5.451340112357756,0.16296296296296298,0.37037037037037035,1
148.0,5.68111500119835,0.16216216216216217,0.3716216216216216,1
144.0,5.429823485169173,0.10416666666666667,0.2708333333333333,1
99.0,5.3641204487040435,0.1111111111111111,0.37373737373737376,1
172.0,5.412684595482299,0.11046511627906977,0.29069767441860467,1
133.0,5.450476492391677,0.10526315789473684,0.3308270676691729,1
160.0,5.512270287282867,0.075,0.36875,1
148.0,5.4836874272194756,0.11486486486486487,0.3108108108108108,1
145.0,5.569565705137736,0.09655172413793103,0.3448275862068966,1
121.0,5.417501642871722,0.1322314049586777,0.2809917355371901,1
171.0,5.522715784379135,0.16374269005847952,0.2573099415204678,1
143.0,5.486331215259854,0.1048951048951049,0.2517482517482518,1
139.0,5.517800022994524,0.08633093525179857,0.35251798561151076,1
148.0,5.596221359868484,0.10810810810810811,0.30405405405405406,1
144.0,5.671981578247487,0.125,0.3055555555555556,1
109.0,5.3825621369145535,0.11009174311926606,0.22018348623853212,1
164.0,5.534849968709981,0.10975609756097561,0.29878048780487804,1
132.0,5.599059510256091,0.09848484848484848,0.3712121212121212,1
147.0,5.647902107444375,0.1564625850340136,0.3129251700680272,1
149.0,5.390652269963776,0.10067114093959731,0.3422818791946309,1
145.0,5.609537690428343,0.15172413793103448,0.36551724137931035,1
113.0,5.5157776663656435,0.10619469026548672,0.3805309734513274,1
150.0,5.344168214497568,0.1,0.3,1
143.0,5.574148701445885,0.11188811188811189,0.3356643356643357,1
137.0,5.583877408262965,0.12408759124087591,0.3357664233576642,1
132.0,5.5779934568384695,0.19696969696969696,0.32575757575757575,1
139.0,5.667115760420159,0.15827338129496402,0.31654676258992803,1
108.0,5.591473238351014,0.12037037037037036,0.35185185185185186,1
176.0,5.451414924785974,0.14204545454545456,0.2727272727272727,1
131.0,5.561292467432243,0.1297709923664122,0.3511450381679389,1
143.0,5.6255121837392155,0.11888111888111888,0.4405594405594406,1
133.0,5.409243834832547,0.08270676691729323,0.3458646616541353,1
151.0,5.600738104454019,0.12582781456953643,0.33112582781456956,1
112.0,5.547241672529847,0.11607142857142858,0.2857142857142857,1
187.0,5.473492193773858,0.10695187165775401,0.22994652406417113,1
151.0,5.569739074116159,0.09271523178807947,0.2913907284768212,1
128.0,5.397074000569727,0.1171875,0.296875,1
133.0,5.558868906485857,0.17293233082706766,0.3082706766917293,1
152.0,5.610932326477668,0.125,0.2894736842105263,1
115.0,5.366749942698194,0.0782608695652174,0.4,1
153.0,5.370746988995457,0.08496732026143791,0.3006535947712418,1
118.0,5.644887859121912,0.13559322033898305,0.3474576271186441,1
151.0,5.600567034593338,0.12582781456953643,0.3443708609271523,1
142.0,5.7556960844469245,0.11971830985915492,0.3873239436619718,1
133.0,5.648412040957786,0.10526315789473684,0.3233082706766917,1
98.0,5.389657676275301,0.15306122448979592,0.30612244897959184,1
112.0,5.513516837945241,0.16964285714285715,0.30357142857142855,1
110.0,5.445815482428436,0.15454545454545454,0.34545454545454546,1
143.0,5.61547203630439,0.09090909090909091,0.34265734265734266,1
148.0,5.639116735176572,0.07432432432432433,0.36486486486486486,1
104.0,5.595691131702815,0.17307692307692307,0.3076923076923077,1
176.0,5.441003225916878,0.1534090909090909,0.1875,1
143.0,5.514029816537423,0.08391608391608392,0.35664335664335667,1
137.0,5.533537284523987,0.15328467153284672,0.26277372262773724,1
130.0,5.587102909480055,0.18461538461538463,0.3230769230769231,1
143.0,5.55145560705542,0.13986013986013987,0.34965034965034963,1
109.0,5.57182076519979,0.1743119266055046,0.3119266055045872,1
168.0,5.38905181733117,0.10119047619047619,0.25,1
147.0,5.59223055295991,0.06802721088435375,0.3469387755102041,1
119.0,5.477085540783871,0.2184873949579832,0.3277310924369748,1
140.0,5.497898667831051,0.05,0.3142857142857143,1
155.0,5.633810818743081,0.12903225806451613,0.3935483870967742,1
112.0,5.5065706317982075,0.25,0.25,1
169.0,5.474055363091094,0.09467455621301775,0.27218934911242604,1
144.0,5.6492666890336,0.2013888888888889,0.3472222222222222,1
151.0,5.488178750663623,0.17880794701986755,0.25165562913907286,1
143.0,5.54728077809101,0.13986013986013987,0.2517482517482518,1
154.0,5.76211209023348,0.11688311688311688,0.2857142857142857,1
111.0,5.453262520038235,0.1891891891891892,0.3063063063063063,1
159.0,5.528708803085331,0.15723270440251572,0.24528301886792453,1
152.0,5.497524186066246,0.125,0.25,1
146.0,5.511298234640254,0.10273972602739725,0.363013698630137,1
165.0,5.617033487982323,0.11515151515151516,0.3939393939393939,1
125.0,5.586633813654503,0.2,0.36,1
112.0,5.44882833350027,0.10714285714285714,0.38392857142857145,1
153.0,5.239908635279125,0.12418300653594772,0.20261437908496732,1
145.0,5.557905363407497,0.11724137931034483,0.30344827586206896,1
137.0,5.632337332358221,0.12408759124087591,0.36496350364963503,1
133.0,5.519237748239247,0.13533834586466165,0.2932330827067669,1
145.0,5.515837325682603,0.09655172413793103,0.3310344827586207,1
101.0,5.249774854772858,0.10891089108910891,0.31683168316831684,1
167.0,5.508076620266753,0.11377245508982035,0.2934131736526946,1
131.0,5.590104967514819,0.12213740458015267,0.366412213740458,1
129.0,5.6291036631299285,0.15503875968992248,0.3798449612403101,1
148.0,5.624772457768367,0.07432432432432433,0.36486486486486486,1
149.0,5.498297236522889,0.08053691275167785,0.28187919463087246,1
101.0,5.4040699926488385,0.18811881188118812,0.3069306930693069,1
163.0,5.45624500776959,0.12883435582822086,0.3128834355828221,1
147.0,5.492300002914203,0.07482993197278912,0.36054421768707484,1
150.0,5.596170008229439,0.12666666666666668,0.4066666666666667,1
125.0,5.5467902137237335,0.08,0.376,1
145.0,5.509431898831427,0.1103448275862069,0.2827586206896552,1
119.0,5.446481923845909,0.058823529411764705,0.2689075630252101,1
163.0,5.236953965754952,0.12269938650306748,0.22699386503067484,1
160.0,5.536611469139515,0.11875,0.2875,1
129.0,5.673363399134165,0.12403100775193798,0.35658914728682173,1
148.0,5.586694944096748,0.12837837837837837,0.38513513513513514,1
145.0,5.704264155900823,0.14482758620689656,0.31724137931034485,1
112.0,5.469073034117673,0.07142857142857142,0.36607142857142855,1
161.0,5.359547609906343,0.11180124223602485,0.2360248447204969,1
142.0,5.660738736169713,0.07746478873239436,0.34507042253521125,1
151.0,5.6291940809286585,0.11258278145695365,0.3576158940397351,1
149.0,5.6359229910643425,0.174496644295302,0.3087248322147651,1
154.0,5.585467489468088,0.1038961038961039,0.36363636363636365,1
113.0,5.459225812157119,0.1504424778761062,0.30973451327433627,1
159.0,5.489470872534845,0.11320754716981132,0.2893081761006289,1
143.0,5.464990376449822,0.13986013986013987,0.2937062937062937,1
141.0,5.478486881712743,0.11347517730496454,0.3191489361702128,1
143.0,5.559708620562872,0.1258741258741259,0.2517482517482518,1
117.0,5.485278288401256,0.19658119658119658,0.3162393162393162,1
101.0,5.346295705880325,0.0891089108910891,0.297029702970297,1
179.0,5.407488604388837,0.11731843575418995,0.25139664804469275,1
144.0,5.552112655130541,0.14583333333333334,0.2777777777777778,1
135.0,5.59967960531304,0.13333333333333333,0.3333333333333333,1
139.0,5.601603911424343,0.1510791366906475,0.3381294964028777,1
132.0,5.506145400358436,0.1893939393939394,0.30303030303030304,1
106.0,5.567846049745001,0.1509433962264151,0.33962264150943394,1
158.0,5.409536528484564,0.10759493670886076,0.2468354430379747,1
141.0,5.6027832465023275,0.1702127659574468,0.3829787234042553,1
142.0,5.585457356339481,0.1619718309859155,0.352112676056338,1
141.0,5.623212923957899,0.15602836879432624,0.3191489361702128,1
143.0,5.5376502332719415,0.11888111888111888,0.36363636363636365,1
98.0,5.4415681409445185,0.14285714285714285,0.3163265306122449,1
148.0,5.367965712152216,0.1554054054054054,0.2702702702702703,1
152.0,5.620102702156704,0.09210526315789473,0.34210526315789475,1
140.0,5.582899628758837,0.10714285714285714,0.35714285714285715,1
143.0,5.640469984350528,0.08391608391608392,0.3356643356643357,1
159.0,5.285898787484997,0.09433962264150944,0.32075471698113206,1
96.0,5.268258042451283,0.22916666666666666,0.2708333333333333,1
159.0,5.37483381573093,0.1761006289308176,0.22641509433962265,1
160.0,4.774103971863719,0.11875,0.2,1
163.0,5.573443799473641,0.10429447852760736,0.3312883435582822,1
155.0,5.335392474300949,0.11612903225806452,0.32903225806451614,1
112.0,5.346474250114313,0.2767857142857143,0.33035714285714285,1
95.0,5.414607124521953,0.23157894736842105,0.30526315789473685,1
159.0,5.402067038044289,0.1320754716981132,0.2641509433962264,1
136.0,5.63228943036596,0.16911764705882354,0.35294117647058826,1
166.0,5.726822639359298,0.13855421686746988,0.37349397590361444,1
152.0,5.5696993891806335,0.1118421052631579,0.34868421052631576,1
138.0,5.604315037331488,0.14492753623188406,0.39855072463768115,1
106.0,5.513126530313116,0.1509433962264151,0.29245283018867924,1
162.0,5.433835501134297,0.12962962962962962,0.29012345679012347,1
154.0,5.68894195981698,0.18181818181818182,0.4025974025974026,1
146.0,5.635379590127331,0.1232876712328767,0.3767123287671233,1
155.0,5.4774312641783895,0.12903225806451613,0.36129032258064514,1
144.0,5.656885054697091,0.1597222222222222,0.3263888888888889,1
99.0,5.369072216337106,0.15151515151515152,0.2828282828282828,1
167.0,5.458960004081848,0.11377245508982035,0.24550898203592814,1
138.0,5.6433499789830295,0.15942028985507245,0.36231884057971014,1
132.0,5.435154419169728,0.12121212121212122,0.32575757575757575,1
147.0,5.5794801925454385,0.12244897959183673,0.35374149659863946,1
144.0,5.533965585324379,0.125,0.3194444444444444,1
111.0,5.304349682083453,0.09009009009009009,0.36036036036036034,1
168.0,5.5714627568247455,0.14285714285714285,0.2916666666666667,1
142.0,5.55051701465983,0.09859154929577464,0.4154929577464789,1
148.0,5.58820047468137,0.16216216216216217,0.36486486486486486,1
139.0,5.629381138133568,0.17985611510791366,0.4244604316546763,1
149.0,5.668505225777586,0.16778523489932887,0.3288590604026846,1
109.0,5.575402045250827,0.12844036697247707,0.3119266055045872,1
163.0,5.292678256700441,0.0736196319018405,0.26993865030674846,1
154.0,5.517077431184716,0.09090909090909091,0.3051948051948052,1
133.0,5.500026044765983,0.09774436090225563,0.3684210526315789,1
133.0,5.565101398390449,0.14285714285714285,0.2932330827067669,1
152.0,5.5455245731233465,0.13157894736842105,0.29605263157894735,1
123.0,5.465565294585188,0.08943089430894309,0.34146341463414637,1
171.0,5.260513728453867,0.10526315789473684,0.24561403508771928,1
142.0,5.4937703844475525,0.09154929577464789,0.33098591549295775,1
124.0,5.502628995906957,0.13709677419354838,0.3225806451612903,1
137.0,5.446558109626955,0.0948905109489051,0.35036496350364965,1
131.0,5.3687788724026735,0.1450381679389313,0.29770992366412213,1
94.0,5.3538652193306335,0.11702127659574468,0.30851063829787234,1
152.0,5.424872042184525,0.11842105263157894,0.25,1
135.0,5.539489257023608,0.17777777777777778,0.4,1
146.0,5.696712593157354,0.11643835616438356,0.4246575342465753,1
138.0,5.646178671197256,0.18840579710144928,0.32608695652173914,1
135.0,5.538439557393419,0.15555555555555556,0.3851851851851852,1
105.0,5.443548584308386,0.09523809523809523,0.3523809523809524,1
165.0,5.3931212692701616,0.15757575757575756,0.2727272727272727,1
143.0,5.6323492888349325,0.18181818181818182,0.32867132867132864,1
128.0,5.698864551218874,0.1875,0.34375,1
143.0,5.578973568130451,0.1258741258741259,0.3706293706293706,1
121.0,5.365381754553896,0.21487603305785125,0.3305785123966942,1
124.0,5.204348283136285,0.10483870967741936,0.25806451612903225,1
152.0,5.281709668714728,0.1513157894736842,0.32894736842105265,1
138.0,5.208871783759407,0.2028985507246377,0.32608695652173914,1
157.0,5.430256774164569,0.08280254777070063,0.2229299363057325,1
150.0,5.556556818163727,0.14666666666666667,0.30666666666666664,1
148.0,5.591795535327581,0.11486486486486487,0.27702702702702703,1
102.0,5.62704112154904,0.16666666666666666,0.4019607843137255,1
158.0,5.323126872016338,0.10759493670886076,0.2468354430379747,1
128.0,5.576406957150846,0.109375,0.390625,1
155.0,5.503386667960995,0.11612903225806452,0.2645161290322581,1
137.0,5.5463208606153245,0.11678832116788321,0.39416058394160586,1
132.0,5.555414290237361,0.18181818181818182,0.24242424242424243,1
124.0,5.654739181781157,0.14516129032258066,0.2903225806451613,1
146.0,5.34465717934737,0.0821917808219178,0.3013698630136986,1
128.0,5.509951977254936,0.1015625,0.390625,1
143.0,5.616785914784703,0.11188811188811189,0.34965034965034963,1
136.0,5.491567578362828,0.10294117647058823,0.3161764705882353,1
142.0,5.566647254486967,0.1267605633802817,0.30985915492957744,1
116.0,5.469767042739648,0.13793103448275862,0.35344827586206895,1
162.0,5.46529431528528,0.13580246913580246,0.24074074074074073,1
149.0,5.553938136223918,0.12080536912751678,0.30201342281879195,1
158.0,5.674745765040146,0.15822784810126583,0.34177215189873417,1
149.0,5.61059119568973,0.15436241610738255,0.38926174496644295,1
156.0,5.503078184453964,0.20512820512820512,0.3269230769230769,1
96.0,5.3590474954185305,0.08333333333333333,0.3645833333333333,1
173.0,5.42969737449666,0.10982658959537572,0.27167630057803466,1
137.0,5.6755208868172975,0.10218978102189781,0.40875912408759124,1
139.0,5.48268790413671,0.2014388489208633,0.33093525179856115,1
144.0,5.686321380791032,0.13194444444444445,0.3888888888888889,1
159.0,5.595028381321125,0.14465408805031446,0.36477987421383645,1
99.0,5.299409620859935,0.16161616161616163,0.2727272727272727,1
161.0,5.359423400830326,0.10559006211180125,0.2981366459627329,1
128.0,5.55299709447624,0.1484375,0.25,1
144.0,5.674513022529432,0.1527777777777778,0.375,1
137.0,5.649122707616101,0.15328467153284672,0.3357664233576642,1
131.0,5.491779894833625,0.12213740458015267,0.366412213740458,1
92.0,5.462162602885878,0.16304347826086957,0.2826086956521739,1
135.0,5.266941201323824,0.14074074074074075,0.2222222222222222,1
125.0,5.424103208819172,0.224,0.312,1
129.0,5.637781302500191,0.15503875968992248,0.3333333333333333,1
116.0,5.419963754175199,0.14655172413793102,0.3275862068965517,1
135.0,5.511530460647187,0.16296296296296298,0.3851851851851852,1
99.0,5.346196837483666,0.16161616161616163,0.36363636363636365,1
156.0,5.325303077231267,0.15384615384615385,0.25,1
114.0,5.510221870291835,0.13157894736842105,0.32456140350877194,1
136.0,5.480840896969561,0.125,0.375,1
147.0,5.616282298220385,0.17006802721088435,0.3401360544217687,1
134.0,5.516060437173774,0.16417910447761194,0.29850746268656714,1
86.0,5.138262941091536,0.1744186046511628,0.27906976744186046,1
159.0,5.510746575161747,0.1320754716981132,0.2641509433962264,1
155.0,5.620263299581082,0.13548387096774195,0.3870967741935484,1
117.0,5.523656279817267,0.1452991452991453,0.37606837606837606,1
128.0,5.49387368436319,0.1328125,0.359375,1
146.0,5.529148254481255,0.1232876712328767,0.3424657534246575,1
100.0,5.508625755048013,0.13,0.28,1
153.0,5.317430657719705,0.1568627450980392,0.2549019607843137,1
137.0,5.583148463225667,0.12408759124087591,0.4233576642335766,1
133.0,5.6008524322413,0.18796992481203006,0.3082706766917293,1
142.0,5.6081974976552065,0.1619718309859155,0.33098591549295775,1
129.0,5.475813449867777,0.10852713178294573,0.29457364341085274,1
101.0,5.552778408576102,0.16831683168316833,0.31683168316831684,1
163.0,5.443890671920462,0.07975460122699386,0.27607361963190186,1
138.0,5.615998982527832,0.12318840579710146,0.3188405797101449,1
146.0,5.538805169099182,0.19863013698630136,0.3219178082191781,1
128.0,5.516176441959075,0.1875,0.3046875,1
164.0,5.479896860330835,0.11585365853658537,0.36585365853658536,1
91.0,5.456709579849859,0.23076923076923078,0.34065934065934067,1
166.0,5.486519534468148,0.12048192771084337,0.25903614457831325,1
163.0,5.608968032245547,0.1411042944785276,0.25153374233128833,1
146.0,5.726783548811896,0.1643835616438356,0.4246575342465753,1
155.0,5.66754694820652,0.15483870967741936,0.2709677419354839,1
149.0,5.693574604928656,0.15436241610738255,0.3959731543624161,1
112.0,5.436613462480175,0.20535714285714285,0.30357142857142855,1
171.0,5.438635103414544,0.0935672514619883,0.2807017543859649,1
140.0,5.461331414411308,0.1357142857142857,0.37142857142857144,1
124.0,5.525577791208548,0.1532258064516129,0.29838709677419356,1
147.0,5.571689396438457,0.1360544217687075,0.3401360544217687,1
147.0,5.57948019254544,0.061224489795918366,0.3333333333333333,1
105.0,5.381982932434956,0.06666666666666667,0.3619047619047619,1
164.0,5.395547221042925,0.12195121951219512,0.2804878048780488,1
137.0,5.57763833547265,0.145985401459854,0.3795620437956204,1
130.0,5.500602044112082,0.1076923076923077,0.33076923076923076,1
138.0,5.615088134563536,0.13768115942028986,0.34782608695652173,1
141.0,5.680227817697673,0.1276595744680851,0.3191489361702128,1
97.0,5.327746961607156,0.17525773195876287,0.26804123711340205,1
147.0,5.2718157075109895,0.08843537414965986,0.2857142857142857,1
146.0,5.658448532279733,0.15753424657534246,0.3424657534246575,1
128.0,5.52512368436319,0.1171875,0.3515625,1
135.0,5.58952546074334,0.14074074074074075,0.37777777777777777,1
145.0,5.704533811192601,0.18620689655172415,0.35172413793103446,1
112.0,5.504556681001935,0.13392857142857142,0.38392857142857145,1
148.0,5.324290677208656,0.11486486486486487,0.2702702702702703,1
143.0,5.551973326783719,0.08391608391608392,0.38461538461538464,1
143.0,5.6000893024567,0.09090909090909091,0.3986013986013986,1
146.0,5.641966532577223,0.08904109589041095,0.3013698630136986,1
131.0,5.6105694986676165,0.183206106870229,0.3282442748091603,1
104.0,5.34084984839495,0.09615384615384616,0.36538461538461536,1
160.0,5.399985572462715,0.13125,0.25625,1
130.0,5.446535487469541,0.15384615384615385,0.3923076923076923,1
154.0,5.707883132387666,0.19480519480519481,0.34415584415584416,1
130.0,5.574721059676695,0.13846153846153847,0.4,1
133.0,5.48959881207491,0.15037593984962405,0.3383458646616541,1
106.0,5.417844780595098,0.07547169811320754,0.2830188679245283,1
145.0,5.361419805621939,0.14482758620689656,0.2620689655172414,1
140.0,5.553864403285476,0.16428571428571428,0.34285714285714286,1
138.0,5.614551656874065,0.13043478260869565,0.35507246376811596,1
148.0,5.562130943938644,0.1554054054054054,0.33783783783783783,1
137.0,5.601136736559316,0.13138686131386862,0.34306569343065696,1
100.0,5.528625755048013,0.13,0.33,1
166.0,5.5043746506445315,0.12650602409638553,0.28313253012048195,1
142.0,5.542633807062903,0.1619718309859155,0.31690140845070425,1
132.0,5.504876150365715,0.12878787878787878,0.32575757575757575,1
143.0,5.628222782081205,0.14685314685314685,0.35664335664335667,1
140.0,5.5735421711580715,0.21428571428571427,0.2785714285714286,1
111.0,5.445562042810548,0.13513513513513514,0.38738738738738737,1
153.0,5.456392258561796,0.09803921568627451,0.2875816993464052,1
137.0,5.667584933988223,0.18248175182481752,0.40875912408759124,1
133.0,5.504830628232528,0.13533834586466165,0.3383458646616541,1
138.0,5.586760331050735,0.13768115942028986,0.3333333333333333,1
126.0,5.476892376611012,0.1111111111111111,0.2619047619047619,1
114.0,5.57734015497958,0.14912280701754385,0.2982456140350877,1
158.0,5.41031471238592,0.16455696202531644,0.2088607594936709,1
146.0,5.598086141921466,0.136986301369863,0.3287671232876712,1
117.0,5.475710634736608,0.17094017094017094,0.36752136752136755,1
132.0,5.6812924873187685,0.1893939393939394,0.3484848484848485,1
147.0,5.6091708590529255,0.14965986394557823,0.2789115646258503,1
103.0,5.564917580846606,0.1262135922330097,0.33980582524271846,1
164.0,5.429600213529089,0.10365853658536585,0.2682926829268293,1
132.0,5.677086755788893,0.12878787878787878,0.4318181818181818,1
142.0,5.666350683784526,0.176056338028169,0.31690140845070425,1
141.0,5.6043829804681575,0.2198581560283688,0.2907801418439716,1
138.0,5.686828239852595,0.15942028985507245,0.3333333333333333,1
104.0,5.475841194715219,0.125,0.40384615384615385,1
162.0,5.305512357979747,0.1419753086419753,0.2345679012345679,1
138.0,5.571797058831383,0.14492753623188406,0.3333333333333333,1
138.0,5.561747624426219,0.18840579710144928,0.2826086956521739,1
136.0,5.539237797777328,0.125,0.36764705882352944,1
139.0,5.623950292794263,0.11510791366906475,0.35251798561151076,1
109.0,5.605173719542904,0.13761467889908258,0.3394495412844037,1
166.0,5.25800960876357,0.12048192771084337,0.22289156626506024,1
129.0,5.527976674311193,0.13178294573643412,0.3178294573643411,1
126.0,5.605976999678398,0.14285714285714285,0.29365079365079366,1
120.0,5.513554266641539,0.175,0.325,1
147.0,5.607370433838705,0.1564625850340136,0.3469387755102041,1
100.0,5.407627100346913,0.2,0.24,1
158.0,5.318271035973538,0.14556962025316456,0.2848101265822785,1
138.0,5.6523725333151775,0.16666666666666666,0.34782608695652173,1
134.0,5.604674638523977,0.15671641791044777,0.31343283582089554,1
125.0,5.470399213550656,0.176,0.328,1
141.0,5.615090604612318,0.11347517730496454,0.3617021276595745,1
103.0,5.335697770415177,0.1262135922330097,0.3106796116504854,1
151.0,5.430256410118256,0.1456953642384106,0.26490066225165565,1
134.0,5.639413608912438,0.16417910447761194,0.40298507462686567,1
133.0,5.448029665630076,0.08270676691729323,0.3609022556390977,1
143.0,5.671416092248448,0.15384615384615385,0.3356643356643357,1
135.0,5.548520967756007,0.13333333333333333,0.32592592592592595,1
105.0,5.438879774825786,0.13333333333333333,0.29523809523809524,1
170.0,5.329236858408326,0.1,0.23529411764705882,1
135.0,5.62063457881904,0.14814814814814814,0.37037037037037035,1
120.0,5.552020283431089,0.13333333333333333,0.39166666666666666,1
136.0,5.608238371198314,0.16176470588235295,0.34558823529411764,1
136.0,5.590117831148974,0.1323529411764706,0.36764705882352944,1
88.0,5.349786840322019,0.125,0.29545454545454547,1
159.0,5.463819882431411,0.10062893081761007,0.29559748427672955,1
135.0,5.64197224193931,0.1111111111111111,0.34074074074074073,1
123.0,5.534381501469011,0.17886178861788618,0.2845528455284553,1
122.0,5.623646993443803,0.13114754098360656,0.30327868852459017,1
136.0,5.517322724311551,0.1323529411764706,0.3602941176470588,1
109.0,5.517928077301372,0.12844036697247707,0.28440366972477066,1
152.0,5.350036676195197,0.125,0.3026315789473684,1
138.0,5.620745518991988,0.13768115942028986,0.34782608695652173,1
141.0,5.531336197416177,0.14184397163120568,0.3475177304964539,1
146.0,5.552680727653723,0.14383561643835616,0.3904109589041096,1
144.0,5.586567714286864,0.1388888888888889,0.3472222222222222,1
95.0,5.454977682033737,0.11578947368421053,0.3894736842105263,1
160.0,5.459288178466858,0.15,0.21875,1
146.0,5.641410990957716,0.13013698630136986,0.3972602739726027,1
147.0,5.649987185583537,0.14965986394557823,0.3877551020408163,1
135.0,5.571700483287288,0.11851851851851852,0.37037037037037035,1
122.0,5.6174593909670545,0.13934426229508196,0.3114754098360656,1
97.0,5.377197801629113,0.15463917525773196,0.28865979381443296,1
151.0,5.388107218220241,0.11258278145695365,0.2251655629139073,1
138.0,5.557304305208196,0.15942028985507245,0.37681159420289856,1
140.0,5.560384220874168,0.15714285714285714,0.3142857142857143,1
126.0,5.556257455976092,0.15873015873015872,0.3412698412698413,1
139.0,5.530450563137069,0.1079136690647482,0.37410071942446044,1
99.0,5.3478614540127625,0.16161616161616163,0.37373737373737376,1
160.0,5.466621220088721,0.13125,0.24375,1
143.0,5.626483970364514,0.0979020979020979,0.34265734265734266,1
134.0,5.540762258547708,0.14925373134328357,0.3358208955223881,1
144.0,5.584259811263115,0.16666666666666666,0.2986111111111111,1
144.0,5.592746095370978,0.09027777777777778,0.375,1
116.0,5.57549689193353,0.12931034482758622,0.35344827586206895,1
159.0,5.314132655640345,0.13836477987421383,0.2641509433962264,1
139.0,5.6317223464738,0.1366906474820144,0.35251798561151076,1
129.0,5.601896104956851,0.15503875968992248,0.2868217054263566,1
119.0,5.533227167515101,0.17647058823529413,0.3697478991596639,1
126.0,5.484984043346361,0.25396825396825395,0.31746031746031744,1
102.0,5.521854298478447,0.09803921568627451,0.38235294117647056,1
161.0,5.349262156740494,0.12422360248447205,0.2422360248447205,1
147.0,5.729819413430541,0.1292517006802721,0.2653061224489796,1
123.0,5.555496669120098,0.12195121951219512,0.37398373983739835,1
132.0,5.595345684531296,0.11363636363636363,0.3712121212121212,1
128.0,5.505161523723005,0.1640625,0.3359375,1
89.0,5.404002217648939,0.16853932584269662,0.24719101123595505,1
164.0,5.283782796745723,0.10975609756097561,0.2804878048780488,1
145.0,5.525353959281124,0.10344827586206896,0.296551724137931,1
136.0,5.644125022089758,0.13970588235294118,0.3088235294117647,1
131.0,5.55506610899739,0.16030534351145037,0.37404580152671757,1
135.0,5.636380482664025,0.11851851851851852,0.34814814814814815,1
94.0,5.400296368017872,0.13829787234042554,0.2872340425531915,1
162.0,5.368581371548202,0.15432098765432098,0.2716049382716049,1
128.0,5.538354102437746,0.1796875,0.2890625,1
127.0,5.518729545580023,0.15748031496062992,0.2992125984251969,1
131.0,5.62861933055006,0.1450381679389313,0.3893129770992366,1
157.0,5.719540100066599,0.1464968152866242,0.3821656050955414,1
106.0,5.449401176519123,0.05660377358490566,0.4056603773584906,1
162.0,5.386486199835085,0.13580246913580246,0.21604938271604937,1
138.0,5.590125500954433,0.18840579710144928,0.3333333333333333,1
139.0,5.538523652643706,0.1079136690647482,0.30935251798561153,1
159.0,5.649300019579555,0.12578616352201258,0.2893081761006289,1
153.0,5.506932085560824,0.1895424836601307,0.32679738562091504,1
96.0,5.403471063194471,0.13541666666666666,0.3125,1
160.0,5.489630384543566,0.125,0.24375,1
127.0,5.609814557347505,0.11023622047244094,0.29133858267716534,1
129.0,5.564062116420134,0.14728682170542637,0.37209302325581395,1
130.0,5.545665817573034,0.16923076923076924,0.3153846153846154,1
143.0,5.6372224777301785,0.13986013986013987,0.34965034965034963,1
102.0,5.397375219929231,0.12745098039215685,0.38235294117647056,1
153.0,5.324596199500487,0.1111111111111111,0.2222222222222222,1
151.0,5.63964077320188,0.16556291390728478,0.32450331125827814,1
133.0,5.524284361338723,0.18796992481203006,0.40601503759398494,1
143.0,5.486238428767931,0.1048951048951049,0.2727272727272727,1
133.0,5.586565706452653,0.13533834586466165,0.3458646616541353,1
101.0,5.4959928888383835,0.16831683168316833,0.3465346534653465,1
160.0,5.412062600406908,0.13125,0.25625,1
133.0,5.624500906133982,0.15037593984962405,0.3308270676691729,1
136.0,5.590307769009,0.10294117647058823,0.3235294117647059,1
141.0,5.59601290293932,0.12056737588652482,0.3829787234042553,1
129.0,5.472587162468352,0.14728682170542637,0.32558139534883723,1
111.0,5.609523582812529,0.15315315315315314,0.2972972972972973,1
158.0,5.451392085776255,0.13291139240506328,0.2468354430379747,1
119.0,5.52772278069112,0.14285714285714285,0.31092436974789917,1
137.0,5.593628325146687,0.12408759124087591,0.3722627737226277,1
145.0,5.60066212851246,0.13793103448275862,0.33793103448275863,1
154.0,5.580067064883874,0.17532467532467533,0.3051948051948052,1
104.0,4.983194142985629,0.125,0.40384615384615385,1
159.0,5.210685651716594,0.0880503144654088,0.3018867924528302,1
154.0,5.469278792230495,0.1038961038961039,0.36363636363636365,1
158.0,5.562231958245994,0.10126582278481013,0.36075949367088606,1
143.0,5.541303484578612,0.09090909090909091,0.35664335664335667,1
133.0,5.6198699135419075,0.15789473684210525,0.44360902255639095,1
105.0,5.487483613375883,0.1619047619047619,0.3142857142857143,1
169.0,5.336249749147,0.07692307692307693,0.2603550295857988,1
153.0,5.395844095872264,0.1437908496732026,0.24183006535947713,1
133.0,5.564907176217794,0.15789473684210525,0.2556390977443609,1
138.0,5.59531236678672,0.15217391304347827,0.38405797101449274,1
141.0,5.628269970214618,0.1347517730496454,0.3262411347517731,1
109.0,5.539620994517891,0.1743119266055046,0.3302752293577982,1
168.0,5.443066588603386,0.1130952380952381,0.25595238095238093,1
125.0,5.5276673375192305,0.112,0.376,1
135.0,5.531916709087963,0.18518518518518517,0.3037037037037037,1
139.0,5.536414026614124,0.19424460431654678,0.3237410071942446,1
145.0,5.6422195874708265,0.12413793103448276,0.4068965517241379,1
113.0,5.470163955015174,0.11504424778761062,0.2920353982300885,1
171.0,5.390395493640411,0.15204678362573099,0.23391812865497075,1
149.0,5.63224459236204,0.174496644295302,0.3288590604026846,1
147.0,5.626092498733296,0.12244897959183673,0.36054421768707484,1
129.0,5.6075477014932895,0.15503875968992248,0.3798449612403101,1
142.0,5.607149718744102,0.15492957746478872,0.38028169014084506,1
100.0,5.452271034814015,0.12,0.34,1
165.0,5.33975257934891,0.16363636363636364,0.24242424242424243,1
137.0,5.5835719777522606,0.16058394160583941,0.36496350364963503,1
149.0,5.592191067945979,0.1342281879194631,0.348993288590604,1
145.0,5.753522797728879,0.1793103448275862,0.3793103448275862,1
142.0,5.646654229127458,0.14788732394366197,0.352112676056338,1
95.0,5.62102439267392,0.18947368421052632,0.3368421052631579,1
166.0,5.460576724308771,0.13253012048192772,0.3253012048192771,1
130.0,5.588171874767883,0.2076923076923077,0.27692307692307694,1
143.0,5.583261526536653,0.1958041958041958,0.27972027972027974,1
141.0,5.5790599985027045,0.1347517730496454,0.40425531914893614,1
144.0,5.694337695947996,0.18055555555555555,0.3333333333333333,1
111.0,5.490198244994182,0.16216216216216217,0.3063063063063063,1
163.0,5.235143239104735,0.11042944785276074,0.18404907975460122,1
139.0,5.563939930274149,0.1079136690647482,0.4028776978417266,1
148.0,5.635521674530359,0.12837837837837837,0.3310810810810811,1
128.0,5.512548368156652,0.1328125,0.34375,1
131.0,5.446372742909394,0.1450381679389313,0.3435114503816794,1
105.0,5.581923108241536,0.11428571428571428,0.3047619047619048,1
167.0,5.4403693195588705,0.1437125748502994,0.25149700598802394,1
121.0,5.465726460752872,0.11570247933884298,0.3305785123966942,1
155.0,5.653729467883449,0.11612903225806452,0.33548387096774196,1
131.0,5.482350174376547,0.1450381679389313,0.3053435114503817,1
142.0,5.495521441317181,0.09859154929577464,0.34507042253521125,1
109.0,5.560397714760921,0.11009174311926606,0.3119266055045872,1
158.0,5.38793745571953,0.12658227848101267,0.25316455696202533,1
136.0,5.6158072618351795,0.125,0.3235294117647059,1
128.0,5.646091992608222,0.140625,0.328125,1
147.0,5.550293158154602,0.1292517006802721,0.29931972789115646,1
138.0,5.567333855825979,0.13043478260869565,0.34782608695652173,1
101.0,5.465107587068446,0.13861386138613863,0.31683168316831684,1
163.0,5.483401662352284,0.12883435582822086,0.26993865030674846,1
146.0,5.452017261817967,0.0958904109589041,0.3493150684931507,1
128.0,5.606876758165613,0.1640625,0.3828125,1
136.0,5.551550827488413,0.16911764705882354,0.38235294117647056,1
136.0,5.629229201876797,0.14705882352941177,0.33088235294117646,1
105.0,5.472552218190451,0.1523809523809524,0.38095238095238093,1
169.0,5.381178218261498,0.15976331360946747,0.2781065088757396,1
133.0,5.543637090328244,0.16541353383458646,0.3458646616541353,1
138.0,5.608894272445613,0.15942028985507245,0.30434782608695654,1
151.0,5.197754797916666,0.10596026490066225,0.4503311258278146,1
135.0,5.447708816093512,0.17037037037037037,0.31851851851851853,1
115.0,5.489077555993232,0.17391304347826086,0.3739130434782609,1
169.0,5.442177787807214,0.17159763313609466,0.28402366863905326,1
154.0,5.548769538465471,0.14935064935064934,0.3246753246753247,1
141.0,5.545337392104382,0.14184397163120568,0.24822695035460993,1
148.0,5.571393170404245,0.14189189189189189,0.38513513513513514,1
151.0,5.5227435251594725,0.16556291390728478,0.2582781456953642,1
110.0,5.483677273668259,0.13636363636363635,0.24545454545454545,1
185.0,5.386128520046618,0.0972972972972973,0.3081081081081081,1
150.0,5.487115544333551,0.10666666666666667,0.29333333333333333,1
158.0,5.5784614450613095,0.13291139240506328,0.3227848101265823,1
149.0,5.676754219514722,0.15436241610738255,0.28859060402684567,1
154.0,5.619254947376337,0.16233766233766234,0.35714285714285715,1
101.0,5.431346106531643,0.10891089108910891,0.31683168316831684,1
156.0,5.414614921250244,0.11538461538461539,0.2692307692307692,1
131.0,5.496855018116168,0.1450381679389313,0.2900763358778626,1
141.0,5.47949191327357,0.1276595744680851,0.28368794326241137,1
133.0,5.5508146726018,0.15037593984962405,0.3383458646616541,1
139.0,5.51457544791155,0.09352517985611511,0.43884892086330934,1
113.0,5.357369396189623,0.1592920353982301,0.20353982300884957,1
177.0,5.316773678662662,0.10734463276836158,0.288135593220339,1
144.0,5.487037589040892,0.09722222222222222,0.3333333333333333,1
142.0,5.5271427441036085,0.15492957746478872,0.2323943661971831,1
132.0,5.3916043740041655,0.06060606060606061,0.3560606060606061,1
161.0,5.517912128038117,0.09937888198757763,0.34782608695652173,1
121.0,5.410651052596428,0.08264462809917356,0.35537190082644626,1
172.0,5.445372785216182,0.12209302325581395,0.25,1
147.0,5.623455658169317,0.09523809523809523,0.35374149659863946,1
145.0,5.506224242212164,0.16551724137931034,0.33793103448275863,1
144.0,5.659237113222352,0.16666666666666666,0.2708333333333333,1
132.0,5.517583089785155,0.09848484848484848,0.3181818181818182,1
91.0,5.338524002903004,0.06593406593406594,0.2967032967032967,1
171.0,5.418352914992029,0.08187134502923976,0.30994152046783624,1
162.0,5.585725025188533,0.09259259259259259,0.3271604938271605,1
150.0,5.465700839043067,0.17333333333333334,0.25333333333333335,1
157.0,5.694845533546943,0.08280254777070063,0.35668789808917195,1
145.0,5.452077929145798,0.0896551724137931,0.30344827586206896,1
109.0,5.501328339552231,0.08256880733944955,0.3302752293577982,1
159.0,5.361627114661054,0.09433962264150944,0.27044025157232704,1
141.0,5.528979190072775,0.15602836879432624,0.2695035460992908,1
144.0,5.593197009025637,0.06944444444444445,0.3958333333333333,1
136.0,5.615447562311154,0.18382352941176472,0.36764705882352944,1
153.0,5.666619690172127,0.1111111111111111,0.35947712418300654,1
121.0,5.596941724749452,0.11570247933884298,0.36363636363636365,1
135.0,5.510289416209859,0.1259259259259259,0.32592592592592595,1
120.0,5.551188071180176,0.225,0.21666666666666667,1
131.0,5.557747479289419,0.15267175572519084,0.3511450381679389,1
144.0,5.6239282133964865,0.16666666666666666,0.3888888888888889,1
128.0,5.641176441959075,0.1640625,0.390625,1
99.0,5.17862016611212,0.1111111111111111,0.2222222222222222,1
146.0,5.328232986484597,0.0958904109589041,0.23972602739726026,1
129.0,5.659137019571222,0.14728682170542637,0.3333333333333333,1
128.0,5.5476282509353485,0.140625,0.3828125,1
115.0,5.574012577164453,0.1826086956521739,0.34782608695652173,1
122.0,5.540042641474789,0.13934426229508196,0.4098360655737705,1
42.0,4.719349267862324,0.07142857142857142,0.19047619047619047,1
161.0,5.383672591887008,0.08695652173913043,0.2857142857142857,1
140.0,5.696537035078597,0.15714285714285714,0.38571428571428573,1
141.0,5.67093672504443,0.10638297872340426,0.3617021276595745,1
142.0,5.701831714786753,0.11971830985915492,0.33098591549295775,1
123.0,5.566299924874319,0.17073170731707318,0.36585365853658536,1
105.0,5.419832155778166,0.12380952380952381,0.34285714285714286,1
174.0,5.403211801762692,0.10919540229885058,0.27011494252873564,1
138.0,5.404735581204622,0.10144927536231885,0.2898550724637681,1
141.0,5.500313629931165,0.10638297872340426,0.3262411347517731,1
139.0,5.651104519490791,0.18705035971223022,0.31654676258992803,1
165.0,5.657366954843255,0.13333333333333333,0.296969696969697,1
109.0,5.42260367798428,0.1743119266055046,0.30275229357798167,1
161.0,5.4501522465717125,0.09316770186335403,0.2981366459627329,1
152.0,5.514687652246806,0.13157894736842105,0.35526315789473684,1
146.0,5.641410990957716,0.136986301369863,0.3698630136986301,1
147.0,5.552269308191699,0.08843537414965986,0.30612244897959184,1
157.0,5.658950807283249,0.14012738853503184,0.28662420382165604,1
113.0,5.415379631251074,0.09734513274336283,0.4247787610619469,1
164.0,5.41364846295641,0.13414634146341464,0.2865853658536585,1
134.0,5.423042575631162,0.1865671641791045,0.2835820895522388,1
145.0,5.605579670044857,0.12413793103448276,0.3586206896551724,1
152.0,5.648816702002758,0.125,0.34210526315789475,1
145.0,5.678233552377946,0.15172413793103448,0.296551724137931,1
119.0,5.647945524274792,0.13445378151260504,0.3277310924369748,1
175.0,5.3397217489250695,0.10285714285714286,0.22857142857142856,1
151.0,5.674358445620276,0.08609271523178808,0.2913907284768212,1
162.0,5.635008899071229,0.11728395061728394,0.30246913580246915,1
146.0,5.512934063116469,0.10273972602739725,0.3356164383561644,1
143.0,5.460409802799098,0.06993006993006994,0.27972027972027974,1
113.0,5.3944546049094795,0.08849557522123894,0.24778761061946902,1
158.0,5.310476500292139,0.08860759493670886,0.23417721518987342,1
133.0,5.682152499852629,0.16541353383458646,0.3007518796992481,1
126.0,5.5552598605866255,0.11904761904761904,0.3968253968253968,1
146.0,5.59291567957788,0.14383561643835616,0.3150684931506849,1
148.0,5.5468291702461405,0.1554054054054054,0.30405405405405406,1
122.0,5.495435268725629,0.1557377049180328,0.30327868852459017,1
169.0,5.29912254542801,0.10059171597633136,0.28402366863905326,1
153.0,5.501025731916768,0.1503267973856209,0.29411764705882354,1
139.0,5.5322839688099545,0.07913669064748201,0.302158273381295,1
133.0,5.5966098839945335,0.12781954887218044,0.3233082706766917,1
150.0,5.638600194740104,0.08666666666666667,0.34,1
119.0,5.431136540579159,0.12605042016806722,0.3445378151260504,1
163.0,5.443220755889748,0.12269938650306748,0.2883435582822086,1
139.0,5.523814386869425,0.1079136690647482,0.302158273381295,1
137.0,5.554868879423277,0.10948905109489052,0.34306569343065696,1
155.0,5.592749347926306,0.14193548387096774,0.32903225806451614,1
151.0,5.487069207623628,0.09271523178807947,0.31125827814569534,1
105.0,5.455406798573496,0.10476190476190476,0.3142857142857143,1
172.0,5.453188625993562,0.12790697674418605,0.2441860465116279,1
152.0,5.665475050526701,0.125,0.3815789473684211,1
141.0,5.607315229488495,0.11347517730496454,0.3404255319148936,1
163.0,5.591612686090267,0.12269938650306748,0.27607361963190186,1
156.0,5.656118588177855,0.1282051282051282,0.3141025641025641,1
96.0,5.32185436565677,0.14583333333333334,0.25,1
153.0,5.317806691805201,0.09803921568627451,0.2549019607843137,1
141.0,5.554167977195418,0.10638297872340426,0.2695035460992908,1
148.0,5.602671484479184,0.0945945945945946,0.33783783783783783,1
149.0,5.568935886855185,0.11409395973154363,0.33557046979865773,1
140.0,5.602113599729499,0.1,0.3142857142857143,1
105.0,5.456976294158072,0.10476190476190476,0.3142857142857143,1
155.0,5.33522266898465,0.12903225806451613,0.2645161290322581,1
140.0,5.742182460261193,0.17142857142857143,0.3142857142857143,1
143.0,5.463233530582885,0.13986013986013987,0.3076923076923077,1
138.0,5.73072694630291,0.16666666666666666,0.37681159420289856,1
142.0,5.5253916872339826,0.06338028169014084,0.34507042253521125,1
122.0,5.592233395075273,0.13114754098360656,0.30327868852459017,1
160.0,5.277529480655237,0.13125,0.25,1
147.0,5.600258994671244,0.17006802721088435,0.3401360544217687,1
142.0,5.6031760644003,0.176056338028169,0.323943661971831,1
147.0,5.313674606223071,0.08843537414965986,0.30612244897959184,1
156.0,5.522211397171835,0.11538461538461539,0.26282051282051283,1
112.0,5.4535789493541955,0.08928571428571429,0.39285714285714285,1
172.0,4.97336508989548,0.11627906976744186,0.18604651162790697,1
137.0,5.530452981847026,0.24087591240875914,0.30656934306569344,1
126.0,5.42379748823091,0.20634920634920634,0.36507936507936506,1
151.0,4.725263266672023,0.11258278145695365,0.2582781456953642,1
168.0,5.3561506902992,0.11904761904761904,0.30952380952380953,1
116.0,5.401361280379913,0.15517241379310345,0.2672413793103448,1
140.0,5.293219939030668,0.14285714285714285,0.2785714285714286,1
126.0,5.541692353090223,0.24603174603174602,0.2857142857142857,1
128.0,5.612774316776265,0.0859375,0.3515625,1
141.0,5.5906590908672396,0.09929078014184398,0.3829787234042553,1
145.0,5.400175946833176,0.09655172413793103,0.31724137931034485,1
121.0,5.447546866205602,0.1487603305785124,0.2644628099173554,1
158.0,5.354511584395144,0.12025316455696203,0.2848101265822785,1
151.0,5.675852236939366,0.1986754966887417,0.33112582781456956,1
150.0,5.517888357765194,0.17333333333333334,0.38666666666666666,1
133.0,5.620815003910875,0.13533834586466165,0.38345864661654133,1
118.0,5.463288995326326,0.09322033898305085,0.288135593220339,1
109.0,5.333378738759047,0.12844036697247707,0.3302752293577982,1
154.0,5.374201295821783,0.09740259740259741,0.2792207792207792,1
151.0,5.488946153982256,0.10596026490066225,0.33112582781456956,1
131.0,5.529798597057641,0.183206106870229,0.3053435114503817,1
132.0,5.5839079951045765,0.18181818181818182,0.3560606060606061,1
136.0,5.54571268396289,0.21323529411764705,0.33088235294117646,1
108.0,5.5034197660887285,0.16666666666666666,0.3611111111111111,1
164.0,5.533219441459074,0.1524390243902439,0.29878048780487804,1
152.0,5.497037120795542,0.14473684210526316,0.3157894736842105,1
140.0,5.46833462863521,0.17142857142857143,0.42142857142857143,1
140.0,5.598148195715616,0.14285714285714285,0.3357142857142857,1
149.0,5.622907994103283,0.19463087248322147,0.3825503355704698,1
113.0,5.581123489244002,0.22123893805309736,0.2831858407079646,1
158.0,5.445204072936462,0.12025316455696203,0.3037974683544304,1
140.0,5.659969781658857,0.15714285714285714,0.32142857142857145,1
143.0,5.555855540503604,0.1258741258741259,0.2937062937062937,1
153.0,5.6729457484121815,0.1503267973856209,0.32679738562091504,1
152.0,5.504461580227384,0.13815789473684212,0.2631578947368421,1
111.0,5.446984447857874,0.10810810810810811,0.3153153153153153,1
181.0,5.4370901592111345,0.11049723756906077,0.2983425414364641,1
140.0,5.476514964547544,0.10714285714285714,0.32142857142857145,1
154.0,5.382849934671357,0.07792207792207792,0.2792207792207792,1
132.0,5.41628907829342,0.13636363636363635,0.3333333333333333,1
135.0,5.519822427156545,0.0962962962962963,0.4,1
107.0,5.408966730465022,0.1588785046728972,0.308411214953271,1
157.0,5.339371830268875,0.07643312101910828,0.25477707006369427,1
150.0,5.574796591692581,0.12,0.32666666666666666,1
132.0,5.540162256386263,0.1893939393939394,0.29545454545454547,1
138.0,5.608357794756142,0.18840579710144928,0.41304347826086957,1
131.0,5.522708620771993,0.19083969465648856,0.35877862595419846,1
107.0,5.5132129863772015,0.12149532710280374,0.3644859813084112,1
145.0,5.375324587099433,0.13793103448275862,0.2482758620689655,1
145.0,5.698879886582709,0.14482758620689656,0.3586206896551724,1
133.0,5.637548556461121,0.15037593984962405,0.41353383458646614,1
128.0,5.586134398540194,0.1953125,0.375,1
133.0,5.572961410101851,0.17293233082706766,0.3157894736842105,1
111.0,5.47307991589607,0.1981981981981982,0.2882882882882883,1
164.0,5.444411881702651,0.11585365853658537,0.27439024390243905,1
144.0,5.427093599834298,0.14583333333333334,0.2986111111111111,1
142.0,5.1985680897688304,0.2535211267605634,0.31690140845070425,1
158.0,5.550855217124969,0.18354430379746836,0.31645569620253167,1
154.0,5.641728037435166,0.12987012987012986,0.3246753246753247,1
102.0,5.550821145952792,0.14705882352941177,0.27450980392156865,1
163.0,5.3448045351537585,0.13496932515337423,0.25766871165644173,1
142.0,5.57914329329554,0.1619718309859155,0.34507042253521125,1
136.0,5.696900293919957,0.18382352941176472,0.3161764705882353,1
138.0,5.551646920779742,0.18115942028985507,0.34782608695652173,1
149.0,5.500153000442522,0.1610738255033557,0.38926174496644295,1
106.0,5.404543747253429,0.11320754716981132,0.32075471698113206,1
180.0,5.532333186158836,0.1111111111111111,0.2777777777777778,1
138.0,5.7149028991346755,0.13768115942028986,0.34057971014492755,1
128.0,5.514108766127119,0.125,0.4453125,1
137.0,5.5735860977942275,0.11678832116788321,0.3795620437956204,1
146.0,5.6154302107900484,0.17123287671232876,0.3698630136986301,1
103.0,5.349386212494956,0.10679611650485436,0.2621359223300971,1
154.0,5.245044578102966,0.11688311688311688,0.2857142857142857,1
155.0,5.632747612056757,0.13548387096774195,0.33548387096774196,1
150.0,5.5826644645696835,0.15333333333333332,0.2866666666666667,1
146.0,5.516182094381326,0.19863013698630136,0.2945205479452055,1
143.0,5.628061330428728,0.1888111888111888,0.32867132867132864,1
119.0,5.436289297319387,0.11764705882352941,0.3277310924369748,1
167.0,5.426035046792369,0.0658682634730539,0.2934131736526946,1
149.0,5.554851988688683,0.1342281879194631,0.2953020134228188,1
137.0,5.592777269203648,0.1678832116788321,0.36496350364963503,1
149.0,5.577835594876064,0.10738255033557047,0.35570469798657717,1
148.0,5.7030414369945435,0.13513513513513514,0.30405405405405406,1
111.0,5.542767641062825,0.15315315315315314,0.26126126126126126,1
172.0,5.414592571772711,0.12209302325581395,0.31976744186046513,1
137.0,5.535300605109288,0.1386861313868613,0.30656934306569344,1
151.0,5.6704229715854995,0.13245033112582782,0.36423841059602646,1
142.0,5.644495732743961,0.15492957746478872,0.352112676056338,1
145.0,5.624356894603358,0.1310344827586207,0.32413793103448274,1
100.0,5.4013077558894205,0.11,0.32,1
147.0,5.409021629563229,0.11564625850340136,0.2653061224489796,1
115.0,5.422822821095643,0.11304347826086956,0.3739130434782609,1
116.0,5.46431933200043,0.19827586206896552,0.3103448275862069,1
113.0,5.4855771929419666,0.12389380530973451,0.3805309734513274,1
114.0,5.3897364536821,0.10526315789473684,0.30701754385964913,1
114.0,5.473829022876246,0.17543859649122806,0.34210526315789475,1
153.0,5.408517649231511,0.11764705882352941,0.32679738562091504,1
118.0,5.457246253612792,0.1440677966101695,0.3559322033898305,1
123.0,5.478861815100633,0.14634146341463414,0.4065040650406504,1
134.0,5.51117221305397,0.16417910447761194,0.34328358208955223,1
134.0,5.630866989302537,0.13432835820895522,0.3805970149253731,1
106.0,5.434215889024433,0.1320754716981132,0.3113207547169811,1
161.0,5.318572451260941,0.11180124223602485,0.3105590062111801,1
141.0,5.5743008888356345,0.19148936170212766,0.3120567375886525,1
136.0,5.42628933896152,0.125,0.29411764705882354,1
131.0,5.586362791975328,0.1450381679389313,0.366412213740458,1
134.0,5.500875595198657,0.13432835820895522,0.30597014925373134,1
112.0,5.490184891051603,0.14285714285714285,0.2857142857142857,1
153.0,5.329530104743387,0.1111111111111111,0.2679738562091503,1
126.0,5.564349122711441,0.1746031746031746,0.2857142857142857,1
128.0,5.656021242973841,0.15625,0.34375,1
143.0,5.582855781850335,0.17482517482517482,0.3706293706293706,1
135.0,5.699560667945365,0.16296296296296298,0.34074074074074073,1
105.0,5.347359389354959,0.13333333333333333,0.4095238095238095,1
161.0,5.361972203232824,0.16770186335403728,0.21739130434782608,1
128.0,5.455438648905815,0.1171875,0.328125,1
142.0,5.668528503848719,0.20422535211267606,0.39436619718309857,1
133.0,5.585063970060022,0.15037593984962405,0.3233082706766917,1
147.0,5.700128746923056,0.1360544217687075,0.3333333333333333,1
90.0,5.30414361866766,0.15555555555555556,0.3,1
161.0,5.425064668824459,0.09316770186335403,0.30434782608695654,1
146.0,5.4949259091226965,0.1232876712328767,0.3287671232876712,1
135.0,5.493373979325958,0.14074074074074075,0.2962962962962963,1
137.0,5.503799810647004,0.1897810218978102,0.24817518248175183,1
141.0,5.548240094220683,0.14893617021276595,0.36879432624113473,1
105.0,5.268469685543982,0.20952380952380953,0.22857142857142856,1
168.0,5.44696552927037,0.09523809523809523,0.31547619047619047,1
145.0,5.576682587966001,0.16551724137931034,0.3103448275862069,1
140.0,5.589533820854697,0.11428571428571428,0.42142857142857143,1
143.0,5.528308445767957,0.13286713286713286,0.3356643356643357,1
143.0,5.6518585294363515,0.2097902097902098,0.2937062937062937,1
106.0,5.415104270637993,0.11320754716981132,0.36792452830188677,1
151.0,5.388107218220241,0.11258278145695365,0.2847682119205298,1
142.0,5.476754954345256,0.14084507042253522,0.34507042253521125,1
138.0,5.5544756129939685,0.13043478260869565,0.37681159420289856,1
159.0,5.683298405873572,0.16352201257861634,0.3836477987421384,1
139.0,5.726573764063976,0.12949640287769784,0.35251798561151076,1
109.0,5.540774178179109,0.11926605504587157,0.3853211009174312,1
168.0,5.5380472414205455,0.11904761904761904,0.30952380952380953,1
138.0,5.6839995476383685,0.15217391304347827,0.3695652173913043,1
140.0,5.647574513848074,0.14285714285714285,0.35,1
157.0,5.64855126549509,0.07006369426751592,0.36942675159235666,1
140.0,5.619716410063143,0.17142857142857143,0.34285714285714286,1
95.0,5.482925282371144,0.15789473684210525,0.22105263157894736,1
157.0,5.414341711780651,0.10828025477707007,0.27388535031847133,1
151.0,5.480252193540099,0.12582781456953643,0.2781456953642384,1
144.0,5.503167339017517,0.14583333333333334,0.3402777777777778,1
130.0,5.298620602949083,0.18461538461538463,0.3230769230769231,1
144.0,5.70229080030721,0.1527777777777778,0.3402777777777778,1
104.0,5.335887766234989,0.11538461538461539,0.3269230769230769,1
152.0,5.498712532014605,0.11842105263157894,0.24342105263157895,1
146.0,5.675791470469043,0.14383561643835616,0.3698630136986301,1
129.0,5.517350243947555,0.20155038759689922,0.3643410852713178,1
144.0,5.617279863361473,0.125,0.3194444444444444,1
130.0,5.60375519437529,0.14615384615384616,0.3076923076923077,1
116.0,5.5494662884106525,0.09482758620689655,0.3879310344827586,1
163.0,5.419062397629696,0.15337423312883436,0.294478527607362,1
139.0,5.612069109669058,0.14388489208633093,0.31654676258992803,1
150.0,5.628362817718175,0.18666666666666668,0.28,1
119.0,5.619267763796844,0.12605042016806722,0.40336134453781514,1
136.0,5.497852526688364,0.1323529411764706,0.33088235294117646,1
103.0,5.401279202475017,0.0970873786407767,0.3106796116504854,1
154.0,5.448414586803032,0.13636363636363635,0.2662337662337662,1
131.0,5.577817635648889,0.13740458015267176,0.3969465648854962,1
149.0,5.560171605307274,0.12080536912751678,0.3087248322147651,1
147.0,5.645706978215574,0.1564625850340136,0.3197278911564626,1
152.0,5.545739978551572,0.13815789473684212,0.34868421052631576,1
111.0,5.497231749959283,0.1891891891891892,0.2882882882882883,1
166.0,5.485942937114528,0.10843373493975904,0.28313253012048195,1
135.0,5.627638401689467,0.13333333333333333,0.37037037037037035,1
136.0,5.516110981396986,0.13970588235294118,0.3014705882352941,1
147.0,5.603750916997619,0.14285714285714285,0.3197278911564626,1
134.0,5.5655320079431085,0.1417910447761194,0.26865671641791045,1
102.0,5.464009842303053,0.19607843137254902,0.37254901960784315,1
151.0,5.308363140704326,0.10596026490066225,0.23178807947019867,1
137.0,5.609684755367269,0.19708029197080293,0.29927007299270075,1
131.0,5.539996120821534,0.09923664122137404,0.366412213740458,1
134.0,5.507445889542409,0.15671641791044777,0.3208955223880597,1
133.0,5.656371815589075,0.21052631578947367,0.3082706766917293,1
90.0,5.312818274791284,0.2111111111111111,0.18888888888888888,1
159.0,5.402345432677845,0.13836477987421383,0.2389937106918239,1
146.0,5.710746285864661,0.1506849315068493,0.3561643835616438,1
117.0,5.438406976816946,0.13675213675213677,0.37606837606837606,1
142.0,5.682888363125534,0.11971830985915492,0.4225352112676056,1
149.0,5.613211058277401,0.2080536912751678,0.3087248322147651,1
97.0,5.445136878595947,0.1958762886597938,0.29896907216494845,1
164.0,5.395845508453093,0.10365853658536585,0.2621951219512195,1
152.0,5.695503069716307,0.15789473684210525,0.28289473684210525,1
139.0,5.532841484255198,0.12949640287769784,0.4028776978417266,1
133.0,5.564156308021479,0.17293233082706766,0.3233082706766917,1
131.0,5.564005640117159,0.20610687022900764,0.29770992366412213,1
94.0,5.4812499900863445,0.19148936170212766,0.2127659574468085,1
151.0,5.285252032471954,0.12582781456953643,0.25165562913907286,1
126.0,5.61355333652271,0.14285714285714285,0.3492063492063492,1
129.0,5.646155840961089,0.17829457364341086,0.31007751937984496,1
133.0,5.731559785513889,0.16541353383458646,0.3308270676691729,1
132.0,5.5211012219572035,0.1893939393939394,0.36363636363636365,1
97.0,5.410652569648044,0.1958762886597938,0.30927835051546393,1
159.0,5.423349409755115,0.11320754716981132,0.27672955974842767,1
139.0,5.5388049477322525,0.18705035971223022,0.31654676258992803,1
138.0,5.696574457011627,0.14492753623188406,0.3695652173913043,1
139.0,5.411649753194787,0.11510791366906475,0.34532374100719426,1
139.0,5.644488083961697,0.15827338129496402,0.35251798561151076,1
109.0,5.513430600276849,0.1651376146788991,0.3486238532110092,1
165.0,5.407722972290759,0.10909090909090909,0.32727272727272727,1
143.0,5.614661701331569,0.15384615384615385,0.34265734265734266,1
151.0,5.632056355799717,0.17218543046357615,0.36423841059602646,1
141.0,5.5099209491278485,0.1276595744680851,0.3971631205673759,1
132.0,5.563794191831442,0.14393939393939395,0.3181818181818182,1
86.0,5.488716028154532,0.1511627906976744,0.27906976744186046,1
158.0,5.34123866346191,0.10759493670886076,0.25316455696202533,1
133.0,5.541384485739298,0.15037593984962405,0.3458646616541353,1
136.0,5.595925341487232,0.1323529411764706,0.38235294117647056,1
131.0,5.6270419182115345,0.16030534351145037,0.42748091603053434,1
132.0,5.554801078136796,0.17424242424242425,0.2727272727272727,1
108.0,5.336992280430979,0.1388888888888889,0.28703703703703703,1
161.0,5.37789927725034,0.14285714285714285,0.3105590062111801,1
133.0,5.525349845925764,0.10526315789473684,0.3308270676691729,1
140.0,5.613795542753784,0.19285714285714287,0.39285714285714285,1
140.0,5.614972664442217,0.1357142857142857,0.38571428571428573,1
144.0,5.569274485150243,0.14583333333333334,0.4097222222222222,1
109.0,5.585671912028476,0.10091743119266056,0.3577981651376147,1
162.0,5.441495664000764,0.13580246913580246,0.2716049382716049,1
135.0,5.634709649410823,0.1111111111111111,0.362962962962963,1
137.0,5.641542623809607,0.1386861313868613,0.3795620437956204,1
136.0,5.646071069931602,0.125,0.3161764705882353,1
136.0,5.502001489312043,0.125,0.3088235294117647,1
104.0,5.329837857743732,0.028846153846153848,0.4326923076923077,1
152.0,5.446987033460928,0.125,0.23684210526315788,1
136.0,5.717464495994445,0.10294117647058823,0.375,1
134.0,5.661655773026961,0.14925373134328357,0.3582089552238806,1
142.0,5.67757225395537,0.14788732394366197,0.31690140845070425,1
131.0,5.616598669705806,0.16030534351145037,0.31297709923664124,1
92.0,5.380534613708412,0.14130434782608695,0.2826086956521739,1
156.0,5.410858894606821,0.14102564102564102,0.25,1
126.0,5.482551452184005,0.1349206349206349,0.38095238095238093,1
126.0,5.565141705807551,0.15079365079365079,0.40476190476190477,1
131.0,5.595105135698434,0.16793893129770993,0.3435114503816794,1
147.0,5.680357209030544,0.1836734693877551,0.32653061224489793,1
107.0,5.545081299781097,0.09345794392523364,0.45794392523364486,1
158.0,5.393383163193097,0.13924050632911392,0.27848101265822783,1
160.0,5.7225306956356405,0.13125,0.36875,1
129.0,5.500498310681999,0.20930232558139536,0.3178294573643411,1
129.0,5.617199736360239,0.18604651162790697,0.35658914728682173,1
130.0,5.539412671478365,0.16923076923076924,0.36153846153846153,1
97.0,5.518532914459491,0.13402061855670103,0.32989690721649484,1
154.0,5.352095836564207,0.07792207792207792,0.2857142857142857,1
127.0,5.530034593479076,0.1889763779527559,0.3779527559055118,1
130.0,5.628916302427593,0.13846153846153847,0.3153846153846154,1
124.0,5.626097093198146,0.16129032258064516,0.2903225806451613,1
137.0,5.515191937210285,0.10948905109489052,0.4233576642335766,1
104.0,5.385361295347746,0.08653846153846154,0.36538461538461536,1
154.0,5.401264424927446,0.1038961038961039,0.2727272727272727,1
138.0,5.722007609216894,0.18840579710144928,0.34782608695652173,1
146.0,5.626851422333928,0.17123287671232876,0.3698630136986301,1
130.0,5.62668173277026,0.12307692307692308,0.3384615384615385,1
137.0,5.699019287903967,0.17518248175182483,0.2846715328467153,1
98.0,5.325140492636181,0.15306122448979592,0.24489795918367346,1
157.0,5.434235983812494,0.12738853503184713,0.28662420382165604,1
129.0,5.502046612544168,0.17829457364341086,0.2868217054263566,1
140.0,5.642182460261193,0.18571428571428572,0.29285714285714287,1
133.0,5.566776725657546,0.19548872180451127,0.3383458646616541,1
120.0,5.628015412420785,0.15833333333333333,0.31666666666666665,1
157.0,5.493345711741849,0.1337579617834395,0.2802547770700637,1
134.0,5.62176787774378,0.1865671641791045,0.3582089552238806,1
141.0,5.648288147740099,0.0851063829787234,0.3404255319148936,1
147.0,5.542768348559916,0.14285714285714285,0.3741496598639456,1
138.0,5.6200218561651045,0.2028985507246377,0.38405797101449274,1
118.0,5.395023931534082,0.1440677966101695,0.23728813559322035,1
155.0,5.475287147820844,0.13548387096774195,0.2903225806451613,1
127.0,5.644713797548525,0.1732283464566929,0.3464566929133858,1
127.0,5.6445103995251955,0.14960629921259844,0.3464566929133858,1
121.0,5.53080334489277,0.19834710743801653,0.2809917355371901,1
119.0,5.544529503380196,0.16806722689075632,0.2857142857142857,1
99.0,5.417101383025626,0.15151515151515152,0.2828282828282828,1
151.0,5.371232506917969,0.1456953642384106,0.304635761589404,1
119.0,5.578142948758346,0.15966386554621848,0.29411764705882354,1
141.0,5.642567930718189,0.1276595744680851,0.3617021276595745,1
132.0,5.454019760046043,0.18181818181818182,0.3484848484848485,1
136.0,5.563833224012232,0.11764705882352941,0.4264705882352941,1
111.0,5.47749635729853,0.14414414414414414,0.32432432432432434,1
164.0,5.394897543858673,0.10975609756097561,0.2804878048780488,1
148.0,5.647463312067633,0.11486486486486487,0.34459459459459457,1
138.0,5.628857225359842,0.13043478260869565,0.3333333333333333,1
149.0,5.6959136354360185,0.11409395973154363,0.3221476510067114,1
125.0,5.519304285058294,0.224,0.256,1
100.0,5.351272380112917,0.19,0.27,1
158.0,5.5249906791391155,0.0949367088607595,0.26582278481012656,1
128.0,5.578676441959075,0.109375,0.34375,1
131.0,5.606331662316902,0.11450381679389313,0.3969465648854962,1
155.0,5.538784651303079,0.12903225806451613,0.3741935483870968,1
146.0,5.6295251177145,0.1643835616438356,0.3219178082191781,1
107.0,5.418821720301407,0.12149532710280374,0.32710280373831774,1
174.0,5.369418860443852,0.09770114942528736,0.3103448275862069,1
143.0,5.127060615999983,0.08391608391608392,0.4195804195804196,1
154.0,5.453860953954134,0.09090909090909091,0.4155844155844156,1
145.0,5.320638963449512,0.11724137931034483,0.4206896551724138,1
153.0,5.483066174094135,0.08496732026143791,0.32679738562091504,1
99.0,5.419352075212735,0.18181818181818182,0.30303030303030304,1
169.0,5.350295875837238,0.14792899408284024,0.26627218934911245,1
135.0,5.491294905714896,0.1259259259259259,0.32592592592592595,1
163.0,5.588506935006362,0.09202453987730061,0.31901840490797545,1
132.0,5.619734176568218,0.1590909090909091,0.3939393939393939,1
135.0,5.62063457881904,0.13333333333333333,0.35555555555555557,1
111.0,5.482497767766493,0.18018018018018017,0.35135135135135137,1
156.0,5.346729725956762,0.1282051282051282,0.23717948717948717,1
147.0,5.685668222983787,0.1360544217687075,0.3469387755102041,1
133.0,5.4488543617809775,0.12030075187969924,0.2857142857142857,1
150.0,5.573418984916932,0.16666666666666666,0.35333333333333333,1
129.0,5.5759660431898235,0.12403100775193798,0.35658914728682173,1
112.0,5.448852833166864,0.11607142857142858,0.29464285714285715,1
153.0,5.322848444800167,0.11764705882352941,0.24836601307189543,1
141.0,5.724380743152867,0.14893617021276595,0.3617021276595745,1
146.0,5.695521501436416,0.1643835616438356,0.3424657534246575,1
149.0,5.68015178613671,0.15436241610738255,0.33557046979865773,1
129.0,5.596147120198567,0.15503875968992248,0.35658914728682173,1
112.0,5.622816614018329,0.13392857142857142,0.44642857142857145,1
154.0,5.437182869341872,0.12337662337662338,0.2532467532467532,1
132.0,5.68869935117246,0.13636363636363635,0.3333333333333333,1
147.0,5.5293386312059205,0.09523809523809523,0.3197278911564626,1
143.0,5.611233554508682,0.13986013986013987,0.3076923076923077,1
128.0,5.486688648905815,0.125,0.375,1
100.0,5.393528005004743,0.17,0.34,1
167.0,5.588609611593244,0.12574850299401197,0.31736526946107785,1
141.0,5.647213477044809,0.16312056737588654,0.3475177304964539,1
132.0,5.589330627565603,0.12121212121212122,0.3939393939393939,1
132.0,5.515752976753443,0.1893939393939394,0.30303030303030304,1
128.0,5.348311696505773,0.1640625,0.2890625,1
95.0,5.396980050409243,0.12631578947368421,0.2736842105263158,1
164.0,5.316993607603625,0.09146341463414634,0.25609756097560976,1
145.0,5.642330018029471,0.10344827586206896,0.3586206896551724,1
149.0,5.672638930574539,0.15436241610738255,0.28187919463087246,1
145.0,5.640663984097154,0.13793103448275862,0.3586206896551724,1
165.0,5.686536100251174,0.1393939393939394,0.38181818181818183,1
104.0,5.619635602815056,0.10576923076923077,0.3557692307692308,1
153.0,5.431535964297492,0.09803921568627451,0.3137254901960784,1
145.0,5.723263380053676,0.12413793103448276,0.296551724137931,1
146.0,5.6063277071123565,0.1780821917808219,0.3150684931506849,1
148.0,5.545479636866275,0.12162162162162163,0.31756756756756754,1
143.0,5.60281908934875,0.1048951048951049,0.3776223776223776,1
109.0,5.560634701448654,0.10091743119266056,0.3486238532110092,1
169.0,5.400380067361123,0.11242603550295859,0.27218934911242604,1
150.0,5.729996901037084,0.14666666666666667,0.2866666666666667,1
138.0,5.4739001385101735,0.07246376811594203,0.32608695652173914,1
136.0,5.600551742098194,0.11764705882352941,0.39705882352941174,1
124.0,5.571622193987149,0.1532258064516129,0.29838709677419356,1
98.0,5.492125471989244,0.16326530612244897,0.32653061224489793,1
159.0,5.512436183568828,0.16352201257861634,0.2641509433962264,1
126.0,5.571925459555752,0.15873015873015872,0.36507936507936506,1
147.0,5.665963481812087,0.1564625850340136,0.43537414965986393,1
133.0,5.600080932746799,0.15789473684210525,0.3157894736842105,1
124.0,5.497870201828065,0.25806451612903225,0.3064516129032258,1
85.0,5.448817518587767,0.23529411764705882,0.3411764705882353,1
178.0,5.483271036004229,0.09550561797752809,0.3539325842696629,1
134.0,5.323140919303453,0.13432835820895522,0.417910447761194,1
127.0,5.571131293863907,0.1889763779527559,0.36220472440944884,1
141.0,5.540875048252674,0.14184397163120568,0.3546099290780142,1
159.0,5.553274642189825,0.07547169811320754,0.3710691823899371,1
116.0,5.618431805652032,0.15517241379310345,0.39655172413793105,1
170.0,5.500884010481221,0.12941176470588237,0.29411764705882354,1
130.0,5.4887196678954195,0.19230769230769232,0.2692307692307692,1
154.0,5.509976236835359,0.12987012987012986,0.3116883116883117,1
147.0,5.5319038764931205,0.17006802721088435,0.24489795918367346,1
152.0,5.655372375834004,0.13157894736842105,0.28289473684210525,1
117.0,5.465068647575611,0.06837606837606838,0.27350427350427353,1
170.0,5.418515899401895,0.11176470588235295,0.25882352941176473,1
140.0,5.719003085276646,0.1357142857142857,0.35,1
148.0,5.61287266694085,0.1554054054054054,0.3310810810810811,1
146.0,5.5704210733097685,0.07534246575342465,0.3287671232876712,1
154.0,5.602980678371943,0.09090909090909091,0.37662337662337664,1
115.0,5.5118008434026855,0.11304347826086956,0.28695652173913044,1
164.0,5.342168131170485,0.12195121951219512,0.31097560975609756,1
144.0,5.595034943098486,0.10416666666666667,0.3194444444444444,1
130.0,5.69382831702565,0.13076923076923078,0.3769230769230769,1
142.0,5.565172712381295,0.09859154929577464,0.33098591549295775,1
146.0,5.586329867807262,0.1232876712328767,0.3150684931506849,1
107.0,5.3137272109758324,0.1308411214953271,0.27102803738317754,1
176.0,5.52123343322134,0.11363636363636363,0.32386363636363635,1
126.0,5.626533273216356,0.1746031746031746,0.35714285714285715,1
138.0,5.564692348749165,0.09420289855072464,0.2826086956521739,1
156.0,5.631283312659091,0.11538461538461539,0.30128205128205127,1
157.0,5.64452620533108,0.15286624203821655,0.3375796178343949,1
111.0,5.551053087356014,0.12612612612612611,0.3333333333333333,1
144.0,5.296738981693046,0.125,0.2777777777777778,1
133.0,5.550988263476268,0.12030075187969924,0.3007518796992481,1
129.0,5.431353469297935,0.09302325581395349,0.3643410852713178,1
147.0,5.49835117160086,0.06802721088435375,0.40816326530612246,1
149.0,5.570758521637855,0.09395973154362416,0.3422818791946309,1
114.0,5.524911098719089,0.10526315789473684,0.2807017543859649,1
170.0,5.466390131901963,0.09411764705882353,0.2529411764705882,1
154.0,5.587562840095581,0.14935064935064934,0.2662337662337662,1
152.0,5.502347637113353,0.1118421052631579,0.3026315789473684,1
146.0,5.48628806714434,0.14383561643835616,0.3904109589041096,1
135.0,5.565627749447038,0.1111111111111111,0.28888888888888886,1
122.0,5.363469158314891,0.10655737704918032,0.2459016393442623,1
167.0,5.4793711913072345,0.12574850299401197,0.24550898203592814,1
152.0,5.61606863602455,0.15789473684210525,0.32894736842105265,1
140.0,5.604004046204432,0.18571428571428572,0.3357142857142857,1
155.0,5.650295699787881,0.16129032258064516,0.3032258064516129,1
123.0,5.679911050492508,0.13008130081300814,0.2845528455284553,1
95.0,5.242348935294583,0.1368421052631579,0.22105263157894736,1
127.0,5.473976203882511,0.13385826771653545,0.29133858267716534,1
121.0,5.527790716986982,0.19008264462809918,0.371900826446281,1
134.0,5.528265452273772,0.15671641791044777,0.3283582089552239,1
153.0,5.468492784534323,0.06535947712418301,0.3202614379084967,1
97.0,5.449924439902236,0.14432989690721648,0.28865979381443296,1
167.0,5.494846864728151,0.1377245508982036,0.2694610778443114,1
160.0,5.622692142816658,0.1125,0.26875,1
131.0,5.525491277081915,0.11450381679389313,0.32061068702290074,1
136.0,5.689644349923165,0.15441176470588236,0.35294117647058826,1
135.0,5.705152427220652,0.16296296296296298,0.35555555555555557,1
111.0,5.4071416598691915,0.13513513513513514,0.3063063063063063,1
164.0,5.410437602893468,0.12195121951219512,0.22560975609756098,1
129.0,5.614173693526417,0.10077519379844961,0.37209302325581395,1
152.0,5.628781297018435,0.16447368421052633,0.34210526315789475,1
149.0,5.550212253257853,0.10738255033557047,0.2684563758389262,1
141.0,5.538750251016294,0.16312056737588654,0.3262411347517731,1
118.0,5.565912042011884,0.13559322033898305,0.2627118644067797,1
156.0,5.51327499982282,0.10897435897435898,0.3141025641025641,1
145.0,5.532341487670338,0.10344827586206896,0.296551724137931,1
144.0,5.510896902118532,0.125,0.3263888888888889,1
145.0,5.705911265952738,0.13793103448275862,0.3103448275862069,1
144.0,5.615732512482834,0.1597222222222222,0.3680555555555556,1
109.0,5.509849320225811,0.06422018348623854,0.3761467889908257,1
178.0,5.418624794197103,0.08426966292134831,0.29213483146067415,1
141.0,5.571120881632038,0.11347517730496454,0.3049645390070922,1
149.0,5.615484188664229,0.14093959731543623,0.3825503355704698,1
137.0,5.467986554660148,0.1897810218978102,0.2773722627737226,1
159.0,5.444976239497704,0.03773584905660377,0.3081761006289308,1
115.0,5.507112633568422,0.19130434782608696,0.24347826086956523,1
162.0,5.435542345727046,0.10493827160493827,0.24691358024691357,1
143.0,5.539433509269877,0.07692307692307693,0.35664335664335667,1
148.0,5.73006846402157,0.16891891891891891,0.25,1
137.0,5.446303117628128,0.072992700729927,0.29927007299270075,1
138.0,5.514296562934795,0.13043478260869565,0.30434782608695654,1
104.0,5.474880949810316,0.08653846153846154,0.3269230769230769,1
173.0,5.485831683671153,0.11560693641618497,0.28901734104046245,1
147.0,5.638752597458345,0.1564625850340136,0.30612244897959184,1
147.0,5.52380976104855,0.12244897959183673,0.2925170068027211,1
133.0,5.535394023467645,0.12781954887218044,0.2932330827067669,1
136.0,5.598775455920352,0.08823529411764706,0.34558823529411764,1
114.0,5.494773019042074,0.06140350877192982,0.35964912280701755,1
164.0,5.562212657935679,0.12195121951219512,0.3231707317073171,1
161.0,5.528790077879814,0.08695652173913043,0.3167701863354037,1
162.0,5.6818394724547625,0.09259259259259259,0.4012345679012346,1
149.0,5.5229772096998415,0.12080536912751678,0.3087248322147651,1
137.0,5.541896751879657,0.1386861313868613,0.26277372262773724,1
100.0,5.382724850390184,0.14,0.32,1
161.0,5.335484739734331,0.11180124223602485,0.2795031055900621,1
132.0,5.485539691280222,0.1590909090909091,0.3333333333333333,1
130.0,5.512748046079243,0.13076923076923078,0.27692307692307694,1
161.0,5.5963543049517215,0.14285714285714285,0.2670807453416149,1
137.0,5.526212192716321,0.1386861313868613,0.291970802919708,1
115.0,5.416986303337114,0.08695652173913043,0.3652173913043478,1
173.0,5.404790280547377,0.15606936416184972,0.2254335260115607,1
155.0,5.5328334996824164,0.12903225806451613,0.2903225806451613,1
129.0,5.557436124387012,0.14728682170542637,0.3953488372093023,1
148.0,5.429350643571052,0.10135135135135136,0.2905405405405405,1
156.0,5.6346764217166605,0.10897435897435898,0.3269230769230769,1
114.0,5.426269761018771,0.15789473684210525,0.2894736842105263,1
166.0,5.419296620184205,0.0963855421686747,0.26506024096385544,1
132.0,5.713600536610364,0.14393939393939395,0.38636363636363635,1
147.0,5.573489821652678,0.11564625850340136,0.2653061224489796,1
135.0,5.518342938710473,0.1037037037037037,0.34814814814814815,1
140.0,5.580525785648698,0.15714285714285714,0.37142857142857144,1
114.0,5.27552987465882,0.05263157894736842,0.2631578947368421,1
155.0,5.3447108947073545,0.08387096774193549,0.2967741935483871,1
127.0,5.622235427688105,0.14960629921259844,0.36220472440944884,1
142.0,5.574530462083896,0.11971830985915492,0.30985915492957744,1
133.0,5.605026541729599,0.16541353383458646,0.3609022556390977,1
136.0,5.547351055481449,0.11029411764705882,0.35294117647058826,1
108.0,5.4517178315936015,0.09259259259259259,0.3055555555555556,1
160.0,5.476478265947263,0.13125,0.28125,1
138.0,5.541177040793828,0.11594202898550725,0.34782608695652173,1
142.0,5.656061803867391,0.11267605633802817,0.3028169014084507,1
128.0,5.562271242973842,0.125,0.3515625,1
142.0,5.491317212148798,0.11267605633802817,0.323943661971831,1
101.0,5.493372467982042,0.0891089108910891,0.32673267326732675,1
156.0,5.246874273820505,0.16666666666666666,0.23717948717948717,1
155.0,5.2817205350982395,0.14193548387096774,0.25161290322580643,1
128.0,5.487468847891049,0.2578125,0.3203125,1
160.0,5.003903914934562,0.15,0.23125,1
145.0,5.427136201210874,0.1103448275862069,0.35172413793103446,1
134.0,4.961414773610638,0.07462686567164178,0.291044776119403,1
164.0,5.38155678396425,0.17073170731707318,0.2682926829268293,1
119.0,5.350248701037644,0.2857142857142857,0.2689075630252101,1
124.0,5.500680811066747,0.21774193548387097,0.3629032258064516,1
136.0,5.540449540691891,0.19117647058823528,0.36764705882352944,1
140.0,5.611007260428333,0.19285714285714287,0.3357142857142857,1
106.0,5.393409964880164,0.11320754716981132,0.41509433962264153,1
180.0,5.400008331883653,0.13333333333333333,0.2388888888888889,1
155.0,5.745713902407251,0.12903225806451613,0.3419354838709677,1
141.0,5.6927829339909275,0.1773049645390071,0.3475177304964539,1
126.0,5.502442225411596,0.19047619047619047,0.3253968253968254,1
147.0,5.501752832237817,0.17687074829931973,0.3469387755102041,1
105.0,5.474674299395441,0.11428571428571428,0.3238095238095238,1
160.0,5.477553356599374,0.1375,0.26875,1
141.0,5.640626335956724,0.1702127659574468,0.3475177304964539,1
143.0,5.524880298945068,0.1258741258741259,0.35664335664335667,1
148.0,5.678477436836439,0.14189189189189189,0.32432432432432434,1
147.0,5.607370433838703,0.17687074829931973,0.30612244897959184,1
104.0,5.463244617175724,0.11538461538461539,0.40384615384615385,1
165.0,5.532535552266631,0.13333333333333333,0.3151515151515151,1
143.0,5.503339631382437,0.16083916083916083,0.3986013986013986,1
160.0,5.58878013053403,0.125,0.3375,1
141.0,5.528567690142676,0.11347517730496454,0.3617021276595745,1
156.0,5.669476620479819,0.1858974358974359,0.3076923076923077,1
98.0,5.415495114802236,0.1326530612244898,0.3163265306122449,1
171.0,5.525132545950099,0.14619883040935672,0.2982456140350877,1
135.0,5.578031986785615,0.14074074074074075,0.4074074074074074,1
145.0,5.565981767384665,0.10344827586206896,0.30344827586206896,1
142.0,5.546770050042653,0.13380281690140844,0.3591549295774648,1
153.0,5.575116422198274,0.1503267973856209,0.35294117647058826,1
113.0,5.4949700600978995,0.168141592920354,0.3805309734513274,1
155.0,5.323217977883023,0.1032258064516129,0.3225806451612903,1
152.0,5.568385369837082,0.13815789473684212,0.3684210526315789,1
160.0,5.467306748764157,0.1375,0.325,1
154.0,5.531116736858233,0.1038961038961039,0.2987012987012987,1
137.0,5.350489317379482,0.0948905109489051,0.3284671532846715,1
99.0,5.342253811972929,0.08080808080808081,0.32323232323232326,1
168.0,5.447187972571962,0.1488095238095238,0.24404761904761904,1
144.0,5.504040234983299,0.1111111111111111,0.3055555555555556,1
136.0,5.468558500445747,0.10294117647058823,0.3235294117647059,1
138.0,5.58063242802612,0.17391304347826086,0.39855072463768115,1
141.0,5.605254987960458,0.16312056737588654,0.3475177304964539,1
103.0,5.556368216562757,0.18446601941747573,0.33980582524271846,1
160.0,5.491041280621163,0.1125,0.2875,1
135.0,5.541641064841781,0.16296296296296298,0.2962962962962963,1
129.0,5.490018558402359,0.10852713178294573,0.31007751937984496,1
125.0,5.438505361297414,0.272,0.272,1
128.0,5.493366406501701,0.2578125,0.2890625,1
88.0,5.184943233200695,0.11363636363636363,0.2727272727272727,1
167.0,5.24441189536886,0.15568862275449102,0.2634730538922156,1
141.0,5.294386484407541,0.15602836879432624,0.2765957446808511,1
140.0,5.525642397108813,0.15,0.44285714285714284,1
128.0,5.101361380299235,0.2421875,0.3671875,1
140.0,5.398548154933958,0.10714285714285714,0.37142857142857144,1
131.0,5.47594757482487,0.10687022900763359,0.20610687022900764,1
175.0,5.47682602344272,0.11428571428571428,0.3028571428571429,1
148.0,5.591795535327583,0.1554054054054054,0.25675675675675674,1
138.0,5.532341671599092,0.10144927536231885,0.3333333333333333,1
147.0,5.486218247344444,0.1292517006802721,0.35374149659863946,1
130.0,5.561372309726622,0.16153846153846155,0.38461538461538464,1
99.0,5.331179792857175,0.10101010101010101,0.2828282828282828,1
174.0,5.553860184092181,0.14367816091954022,0.29310344827586204,1
148.0,5.641513416653876,0.13513513513513514,0.38513513513513514,1
133.0,5.55280461625962,0.12781954887218044,0.3609022556390977,1
138.0,5.5684120051403045,0.17391304347826086,0.37681159420289856,1
143.0,5.632755033521249,0.16083916083916083,0.34965034965034963,1
88.0,5.4578524653711895,0.125,0.3181818181818182,1
170.0,5.474248223743552,0.11176470588235295,0.3176470588235294,1
150.0,5.644298547888595,0.18666666666666668,0.26666666666666666,1
134.0,5.518035530505792,0.14925373134328357,0.29850746268656714,1
154.0,5.625244742838692,0.16233766233766234,0.4155844155844156,1
157.0,5.458104548744196,0.1337579617834395,0.28662420382165604,1
115.0,5.432640816900424,0.17391304347826086,0.28695652173913044,1
164.0,5.333201607342158,0.12195121951219512,0.23780487804878048,1
155.0,5.6177448510290615,0.16129032258064516,0.36774193548387096,1
152.0,5.504906813970341,0.13815789473684212,0.3618421052631579,1
162.0,5.559659263167851,0.09876543209876543,0.3395061728395062,1
138.0,5.6027004103276905,0.15942028985507245,0.30434782608695654,1
96.0,5.463621453932152,0.13541666666666666,0.375,1
162.0,5.316802952795315,0.09876543209876543,0.25308641975308643,1
156.0,5.602231588456275,0.1794871794871795,0.3269230769230769,1
142.0,5.596517500403772,0.11971830985915492,0.323943661971831,1
146.0,5.5730947686903365,0.13013698630136986,0.3767123287671233,1
141.0,5.521317378289397,0.14893617021276595,0.3829787234042553,1
116.0,5.35330346511614,0.10344827586206896,0.3017241379310345,1
164.0,5.514650041717506,0.10975609756097561,0.36585365853658536,1
135.0,5.558866457132839,0.13333333333333333,0.31851851851851853,1
164.0,5.626475731904826,0.15853658536585366,0.35365853658536583,1
126.0,5.580222138584458,0.1349206349206349,0.3492063492063492,1
136.0,5.483284558994703,0.13970588235294118,0.33088235294117646,1
85.0,5.254814871579849,0.1411764705882353,0.3058823529411765,1
150.0,5.3728599646562225,0.10666666666666667,0.26,1
123.0,5.4265674776573025,0.1951219512195122,0.34146341463414637,1
136.0,5.599273070103657,0.19117647058823528,0.375,1
136.0,5.556079665832134,0.11764705882352941,0.36764705882352944,1
129.0,5.489568779408997,0.13953488372093023,0.3178294573643411,1
88.0,5.378084851636487,0.11363636363636363,0.4090909090909091,1
151.0,5.445534521121701,0.152317880794702,0.24503311258278146,1
129.0,5.471813011537265,0.13178294573643412,0.35658914728682173,1
135.0,5.55793536810267,0.1259259259259259,0.4148148148148148,1
145.0,5.44224398455807,0.10344827586206896,0.3103448275862069,1
128.0,5.534851125752538,0.1953125,0.328125,1
95.0,5.281668277331525,0.17894736842105263,0.22105263157894736,1
169.0,5.5134953965497155,0.1301775147928994,0.33136094674556216,1
127.0,5.519515887864354,0.10236220472440945,0.3228346456692913,1
124.0,5.601537564507687,0.12903225806451613,0.41935483870967744,1
125.0,5.574348961228184,0.144,0.408,1
140.0,5.6815379960063845,0.20714285714285716,0.4,1
107.0,5.343122043010662,0.14018691588785046,0.3177570093457944,1
163.0,5.499112247447342,0.15337423312883436,0.25153374233128833,1
136.0,5.616351628902434,0.19117647058823528,0.36764705882352944,1
144.0,5.597455189942908,0.1527777777777778,0.3194444444444444,1
137.0,5.516563357813824,0.11678832116788321,0.2846715328467153,1
135.0,5.587564997732299,0.1259259259259259,0.3111111111111111,1
108.0,5.415605474835359,0.09259259259259259,0.3055555555555556,1
161.0,5.510898248555364,0.13664596273291926,0.2670807453416149,1
144.0,5.663204710945412,0.2013888888888889,0.3402777777777778,1
129.0,5.653485423034785,0.14728682170542637,0.3333333333333333,1
146.0,5.73029938841448,0.1506849315068493,0.3150684931506849,1
118.0,5.626873477604346,0.2542372881355932,0.3050847457627119,1
115.0,5.516427530147376,0.12173913043478261,0.34782608695652173,1
162.0,5.344864624389273,0.10493827160493827,0.2839506172839506,1
132.0,5.5190962029686395,0.10606060606060606,0.3787878787878788,1
136.0,5.56938386741049,0.11764705882352941,0.3161764705882353,1
152.0,5.478802800425477,0.1118421052631579,0.3223684210526316,1
139.0,5.623950292794262,0.14388489208633093,0.38848920863309355,1
126.0,5.466034713482041,0.0873015873015873,0.3492063492063492,1
156.0,5.436230631407205,0.1346153846153846,0.2692307692307692,1
156.0,5.6058486327948645,0.10256410256410256,0.3782051282051282,1
147.0,5.6390372503832875,0.11564625850340136,0.3877551020408163,1
145.0,5.61423323236639,0.15172413793103448,0.32413793103448274,1
149.0,5.559909189083734,0.14093959731543623,0.3087248322147651,1
99.0,5.552294089947387,0.13131313131313133,0.35353535353535354,1
157.0,5.40414720146498,0.08917197452229299,0.22929936305732485,1
150.0,5.547804897985289,0.14,0.44666666666666666,1
133.0,5.52859949634328,0.14285714285714285,0.3609022556390977,1
136.0,5.552285132415695,0.14705882352941177,0.375,1
113.0,5.509956728359342,0.1592920353982301,0.336283185840708,1
103.0,5.4777287459791655,0.0970873786407767,0.3883495145631068,1
149.0,5.277252290418542,0.087248322147651,0.2348993288590604,1
121.0,5.467913754194945,0.19834710743801653,0.2892561983471074,1
127.0,5.533966304900727,0.1968503937007874,0.31496062992125984,1
151.0,5.6313949950705116,0.152317880794702,0.3973509933774834,1
148.0,5.556922160606433,0.16891891891891891,0.30405405405405406,1
116.0,5.462398482633844,0.1206896551724138,0.29310344827586204,1
150.0,5.293435123362059,0.10666666666666667,0.23333333333333334,1
138.0,5.563478283538736,0.17391304347826086,0.3188405797101449,1
146.0,5.478046501953449,0.136986301369863,0.2602739726027397,1
146.0,5.723602771779636,0.1643835616438356,0.3561643835616438,1
145.0,5.634609911279375,0.16551724137931034,0.35172413793103446,1
103.0,5.386370400986766,0.27184466019417475,0.30097087378640774,1
153.0,5.360041807360367,0.11764705882352941,0.2549019607843137,1
140.0,5.563935185672739,0.20714285714285716,0.2785714285714286,1
131.0,5.45213524292591,0.1297709923664122,0.3053435114503817,1
140.0,5.596886457473364,0.15,0.37857142857142856,1
129.0,5.431029097360211,0.23255813953488372,0.24031007751937986,1
107.0,5.608778990948999,0.14953271028037382,0.2616822429906542,1
153.0,5.512773079719959,0.1437908496732026,0.27450980392156865,1
127.0,5.551011950856478,0.1732283464566929,0.3779527559055118,1
132.0,5.691481714348665,0.15151515151515152,0.3106060606060606,1
139.0,5.650104767782747,0.11510791366906475,0.34532374100719426,1
126.0,5.5740259556390095,0.09523809523809523,0.3412698412698413,1
103.0,5.545500105118452,0.1262135922330097,0.3300970873786408,1
155.0,5.392875477014397,0.12903225806451613,0.25806451612903225,1
135.0,5.4894530533038814,0.11851851851851852,0.3851851851851852,1
149.0,5.551163323392593,0.12080536912751678,0.28859060402684567,1
135.0,5.6634081900102835,0.14074074074074075,0.362962962962963,1
138.0,5.583441236452964,0.11594202898550725,0.3695652173913043,1
108.0,5.488515687621721,0.18518518518518517,0.2962962962962963,1
157.0,5.38736581032862,0.12738853503184713,0.2484076433121019,1
145.0,5.686401463033355,0.12413793103448276,0.3931034482758621,1
137.0,5.466171590605499,0.0948905109489051,0.34306569343065696,1
142.0,5.645656275253683,0.11267605633802817,0.3732394366197183,1
149.0,5.582794487971096,0.18791946308724833,0.30201342281879195,1
107.0,5.42455235630222,0.102803738317757,0.2616822429906542,1
169.0,5.444487607485101,0.11834319526627218,0.25443786982248523,1
125.0,5.678505361297417,0.152,0.304,1
138.0,5.58446811652598,0.13043478260869565,0.3333333333333333,1
136.0,5.52628802540621,0.1323529411764706,0.3014705882352941,1
129.0,5.527976674311192,0.24031007751937986,0.29457364341085274,1
106.0,5.5635508507654405,0.19811320754716982,0.330188679245283,1
150.0,5.399400382810254,0.14,0.23333333333333334,1
116.0,5.3654356258983125,0.21551724137931033,0.29310344827586204,1
129.0,5.569139806591095,0.13178294573643412,0.3875968992248062,1
132.0,5.597494048011036,0.13636363636363635,0.3333333333333333,1
131.0,5.598725078940186,0.17557251908396945,0.40458015267175573,1
114.0,5.454533137435721,0.11403508771929824,0.30701754385964913,1
151.0,5.332331978540235,0.17218543046357615,0.24503311258278146,1
143.0,5.671396903698388,0.1888111888111888,0.3706293706293706,1
141.0,5.677182005336886,0.12056737588652482,0.36879432624113473,1
133.0,5.548998319818446,0.12030075187969924,0.3082706766917293,1
148.0,5.73848138630425,0.14189189189189189,0.3918918918918919,1
108.0,5.486065108857922,0.12962962962962962,0.37037037037037035,1
159.0,5.450171186525496,0.11320754716981132,0.2893081761006289,1
137.0,5.720774397329851,0.1386861313868613,0.35036496350364965,1
141.0,5.654167023082726,0.11347517730496454,0.3333333333333333,1
122.0,5.584386162247059,0.11475409836065574,0.319672131147541,1
140.0,5.606308931894675,0.10714285714285714,0.40714285714285714,1
101.0,5.535209720350186,0.12871287128712872,0.38613861386138615,1
176.0,5.538774487412155,0.14204545454545456,0.32954545454545453,1
131.0,5.637926818709401,0.17557251908396945,0.33587786259541985,1
148.0,5.7262559037727865,0.17567567567567569,0.3310810810810811,1
138.0,5.642323098910013,0.21739130434782608,0.32608695652173914,1
134.0,5.647475664594944,0.13432835820895522,0.3805970149253731,1
112.0,5.564868176556964,0.11607142857142858,0.3392857142857143,1
167.0,5.504042113550242,0.1437125748502994,0.2634730538922156,1
136.0,5.602400227672793,0.23529411764705882,0.3235294117647059,1
142.0,5.587749102531682,0.14788732394366197,0.3028169014084507,1
141.0,5.608320261049319,0.07801418439716312,0.36879432624113473,1
133.0,5.577203958348618,0.12030075187969924,0.3609022556390977,1
111.0,5.538936168725866,0.11711711711711711,0.4594594594594595,1
151.0,5.447868963345751,0.10596026490066225,0.271523178807947,1
123.0,5.487644867632795,0.18699186991869918,0.4065040650406504,1
132.0,5.646027168894119,0.13636363636363635,0.3787878787878788,1
133.0,5.673593575404515,0.15789473684210525,0.3458646616541353,1
134.0,5.623430702568584,0.16417910447761194,0.3358208955223881,1
113.0,5.591258418692909,0.168141592920354,0.30973451327433627,1
152.0,5.403525830192597,0.08552631578947369,0.3223684210526316,1
122.0,5.564260825428749,0.16393442622950818,0.3360655737704918,1
112.0,5.483071217104016,0.14285714285714285,0.25,1
134.0,5.5407622585477085,0.2462686567164179,0.30597014925373134,1
130.0,5.493258825324518,0.19230769230769232,0.33076923076923076,1
103.0,5.5795755905973525,0.1553398058252427,0.3106796116504854,1
143.0,5.256321199715711,0.11888111888111888,0.25874125874125875,1
140.0,5.620180206965077,0.12142857142857143,0.4,1
125.0,5.520309861210877,0.168,0.296,1
136.0,5.6648081764449545,0.10294117647058823,0.3235294117647059,1
145.0,5.627559608028945,0.16551724137931034,0.3586206896551724,1
105.0,5.381031832719624,0.11428571428571428,0.3619047619047619,1
169.0,5.420709896255679,0.14792899408284024,0.23668639053254437,1
124.0,5.559238270170297,0.1693548387096774,0.3548387096774194,1
140.0,5.720614245913664,0.12857142857142856,0.42142857142857143,1
115.0,5.469020977850128,0.21739130434782608,0.3217391304347826,1
123.0,5.593494867703152,0.14634146341463414,0.37398373983739835,1
93.0,5.411267918746947,0.0967741935483871,0.3010752688172043,1
150.0,5.345527528188823,0.12666666666666668,0.23333333333333334,1
128.0,5.700828567141886,0.1484375,0.328125,1
151.0,5.70828003132506,0.13245033112582782,0.3443708609271523,1
136.0,5.561250433510354,0.22794117647058823,0.29411764705882354,1
136.0,5.651878580269854,0.11764705882352941,0.38235294117647056,1
92.0,5.413355809454648,0.16304347826086957,0.31521739130434784,1
163.0,5.485672808273454,0.13496932515337423,0.26993865030674846,1
140.0,5.667252281720669,0.1357142857142857,0.38571428571428573,1
129.0,5.552358434216051,0.10852713178294573,0.27906976744186046,1
149.0,5.61453311852949,0.11409395973154363,0.35570469798657717,1
136.0,5.561250433510351,0.17647058823529413,0.27941176470588236,1
103.0,5.52389270231085,0.18446601941747573,0.22330097087378642,1
144.0,5.4041539132286545,0.125,0.2708333333333333,1
129.0,5.598870062123026,0.12403100775193798,0.3643410852713178,1
126.0,5.614861249509855,0.18253968253968253,0.2619047619047619,1
124.0,5.64597123389742,0.14516129032258066,0.3467741935483871,1
144.0,5.553077693237608,0.11805555555555555,0.3888888888888889,1
108.0,5.657632933052187,0.14814814814814814,0.4074074074074074,1
155.0,5.382239506610713,0.12258064516129032,0.2709677419354839,1
147.0,5.7017534473144,0.1564625850340136,0.3333333333333333,1
134.0,5.62251314244609,0.13432835820895522,0.35074626865671643,1
145.0,5.5638002114921425,0.15172413793103448,0.3586206896551724,1
144.0,5.510915957414772,0.13194444444444445,0.3472222222222222,1
119.0,5.544881133463948,0.14285714285714285,0.31932773109243695,1
149.0,5.359672927582933,0.1476510067114094,0.2550335570469799,1
113.0,5.557832033971884,0.1592920353982301,0.36283185840707965,1
135.0,5.498345827786927,0.2074074074074074,0.2814814814814815,1
121.0,5.46543775080379,0.17355371900826447,0.32231404958677684,1
126.0,5.479197884987626,0.1746031746031746,0.29365079365079366,1
99.0,5.476437776772365,0.16161616161616163,0.32323232323232326,1
149.0,5.394825371520154,0.11409395973154363,0.2751677852348993,1
133.0,5.603593244095437,0.15037593984962405,0.3533834586466165,1
132.0,5.644514055710638,0.14393939393939395,0.32575757575757575,1
132.0,5.462399661640124,0.15151515151515152,0.3484848484848485,1
147.0,5.60640642397424,0.12244897959183673,0.43537414965986393,1
107.0,5.462085182760198,0.1588785046728972,0.35514018691588783,1
167.0,5.431466999690475,0.12574850299401197,0.2754491017964072,1
140.0,5.648751635536506,0.11428571428571428,0.3357142857142857,1
151.0,5.672623885727351,0.16556291390728478,0.3841059602649007,1
136.0,5.518961095830108,0.10294117647058823,0.4632352941176471,1
132.0,5.556070328129517,0.18181818181818182,0.3106060606060606,1
99.0,5.4853325699161655,0.13131313131313133,0.32323232323232326,1
146.0,5.303561288936412,0.136986301369863,0.2602739726027397,1
148.0,5.569869099531389,0.16891891891891891,0.3108108108108108,1
115.0,5.409189808100247,0.1826086956521739,0.2956521739130435,1
137.0,5.472058821263086,0.13138686131386862,0.3284671532846715,1
128.0,5.652971559180379,0.1171875,0.390625,1
100.0,5.279079570624179,0.15,0.28,1
155.0,5.353354851084895,0.1032258064516129,0.22580645161290322,1
146.0,5.613152792196946,0.1643835616438356,0.273972602739726,1
127.0,5.516645588836004,0.14173228346456693,0.28346456692913385,1
148.0,5.694628514711864,0.14189189189189189,0.3581081081081081,1
142.0,5.723278063784052,0.11267605633802817,0.3873239436619718,1
90.0,5.450201918975733,0.18888888888888888,0.24444444444444444,1
162.0,5.4751134708256615,0.1419753086419753,0.2654320987654321,1
139.0,5.691647483687909,0.1079136690647482,0.37410071942446044,1
141.0,5.586771988692467,0.19148936170212766,0.3262411347517731,1
127.0,5.567271254527903,0.15748031496062992,0.30708661417322836,1
142.0,5.59206725782807,0.2323943661971831,0.2605633802816901,1
98.0,5.528958538054926,0.21428571428571427,0.29591836734693877,1
165.0,5.443095361570738,0.12727272727272726,0.26666666666666666,1
131.0,5.619876986826957,0.13740458015267176,0.3969465648854962,1
142.0,5.548653194191589,0.176056338028169,0.2887323943661972,1
137.0,5.5769093904353495,0.17518248175182483,0.35766423357664234,1
156.0,4.883083672020416,0.05128205128205128,0.5064102564102564,1
109.0,5.231872885995022,0.13761467889908258,0.42201834862385323,1
166.0,5.2281625097130675,0.15060240963855423,0.25903614457831325,1
159.0,5.503996636129324,0.13836477987421383,0.3710691823899371,1
149.0,5.577944168769869,0.1476510067114094,0.31543624161073824,1
134.0,5.526389377362238,0.14925373134328357,0.34328358208955223,1
150.0,5.493246774590514,0.16666666666666666,0.29333333333333333,1
107.0,5.3007662581916,0.08411214953271028,0.2523364485981308,1
167.0,5.268518671111153,0.15568862275449102,0.23353293413173654,1
115.0,5.361984017423038,0.1391304347826087,0.4,1
114.0,5.448113839928184,0.14912280701754385,0.2543859649122807,1
135.0,5.585413189914124,0.1259259259259259,0.31851851851851853,1
137.0,5.750700422659119,0.15328467153284672,0.3357664233576642,1
105.0,5.415163346295566,0.18095238095238095,0.3904761904761905,1
163.0,5.436353176265432,0.10429447852760736,0.26993865030674846,1
137.0,5.593389335182527,0.11678832116788321,0.291970802919708,1
139.0,5.639941792985082,0.1366906474820144,0.3237410071942446,1
139.0,5.615877203287628,0.18705035971223022,0.30935251798561153,1
111.0,5.428066740919948,0.18018018018018017,0.2882882882882883,1
103.0,5.318443581352303,0.2524271844660194,0.2912621359223301,1
162.0,5.536165917092103,0.12962962962962962,0.30246913580246915,1
145.0,5.65245368026644,0.15172413793103448,0.3724137931034483,1
145.0,5.489358918254409,0.12413793103448276,0.3310344827586207,1
135.0,5.618415346149934,0.11851851851851852,0.34074074074074073,1
135.0,5.6672308310816595,0.1111111111111111,0.4,1
91.0,5.341432382095208,0.0989010989010989,0.4065934065934066,1
142.0,5.311193158540139,0.14788732394366197,0.24647887323943662,1
140.0,5.590616167769239,0.21428571428571427,0.32857142857142857,1
125.0,5.616103208819174,0.152,0.368,1
132.0,5.572470305677857,0.1590909090909091,0.4166666666666667,1
139.0,5.4886565241827086,0.17266187050359713,0.3381294964028777,1
90.0,5.411204418927656,0.13333333333333333,0.3333333333333333,1
167.0,5.390679558699114,0.11976047904191617,0.23353293413173654,1
155.0,5.691150558591708,0.14193548387096774,0.34838709677419355,1
136.0,5.629609077596838,0.1323529411764706,0.3602941176470588,1
139.0,5.564959422720739,0.2014388489208633,0.302158273381295,1
149.0,5.624014014481675,0.12080536912751678,0.3288590604026846,1
109.0,5.398841380133061,0.06422018348623854,0.3761467889908257,1
168.0,5.503810109280212,0.1130952380952381,0.24404761904761904,1
129.0,5.577314100486389,0.13953488372093023,0.29457364341085274,1
131.0,5.559570616369779,0.12213740458015267,0.37404580152671757,1
137.0,5.614700901157299,0.15328467153284672,0.27007299270072993,1
138.0,5.506534149118999,0.09420289855072464,0.3333333333333333,1
92.0,5.42156110839121,0.14130434782608695,0.3695652173913043,1
150.0,5.416793901094775,0.1,0.29333333333333333,1
128.0,5.52174709447624,0.1953125,0.34375,1
121.0,5.450772977987119,0.12396694214876033,0.2975206611570248,1
127.0,5.467828809779155,0.15748031496062992,0.3543307086614173,1
126.0,5.55185145151622,0.18253968253968253,0.35714285714285715,1
99.0,5.428408610083845,0.1111111111111111,0.36363636363636365,1
175.0,5.224081169411428,0.13142857142857142,0.2914285714285714,1
141.0,5.3496585339369975,0.1702127659574468,0.36879432624113473,1
135.0,5.504526637776762,0.18518518518518517,0.31851851851851853,1
144.0,5.5621942767568155,0.2013888888888889,0.3333333333333333,1
145.0,5.4434622145850735,0.10344827586206896,0.2620689655172414,1
106.0,5.31504669614001,0.09433962264150944,0.3490566037735849,1
171.0,5.421448382904196,0.13450292397660818,0.24561403508771928,1
131.0,5.583580135665404,0.13740458015267176,0.3282442748091603,1
151.0,5.524727607347089,0.12582781456953643,0.23178807947019867,1
126.0,5.563351527321974,0.09523809523809523,0.35714285714285715,1
157.0,5.446433886821986,0.07006369426751592,0.28662420382165604,1
117.0,5.434574660443388,0.13675213675213677,0.29914529914529914,1
164.0,5.295100082491627,0.11585365853658537,0.23780487804878048,1
151.0,5.631394995070511,0.11258278145695365,0.40397350993377484,1
138.0,5.6170059788134665,0.14492753623188406,0.34057971014492755,1
139.0,5.5574386920904,0.1366906474820144,0.302158273381295,1
140.0,5.499674739798815,0.12857142857142856,0.2857142857142857,1
106.0,5.424353798858239,0.09433962264150944,0.330188679245283,1
165.0,5.450641497921262,0.12727272727272726,0.3151515151515151,1
141.0,5.600197941703741,0.11347517730496454,0.3049645390070922,1
131.0,5.415838391764357,0.0916030534351145,0.32061068702290074,1
155.0,5.488339325797,0.0967741935483871,0.33548387096774196,1
149.0,5.398165125525949,0.16778523489932887,0.2751677852348993,1
119.0,5.552609574964318,0.09243697478991597,0.33613445378151263,1
164.0,5.368605762766497,0.08536585365853659,0.2682926829268293,1
146.0,5.744968631223221,0.1232876712328767,0.3972602739726027,1
141.0,5.524269088037807,0.11347517730496454,0.28368794326241137,1
137.0,5.51822982826522,0.11678832116788321,0.35036496350364965,1
141.0,5.335226378590618,0.09219858156028368,0.2907801418439716,1
101.0,5.326106596798072,0.10891089108910891,0.33663366336633666,1
163.0,5.448366403382202,0.12883435582822086,0.25766871165644173,1
125.0,5.488622661349338,0.128,0.296,1
141.0,5.561285264980173,0.10638297872340426,0.24822695035460993,1
157.0,5.50735673683879,0.10191082802547771,0.3184713375796178,1
140.0,5.436377146595953,0.08571428571428572,0.35,1
110.0,5.500741336791767,0.10909090909090909,0.34545454545454546,1
177.0,5.489033904179607,0.11864406779661017,0.2655367231638418,1
152.0,5.546608764152166,0.13157894736842105,0.2894736842105263,1
140.0,5.523084042934651,0.10714285714285714,0.29285714285714287,1
149.0,5.6356605748408,0.1476510067114094,0.348993288590604,1
154.0,5.471165117265909,0.09090909090909091,0.3116883116883117,1
109.0,5.4033388571575856,0.1651376146788991,0.23853211009174313,1
159.0,5.348582876163277,0.1069182389937107,0.31446540880503143,1
153.0,5.596581863473724,0.08496732026143791,0.32679738562091504,1
147.0,5.644851896453175,0.09523809523809523,0.3877551020408163,1
132.0,5.5242541846430075,0.1893939393939394,0.25757575757575757,1
137.0,5.491862058651384,0.072992700729927,0.35766423357664234,1
112.0,5.539379310733094,0.16071428571428573,0.2857142857142857,1
118.0,5.511206185301429,0.16101694915254236,0.3220338983050847,1
153.0,5.569160574224791,0.11764705882352941,0.3006535947712418,1
152.0,5.604803834003461,0.1118421052631579,0.2894736842105263,1
132.0,5.611253756274551,0.1893939393939394,0.3560606060606061,1
84.0,5.417623339672485,0.14285714285714285,0.3333333333333333,1
168.0,5.420986196076321,0.15476190476190477,0.25595238095238093,1
155.0,5.687883445650738,0.14193548387096774,0.36129032258064514,1
158.0,5.632095701799724,0.17721518987341772,0.31645569620253167,1
138.0,5.557774823804358,0.11594202898550725,0.42028985507246375,1
136.0,5.531294301737211,0.14705882352941177,0.3161764705882353,1
124.0,5.49243517356283,0.08870967741935484,0.31451612903225806,1
161.0,5.473253644475476,0.09316770186335403,0.3105590062111801,1
144.0,5.51949553004707,0.1111111111111111,0.2916666666666667,1
151.0,5.550907489937265,0.1390728476821192,0.271523178807947,1
158.0,5.580949441822207,0.17721518987341772,0.3037974683544304,1
157.0,5.694698478857105,0.12101910828025478,0.3184713375796178,1
105.0,5.440076889293146,0.11428571428571428,0.26666666666666666,1
179.0,5.476169934455294,0.1340782122905028,0.22346368715083798,1
149.0,5.569109252955608,0.087248322147651,0.3288590604026846,1
137.0,5.583571977752261,0.11678832116788321,0.3722627737226277,1
137.0,5.590473555033333,0.17518248175182483,0.3284671532846715,1
165.0,5.53848804073362,0.12121212121212122,0.28484848484848485,1
121.0,5.551117684186096,0.09917355371900827,0.24793388429752067,1
168.0,5.491683980759767,0.1130952380952381,0.31547619047619047,1
140.0,5.617112638801714,0.1,0.40714285714285714,1
131.0,5.588777491245681,0.11450381679389313,0.366412213740458,1
148.0,5.528106873400417,0.10135135135135136,0.38513513513513514,1
137.0,5.648510641637222,0.145985401459854,0.34306569343065696,1
107.0,5.238268950030534,0.12149532710280374,0.29906542056074764,1
163.0,5.378391407652254,0.12883435582822086,0.2392638036809816,1
163.0,5.59691680934323,0.08588957055214724,0.34355828220858897,1
149.0,5.682771648724383,0.1342281879194631,0.3288590604026846,1
144.0,5.511880995521839,0.11805555555555555,0.24305555555555555,1
147.0,5.683012716007166,0.17006802721088435,0.36054421768707484,1
114.0,5.573039935719288,0.08771929824561403,0.35964912280701755,1
176.0,5.415823025743774,0.13068181818181818,0.26704545454545453,1
151.0,5.471858264261571,0.10596026490066225,0.26490066225165565,1
127.0,5.575777675484246,0.12598425196850394,0.2992125984251969,1
136.0,5.598061327189092,0.18382352941176472,0.34558823529411764,1
126.0,5.58411281315329,0.16666666666666666,0.31746031746031744,1
102.0,5.539846484396285,0.14705882352941177,0.3137254901960784,1
173.0,5.433914393157144,0.13872832369942195,0.2543352601156069,1
150.0,5.473721528634377,0.12666666666666668,0.29333333333333333,1
152.0,5.536188968589838,0.10526315789473684,0.2631578947368421,1
153.0,5.56577873639514,0.13071895424836602,0.32679738562091504,1
126.0,5.549729177951546,0.12698412698412698,0.3412698412698413,1
101.0,5.418029492987619,0.10891089108910891,0.22772277227722773,1
173.0,5.460188020000985,0.11560693641618497,0.3063583815028902,1
135.0,5.558126712909803,0.1259259259259259,0.3037037037037037,1
139.0,5.441010250147649,0.05755395683453238,0.3669064748201439,1
151.0,5.553895453419876,0.1456953642384106,0.2980132450331126,1
136.0,5.5035209085498895,0.11029411764705882,0.3161764705882353,1
108.0,5.587173299029626,0.1574074074074074,0.35185185185185186,1
157.0,5.284850741412344,0.10191082802547771,0.25477707006369427,1
143.0,5.598219327147966,0.09090909090909091,0.32867132867132864,1
148.0,5.6509501806124725,0.14864864864864866,0.3918918918918919,1
151.0,5.390704651623731,0.12582781456953643,0.26490066225165565,1
146.0,5.544152559860319,0.11643835616438356,0.2671232876712329,1
105.0,5.453504599142832,0.11428571428571428,0.3238095238095238,1
167.0,5.337067999277812,0.1497005988023952,0.2155688622754491,1
133.0,5.7189690182905215,0.10526315789473684,0.38345864661654133,1
138.0,5.464153921351142,0.10869565217391304,0.34057971014492755,1
143.0,5.523029512186393,0.14685314685314685,0.32867132867132864,1
135.0,5.689116893617829,0.08888888888888889,0.4222222222222222,1
110.0,5.373233777255741,0.13636363636363635,0.24545454545454545,1
173.0,5.529230790386103,0.12716763005780346,0.2947976878612717,1
122.0,5.511485727906231,0.12295081967213115,0.32786885245901637,1
142.0,5.5443350388952,0.1056338028169014,0.3732394366197183,1
122.0,5.452099559891177,0.18032786885245902,0.32786885245901637,1
140.0,5.570753888832621,0.15714285714285714,0.32857142857142857,1
104.0,5.440508771246876,0.125,0.34615384615384615,1
167.0,5.369387527000299,0.08383233532934131,0.32934131736526945,1
131.0,5.500916613350055,0.12213740458015267,0.33587786259541985,1
129.0,5.516776337582076,0.13953488372093023,0.3333333333333333,1
142.0,5.599266511147173,0.11971830985915492,0.3028169014084507,1
144.0,5.455050763368766,0.09027777777777778,0.3402777777777778,1
114.0,5.634045360652478,0.13157894736842105,0.37719298245614036,1
153.0,5.271488147605721,0.09803921568627451,0.2875816993464052,1
146.0,5.294396440362306,0.14383561643835616,0.2328767123287671,1
144.0,5.604375067875891,0.22916666666666666,0.3055555555555556,1
172.0,5.246785153247552,0.13372093023255813,0.29651162790697677,1
152.0,5.22988645849808,0.13157894736842105,0.29605263157894735,1
124.0,5.000971078117088,0.08870967741935484,0.3064516129032258,1
165.0,5.33017036745306,0.15757575757575756,0.2545454545454545,1
107.0,5.319457846976647,0.2523364485981308,0.2897196261682243,1
117.0,5.408743088039007,0.19658119658119658,0.36752136752136755,1
136.0,5.537461511599488,0.13970588235294118,0.3897058823529412,1
137.0,5.594168718731702,0.1678832116788321,0.29927007299270075,1
123.0,5.274428912436189,0.12195121951219512,0.25203252032520324,1
164.0,5.363268940153231,0.12804878048780488,0.25609756097560976,1
139.0,5.526456631036755,0.10071942446043165,0.33093525179856115,1
144.0,5.578614609927651,0.1388888888888889,0.4097222222222222,1
152.0,5.6326634711354275,0.2236842105263158,0.3355263157894737,1
140.0,5.706607817465864,0.15,0.35,1
108.0,5.447178711263295,0.12962962962962962,0.3055555555555556,1
163.0,5.351162076274866,0.10429447852760736,0.3312883435582822,1
136.0,5.550339084573848,0.1323529411764706,0.35294117647058826,1
136.0,5.6154475623111555,0.125,0.375,1
128.0,5.642736839929542,0.1484375,0.421875,1
142.0,5.602404800253146,0.19718309859154928,0.3028169014084507,1
98.0,5.582480094155297,0.12244897959183673,0.3163265306122449,1
162.0,5.4660521682061525,0.12962962962962962,0.3148148148148148,1
150.0,5.5714216755147365,0.17333333333333334,0.32666666666666666,1
134.0,5.3346685977226045,0.15671641791044777,0.4552238805970149,1
136.0,5.546924426877451,0.19852941176470587,0.3088235294117647,1
150.0,5.64883757176204,0.14666666666666667,0.3466666666666667,1
107.0,5.532511412230195,0.18691588785046728,0.37383177570093457,1
150.0,5.392152212559702,0.13333333333333333,0.26666666666666666,1
141.0,5.539870016691852,0.14893617021276595,0.3191489361702128,1
132.0,5.528724566959542,0.13636363636363635,0.36363636363636365,1
147.0,5.441801070385389,0.10884353741496598,0.3469387755102041,1
150.0,5.527190102741956,0.12,0.32,1
121.0,5.492066055857776,0.10743801652892562,0.33884297520661155,1
178.0,5.438120225163149,0.09550561797752809,0.3089887640449438,1
154.0,5.584397378842243,0.11038961038961038,0.37012987012987014,1
145.0,5.359932771170219,0.0896551724137931,0.2689655172413793,1
149.0,5.489008122527895,0.11409395973154363,0.348993288590604,1
147.0,5.549092625673363,0.10204081632653061,0.29931972789115646,1
112.0,5.408761538562642,0.08928571428571429,0.3392857142857143,1
170.0,5.346124684775679,0.11764705882352941,0.22941176470588234,1
138.0,5.677785801733065,0.13043478260869565,0.2753623188405797,1
134.0,5.557662725014055,0.20149253731343283,0.291044776119403,1
140.0,5.7009364780410685,0.15,0.37142857142857144,1
152.0,5.6298654880472565,0.17763157894736842,0.3881578947368421,1
92.0,5.280044260471058,0.15217391304347827,0.29347826086956524,1
160.0,5.378177515787562,0.1125,0.29375,1
149.0,5.5258131121612095,0.12751677852348994,0.31543624161073824,1
141.0,5.595255629561754,0.14893617021276595,0.3333333333333333,1
120.0,5.580436196216232,0.18333333333333332,0.375,1
127.0,5.511999207215666,0.14960629921259844,0.3858267716535433,1
105.0,5.307361951829057,0.2,0.2857142857142857,1
162.0,5.334783042069493,0.1728395061728395,0.2716049382716049,1
150.0,5.362534131178659,0.2,0.28,1
119.0,5.090067789117388,0.23529411764705882,0.3865546218487395,1
149.0,5.501694803144877,0.12080536912751678,0.38926174496644295,1
145.0,5.434744738925266,0.14482758620689656,0.23448275862068965,1
109.0,5.485728306619474,0.13761467889908258,0.3394495412844037,1
160.0,5.2946464181051525,0.125,0.23125,1
135.0,5.383049142366101,0.14074074074074075,0.4222222222222222,1
127.0,5.492666206492562,0.09448818897637795,0.3937007874015748,1
128.0,5.661918801584494,0.15625,0.3671875,1
125.0,5.375510937449997,0.112,0.328,1
113.0,5.604619259439167,0.13274336283185842,0.34513274336283184,1
159.0,5.3746171765562405,0.11949685534591195,0.3333333333333333,1
140.0,5.67075388883262,0.21428571428571427,0.29285714285714287,1
124.0,5.65916052440871,0.1532258064516129,0.3467741935483871,1
129.0,5.581617639726264,0.12403100775193798,0.37209302325581395,1
125.0,5.663304285058294,0.112,0.376,1
96.0,5.392217777137638,0.08333333333333333,0.3125,1
161.0,5.410998442076072,0.16770186335403728,0.2546583850931677,1
140.0,5.590616167769237,0.15,0.35,1
150.0,5.485397194797799,0.13333333333333333,0.36666666666666664,1
152.0,5.644782635870605,0.14473684210526316,0.32894736842105265,1
147.0,5.714237821216573,0.17687074829931973,0.3129251700680272,1
123.0,5.65252840370998,0.12195121951219512,0.36585365853658536,1
163.0,5.333688275655956,0.09815950920245399,0.2883435582822086,1
144.0,5.588134120461744,0.13194444444444445,0.3055555555555556,1
138.0,5.482179146228058,0.10869565217391304,0.2753623188405797,1
135.0,5.602188467739984,0.18518518518518517,0.3037037037037037,1
143.0,5.586801648401524,0.17482517482517482,0.36363636363636365,1
116.0,5.399579892307956,0.10344827586206896,0.27586206896551724,1
165.0,5.414563859088698,0.12727272727272726,0.2545454545454545,1
150.0,5.697720337677562,0.16666666666666666,0.35333333333333333,1
145.0,5.501933791675681,0.16551724137931034,0.31724137931034485,1
143.0,5.707396840694089,0.13986013986013987,0.2937062937062937,1
155.0,5.39420970988872,0.12258064516129032,0.2967741935483871,1
127.0,5.578851372535922,0.14173228346456693,0.4645669291338583,1
156.0,5.349110637807199,0.12179487179487179,0.2564102564102564,1
127.0,5.614790419125059,0.08661417322834646,0.3858267716535433,1
139.0,5.5536108577332834,0.1079136690647482,0.37410071942446044,1
111.0,5.379913786253763,0.1891891891891892,0.3063063063063063,1
132.0,5.6284102904146325,0.18181818181818182,0.3181818181818182,1
89.0,5.510414296154772,0.14606741573033707,0.33707865168539325,1
150.0,5.5017002359298965,0.11333333333333333,0.26,1
130.0,5.554029090939059,0.16923076923076924,0.35384615384615387,1
120.0,5.428940822682204,0.075,0.4,1
140.0,5.659256456872358,0.18571428571428572,0.39285714285714285,1
132.0,5.541606412335833,0.14393939393939395,0.3787878787878788,1
99.0,5.434630044576228,0.1414141414141414,0.3333333333333333,1
171.0,5.4439408726373495,0.1111111111111111,0.26900584795321636,1
132.0,5.602773335980887,0.18181818181818182,0.3409090909090909,1
139.0,5.709376932944814,0.12949640287769784,0.3597122302158273,1
128.0,5.4695032509353485,0.1171875,0.3046875,1
137.0,5.58333701467795,0.17518248175182483,0.40145985401459855,1
105.0,5.447884689944899,0.2,0.3047619047619048,1
173.0,5.470180250668052,0.11560693641618497,0.24855491329479767,1
127.0,5.518932943603354,0.1889763779527559,0.28346456692913385,1
142.0,5.5800284835706995,0.11971830985915492,0.3380281690140845,1
133.0,5.466076121596414,0.15037593984962405,0.3082706766917293,1
121.0,5.60441008927458,0.14049586776859505,0.38016528925619836,1
111.0,5.394439772173542,0.07207207207207207,0.3153153153153153,1
166.0,5.540781720057822,0.10240963855421686,0.3253012048192771,1
129.0,5.502549958019134,0.13953488372093023,0.29457364341085274,1
132.0,5.525450297978259,0.09090909090909091,0.3787878787878788,1
119.0,5.4938922634729455,0.16806722689075632,0.2857142857142857,1
152.0,5.5855307836317305,0.14473684210526316,0.3223684210526316,1
113.0,5.3528894189623974,0.13274336283185842,0.3274336283185841,1
164.0,5.443957187794132,0.17682926829268292,0.2926829268292683,1
145.0,5.610674221713729,0.11724137931034483,0.3931034482758621,1
162.0,5.52163067722395,0.15432098765432098,0.3148148148148148,1
130.0,5.549957360069974,0.17692307692307693,0.3076923076923077,1
133.0,5.584869747887367,0.15789473684210525,0.3533834586466165,1
97.0,5.369415456245982,0.14432989690721648,0.38144329896907214,1
160.0,5.350174979051851,0.0875,0.29375,1
144.0,5.490151346094411,0.1736111111111111,0.3611111111111111,1
148.0,5.522439707581026,0.12837837837837837,0.3783783783783784,1
144.0,5.591359074952787,0.1388888888888889,0.4097222222222222,1
148.0,5.658688336205219,0.14189189189189189,0.30405405405405406,1
108.0,5.355510798949497,0.18518518518518517,0.37962962962962965,1
159.0,5.34465046825358,0.15723270440251572,0.22012578616352202,1
151.0,5.583798365880493,0.2251655629139073,0.31788079470198677,1
142.0,5.6351368205119705,0.15492957746478872,0.323943661971831,1
133.0,5.521543549484586,0.15037593984962405,0.3458646616541353,1
128.0,5.534649316776265,0.15625,0.359375,1
88.0,5.378084851636486,0.10227272727272728,0.26136363636363635,1
157.0,5.463282313026407,0.11464968152866242,0.2611464968152866,1
139.0,5.513368929363261,0.1223021582733813,0.3597122302158273,1
135.0,5.4957845568021995,0.15555555555555556,0.31851851851851853,1
140.0,5.5615613425626,0.19285714285714287,0.32142857142857145,1
130.0,5.5535296173523605,0.12307692307692308,0.27692307692307694,1
115.0,5.65280730750028,0.17391304347826086,0.3652173913043478,1
163.0,5.384777346623528,0.1901840490797546,0.22699386503067484,1
141.0,5.727857516171823,0.14184397163120568,0.3262411347517731,1
147.0,5.624576726444017,0.19047619047619047,0.3129251700680272,1
159.0,5.692411673493224,0.13836477987421383,0.3836477987421384,1
136.0,5.630630882651381,0.15441176470588236,0.3235294117647059,1
91.0,5.386769711975128,0.16483516483516483,0.31868131868131866,1
156.0,5.474684213025303,0.1346153846153846,0.26282051282051283,1
137.0,5.563039795326664,0.1386861313868613,0.27007299270072993,1
139.0,5.652008814592032,0.15827338129496402,0.2805755395683453,1
118.0,5.535949274611121,0.13559322033898305,0.3644067796610169,1
131.0,5.502441277015855,0.19083969465648856,0.32061068702290074,1
109.0,5.52935112774024,0.1651376146788991,0.28440366972477066,1
157.0,5.324222064612646,0.15286624203821655,0.2229299363057325,1
141.0,5.649273718572844,0.1773049645390071,0.3049645390070922,1
134.0,5.454436650970867,0.14925373134328357,0.3582089552238806,1
137.0,5.5615819052520665,0.15328467153284672,0.35766423357664234,1
124.0,5.572951202345058,0.20161290322580644,0.3225806451612903,1
94.0,5.44391195812542,0.13829787234042554,0.30851063829787234,1
150.0,5.543590901152468,0.13333333333333333,0.2866666666666667,1
145.0,5.392277691469544,0.16551724137931034,0.3448275862068966,1
133.0,5.6299825298422554,0.09022556390977443,0.3533834586466165,1
148.0,5.702102480998479,0.14864864864864866,0.3310810810810811,1
139.0,5.577258026638341,0.16546762589928057,0.31654676258992803,1
106.0,5.544682926237137,0.10377358490566038,0.42452830188679247,1
157.0,5.472115573841138,0.10828025477707007,0.25477707006369427,1
144.0,5.590486178987002,0.1111111111111111,0.3263888888888889,1
144.0,5.629442015615037,0.1388888888888889,0.3055555555555556,1
144.0,5.651977519072233,0.10416666666666667,0.4027777777777778,1
138.0,5.6155586531597,0.15942028985507245,0.34782608695652173,1
103.0,5.499336148786764,0.1650485436893204,0.30097087378640774,1
161.0,5.454110507804073,0.13043478260869565,0.2608695652173913,1
147.0,5.665806423401855,0.1564625850340136,0.3333333333333333,1
139.0,5.63432510916403,0.1366906474820144,0.37410071942446044,1
128.0,5.5340709267673045,0.1796875,0.3046875,1
141.0,5.491551513200309,0.19148936170212766,0.28368794326241137,1
96.0,5.3584145219518415,0.21875,0.2604166666666667,1
156.0,5.389640663426646,0.12179487179487179,0.2948717948717949,1
135.0,5.633038816157617,0.14074074074074075,0.32592592592592595,1
140.0,5.59481149993441,0.15,0.35714285714285715,1
129.0,5.640807345334013,0.20930232558139536,0.3178294573643411,1
134.0,5.576872262587036,0.1791044776119403,0.30597014925373134,1
104.0,5.272769892034797,0.10576923076923077,0.25961538461538464,1
162.0,5.312887179878536,0.12962962962962962,0.24691358024691357,1
148.0,5.605026319246729,0.12162162162162163,0.3108108108108108,1
141.0,5.499902130001071,0.18439716312056736,0.2624113475177305,1
146.0,5.621680959990345,0.14383561643835616,0.363013698630137,1
135.0,5.608711316045437,0.1259259259259259,0.32592592592592595,1
104.0,5.491318506969419,0.17307692307692307,0.3269230769230769,1
155.0,5.476228178527199,0.13548387096774195,0.2838709677419355,1
132.0,5.556049540533621,0.13636363636363635,0.32575757575757575,1
146.0,5.677159490607537,0.18493150684931506,0.3424657534246575,1
126.0,5.665373376308271,0.11904761904761904,0.373015873015873,1
136.0,5.543319831321032,0.17647058823529413,0.3088235294117647,1
101.0,5.5008466016668285,0.12871287128712872,0.297029702970297,1
159.0,5.362055817830821,0.1320754716981132,0.2641509433962264,1
140.0,5.56483302152326,0.20714285714285716,0.3,1
131.0,5.437630399186291,0.12213740458015267,0.29770992366412213,1
116.0,5.5923775472786454,0.11206896551724138,0.3706896551724138,1
131.0,5.554767635582828,0.1297709923664122,0.26717557251908397,1
98.0,5.545647028089615,0.17346938775510204,0.32653061224489793,1
162.0,5.435468103746996,0.1111111111111111,0.2962962962962963,1
141.0,5.5948441296316584,0.11347517730496454,0.3475177304964539,1
145.0,5.686401463033357,0.1724137931034483,0.3448275862068966,1
138.0,5.6810548233154226,0.17391304347826086,0.34057971014492755,1
145.0,5.611074369921612,0.1793103448275862,0.32413793103448274,1
105.0,5.4369775753951215,0.14285714285714285,0.26666666666666666,1
157.0,5.235526209098186,0.1464968152866242,0.21019108280254778,1
141.0,5.684596058937005,0.16312056737588654,0.3404255319148936,1
138.0,5.647372852620304,0.16666666666666666,0.34782608695652173,1
138.0,5.5311474901760445,0.14492753623188406,0.3333333333333333,1
130.0,5.7238293518709575,0.13076923076923078,0.3153846153846154,1
100.0,5.433528005004743,0.19,0.29,1
157.0,5.427596132145455,0.1337579617834395,0.3184713375796178,1
128.0,5.620941360195146,0.1875,0.3203125,1
129.0,5.6784410893051245,0.1937984496124031,0.40310077519379844,1
129.0,5.705324275540478,0.15503875968992248,0.3643410852713178,1
132.0,5.490359885510458,0.15151515151515152,0.26515151515151514,1
119.0,5.584838171297254,0.12605042016806722,0.33613445378151263,1
157.0,5.366610739976044,0.1337579617834395,0.25477707006369427,1
144.0,5.556772616679547,0.14583333333333334,0.3958333333333333,1
137.0,5.441521934912409,0.08759124087591241,0.31386861313868614,1
135.0,5.630959742546549,0.16296296296296298,0.3851851851851852,1
139.0,5.692365940307405,0.18705035971223022,0.3237410071942446,1
108.0,5.285051164926934,0.19444444444444445,0.2222222222222222,1
165.0,5.366949085564095,0.09090909090909091,0.3090909090909091,1
134.0,5.645047097734552,0.11194029850746269,0.34328358208955223,1
125.0,5.655147884989063,0.16,0.384,1
138.0,5.5846553016633935,0.2028985507246377,0.2971014492753623,1
136.0,5.6330237352932375,0.18382352941176472,0.3602941176470588,1
116.0,5.433002710787146,0.15517241379310345,0.35344827586206895,1
157.0,5.436634424432674,0.12738853503184713,0.3057324840764331,1
117.0,5.59117879716675,0.1452991452991453,0.3333333333333333,1
141.0,5.566658537780332,0.1347517730496454,0.3333333333333333,1
137.0,5.57092530964386,0.1897810218978102,0.39416058394160586,1
131.0,5.475628155130468,0.1450381679389313,0.3282442748091603,1
114.0,5.58175676431307,0.16666666666666666,0.34210526315789475,1
170.0,5.373260055204583,0.10588235294117647,0.2647058823529412,1
130.0,5.603255720788593,0.12307692307692308,0.33076923076923076,1
133.0,5.562166364363656,0.13533834586466165,0.3684210526315789,1
129.0,5.603947752293985,0.16279069767441862,0.3023255813953488,1
137.0,5.72555558004557,0.11678832116788321,0.40145985401459855,1
111.0,5.459711055937835,0.14414414414414414,0.36036036036036034,1
161.0,5.4613692519650705,0.18012422360248448,0.2422360248447205,1
129.0,5.692667468868062,0.17054263565891473,0.31007751937984496,1
142.0,5.587567190215043,0.14788732394366197,0.4225352112676056,1
135.0,5.579273031222938,0.18518518518518517,0.3333333333333333,1
145.0,5.725088638719125,0.1103448275862069,0.38620689655172413,1
113.0,5.577897577946653,0.12389380530973451,0.30973451327433627,1
160.0,5.3997089177956195,0.13125,0.225,1
140.0,5.661860228133789,0.18571428571428572,0.30714285714285716,1
145.0,5.610053212388552,0.12413793103448276,0.3793103448275862,1
142.0,5.629299345699923,0.11971830985915492,0.29577464788732394,1
140.0,5.625108463650026,0.09285714285714286,0.37857142857142856,1
98.0,5.386101395197783,0.11224489795918367,0.2653061224489796,1
154.0,5.349624794956388,0.13636363636363635,0.3181818181818182,1
137.0,5.605917919275037,0.145985401459854,0.36496350364963503,1
133.0,5.630176752014911,0.10526315789473684,0.39849624060150374,1
127.0,5.52388719937572,0.15748031496062992,0.3464566929133858,1
137.0,5.760991733127857,0.1386861313868613,0.4233576642335766,1
104.0,5.473047982643551,0.19230769230769232,0.25961538461538464,1
158.0,5.448793843586535,0.13291139240506328,0.2721518987341772,1
126.0,5.5583579520593505,0.1746031746031746,0.31746031746031744,1
137.0,5.572551722246225,0.18248175182481752,0.3357664233576642,1
139.0,5.5330730665658505,0.12949640287769784,0.35251798561151076,1
135.0,5.504267868118692,0.15555555555555556,0.25925925925925924,1
113.0,5.5526342773070665,0.168141592920354,0.3274336283185841,1
160.0,5.337605851642249,0.19375,0.2375,1
126.0,5.521413332757337,0.1984126984126984,0.24603174603174602,1
129.0,5.66956320536926,0.14728682170542637,0.3798449612403101,1
132.0,5.608931737437759,0.20454545454545456,0.26515151515151514,1
132.0,5.413089196569402,0.18181818181818182,0.2878787878787879,1
94.0,5.45609543714379,0.13829787234042554,0.2978723404255319,1
153.0,5.391032781437615,0.09803921568627451,0.2549019607843137,1
127.0,5.545249746794596,0.13385826771653545,0.36220472440944884,1
145.0,5.611362949093794,0.11724137931034483,0.41379310344827586,1
137.0,5.674129437289243,0.10218978102189781,0.34306569343065696,1
150.0,5.605118234931354,0.16666666666666666,0.37333333333333335,1
102.0,5.537635087443513,0.11764705882352941,0.4117647058823529,1
160.0,5.487671629802788,0.15,0.2875,1
144.0,5.685176956927278,0.16666666666666666,0.375,1
130.0,5.552240840436674,0.23076923076923078,0.27692307692307694,1
137.0,5.596829506882069,0.23357664233576642,0.23357664233576642,1
131.0,5.53499595263792,0.11450381679389313,0.3893129770992366,1
94.0,5.44178716088904,0.09574468085106383,0.35106382978723405,1
158.0,5.376340758771884,0.12025316455696203,0.23417721518987342,1
132.0,5.569513036544802,0.12878787878787878,0.3333333333333333,1
131.0,5.645411169788379,0.15267175572519084,0.32061068702290074,1
136.0,5.552285132415691,0.17647058823529413,0.3014705882352941,1
143.0,5.479674750366674,0.11888111888111888,0.3916083916083916,1
102.0,5.478811558031748,0.08823529411764706,0.30392156862745096,1
171.0,5.397811868401468,0.11695906432748537,0.2573099415204678,1
136.0,5.466324952476642,0.15441176470588236,0.3235294117647059,1
143.0,5.184358484074698,0.11888111888111888,0.3986013986013986,1
151.0,5.276642469141393,0.08609271523178808,0.4304635761589404,1
166.0,5.400125315249498,0.0963855421686747,0.3855421686746988,1
124.0,5.565066476307255,0.10483870967741936,0.3467741935483871,1
159.0,5.244245755466929,0.12578616352201258,0.2830188679245283,1
126.0,5.407336901555141,0.16666666666666666,0.3492063492063492,1
132.0,5.598567604451011,0.16666666666666666,0.32575757575757575,1
144.0,5.659930623431447,0.125,0.3333333333333333,1
134.0,5.553712538350019,0.07462686567164178,0.34328358208955223,1
106.0,5.588598228426323,0.1320754716981132,0.27358490566037735,1
159.0,5.2864043995187355,0.13836477987421383,0.2389937106918239,1
146.0,5.6544256110254585,0.11643835616438356,0.3493150684931507,1
150.0,5.704815691213912,0.12,0.3333333333333333,1
140.0,5.632276589204671,0.11428571428571428,0.37857142857142856,1
136.0,5.6369158309769185,0.15441176470588236,0.3235294117647059,1
112.0,5.38652738681556,0.044642857142857144,0.3482142857142857,1
164.0,5.536958332020578,0.10365853658536585,0.2865853658536585,1
140.0,5.6705693777686,0.15714285714285714,0.3,1
139.0,5.530565760482419,0.20863309352517986,0.302158273381295,1
138.0,5.6502015448345295,0.17391304347826086,0.32608695652173914,1
136.0,5.677685749419318,0.16911764705882354,0.35294117647058826,1
114.0,5.512683931147041,0.12280701754385964,0.3508771929824561,1
161.0,5.461946614660615,0.14285714285714285,0.30434782608695654,1
151.0,5.627381068601727,0.12582781456953643,0.32450331125827814,1
133.0,5.497285232911845,0.12781954887218044,0.3007518796992481,1
143.0,5.711098414211436,0.14685314685314685,0.3986013986013986,1
124.0,5.650448302945353,0.14516129032258066,0.33064516129032256,1
104.0,5.527235213637779,0.15384615384615385,0.33653846153846156,1
167.0,5.365481670297335,0.17964071856287425,0.23952095808383234,1
132.0,5.570957192494373,0.1590909090909091,0.3560606060606061,1
149.0,5.6367665952191945,0.16778523489932887,0.3422818791946309,1
139.0,5.532053574119257,0.1223021582733813,0.30935251798561153,1
132.0,5.486206503042156,0.13636363636363635,0.32575757575757575,1
98.0,5.402362905845061,0.14285714285714285,0.3163265306122449,1
167.0,5.484013293856994,0.08982035928143713,0.2874251497005988,1
147.0,5.609831549579804,0.16326530612244897,0.35374149659863946,1
141.0,5.5909068490505,0.14184397163120568,0.3262411347517731,1
138.0,5.639261146252449,0.14492753623188406,0.42028985507246375,1
143.0,5.635777435657822,0.1258741258741259,0.32867132867132864,1
106.0,5.489633841674689,0.10377358490566038,0.3584905660377358,1
168.0,5.416837201485883,0.13095238095238096,0.25,1
146.0,5.585517389288276,0.136986301369863,0.3219178082191781,1
145.0,5.394213380693637,0.0896551724137931,0.3448275862068966,1
146.0,5.53381163517315,0.2054794520547945,0.3219178082191781,1
155.0,5.6443622511521125,0.16774193548387098,0.36774193548387096,1
101.0,5.42163868087475,0.1782178217821782,0.3069306930693069,1
178.0,5.443037297683237,0.12359550561797752,0.29213483146067415,1
120.0,5.5042258043185095,0.14166666666666666,0.2916666666666667,1
130.0,5.623678967189005,0.15384615384615385,0.3153846153846154,1
124.0,5.430937972712504,0.25806451612903225,0.3064516129032258,1
134.0,5.572848798923303,0.20149253731343283,0.35074626865671643,1
95.0,5.410498076884446,0.11578947368421053,0.30526315789473685,1
159.0,5.413609195048187,0.16981132075471697,0.2641509433962264,1
133.0,5.66374362003529,0.15789473684210525,0.3007518796992481,1
161.0,5.350652582116252,0.13043478260869565,0.43478260869565216,1
144.0,5.574648158587741,0.18055555555555555,0.3611111111111111,1
134.0,5.5233772281539695,0.11940298507462686,0.3880597014925373,1
108.0,5.558975321644284,0.19444444444444445,0.37962962962962965,1
171.0,5.303758069074744,0.13450292397660818,0.2631578947368421,1
146.0,5.2201596221287705,0.0410958904109589,0.3287671232876712,1
137.0,5.456068831589046,0.1386861313868613,0.2773722627737226,1
157.0,5.591515479237873,0.09554140127388536,0.29936305732484075,1
145.0,5.520417493868324,0.1310344827586207,0.296551724137931,1
116.0,5.508475878909244,0.1206896551724138,0.33620689655172414,1
175.0,5.365140125705258,0.11428571428571428,0.2742857142857143,1
152.0,5.483939109972359,0.13157894736842105,0.3026315789473684,1
140.0,5.557181499333405,0.15,0.32857142857142857,1
134.0,5.657997377536864,0.1417910447761194,0.373134328358209,1
143.0,5.631489477251616,0.11188811188811189,0.35664335664335667,1
123.0,5.555989355084557,0.13008130081300814,0.37398373983739835,1
167.0,5.440547010975289,0.12574850299401197,0.25748502994011974,1
146.0,5.582288152288199,0.136986301369863,0.2328767123287671,1
144.0,5.600859530190638,0.13194444444444445,0.3958333333333333,1
136.0,5.621902272300696,0.13970588235294118,0.3602941176470588,1
161.0,5.4923861368078715,0.07453416149068323,0.2919254658385093,1
117.0,5.484448190046972,0.1452991452991453,0.3162393162393162,1
171.0,5.398640578635833,0.09941520467836257,0.27485380116959063,1
146.0,5.6557748368991625,0.11643835616438356,0.3287671232876712,1
147.0,5.66890364171365,0.16326530612244897,0.30612244897959184,1
146.0,5.602109063175741,0.13013698630136986,0.2808219178082192,1
139.0,5.734159979261769,0.1366906474820144,0.39568345323741005,1
107.0,5.377098417061125,0.1308411214953271,0.21495327102803738,1
161.0,5.456637589988109,0.13043478260869565,0.2422360248447205,1
159.0,5.656621834048502,0.15723270440251572,0.3584905660377358,1
142.0,5.635024056913352,0.11971830985915492,0.2887323943661972,1
141.0,5.519276597489438,0.14184397163120568,0.2978723404255319,1
153.0,5.537357066162482,0.0718954248366013,0.30718954248366015,1
116.0,5.370466375849964,0.14655172413793102,0.31896551724137934,1
162.0,5.39136164061288,0.12962962962962962,0.20987654320987653,1
142.0,5.506512436663445,0.07746478873239436,0.2887323943661972,1
152.0,5.694570770702648,0.14473684210526316,0.34210526315789475,1
154.0,5.716136015808442,0.11038961038961038,0.2987012987012987,1
156.0,5.56652299578237,0.11538461538461539,0.36538461538461536,1
108.0,5.58018359993552,0.1111111111111111,0.28703703703703703,1
159.0,5.326873734564637,0.14465408805031446,0.2389937106918239,1
142.0,5.513874278618493,0.14084507042253522,0.2676056338028169,1
144.0,5.605247963841674,0.13194444444444445,0.3333333333333333,1
142.0,5.586588560021959,0.18309859154929578,0.323943661971831,1
133.0,5.4595236241049845,0.09774436090225563,0.3007518796992481,1
116.0,5.413678789061403,0.07758620689655173,0.3706896551724138,1
134.0,5.57210353422099,0.19402985074626866,0.31343283582089554,1
134.0,5.669457127934549,0.1791044776119403,0.2835820895522388,1
157.0,5.515451921850252,0.10191082802547771,0.3248407643312102,1
139.0,5.684126753057574,0.17985611510791366,0.35251798561151076,1
95.0,5.423604524230093,0.1368421052631579,0.30526315789473685,1
164.0,5.336444923784023,0.13414634146341464,0.23780487804878048,1
139.0,5.595173314376997,0.09352517985611511,0.3381294964028777,1
142.0,5.757447141316552,0.14084507042253522,0.31690140845070425,1
135.0,5.604961409181164,0.14814814814814814,0.2740740740740741,1
152.0,5.6514902017170145,0.11842105263157894,0.34210526315789475,1
108.0,5.433884812344961,0.12037037037037036,0.35185185185185186,1
166.0,5.373231378823533,0.12048192771084337,0.2289156626506024,1
143.0,5.585112313295327,0.1258741258741259,0.3006993006993007,1
149.0,5.450623390564765,0.12080536912751678,0.3288590604026846,1
147.0,5.637061100346189,0.10204081632653061,0.2857142857142857,1
152.0,5.654058356490456,0.09210526315789473,0.35526315789473684,1
109.0,5.401122573486151,0.09174311926605505,0.3302752293577982,1
153.0,5.224047653212008,0.10457516339869281,0.2549019607843137,1
140.0,5.536790406674311,0.11428571428571428,0.37142857142857144,1
138.0,5.525960624343757,0.07971014492753623,0.34782608695652173,1
128.0,5.547099535865588,0.109375,0.3125,1
159.0,5.622943864954755,0.1320754716981132,0.24528301886792453,1
118.0,5.422524884905577,0.11864406779661017,0.2711864406779661,1
176.0,5.4225005523924015,0.125,0.23295454545454544,1
144.0,5.579196922699224,0.11805555555555555,0.4097222222222222,1
142.0,5.627253612915041,0.13380281690140844,0.3732394366197183,1
158.0,5.577299714491418,0.08227848101265822,0.35443037974683544,1
141.0,5.585008512979795,0.14184397163120568,0.3546099290780142,1
109.0,5.417426990674005,0.11009174311926606,0.24770642201834864,1
168.0,5.336730469205119,0.08928571428571429,0.23809523809523808,1
153.0,5.545399319169891,0.08496732026143791,0.3137254901960784,1
141.0,5.4611030166179555,0.19148936170212766,0.2907801418439716,1
139.0,5.433976393826157,0.17266187050359713,0.2949640287769784,1
145.0,5.536054779862456,0.1724137931034483,0.3103448275862069,1
112.0,5.380597704789402,0.11607142857142858,0.24107142857142858,1
149.0,5.239275380286302,0.10067114093959731,0.2080536912751678,1
169.0,5.555448949114656,0.09467455621301775,0.3076923076923077,1
133.0,5.497164838693777,0.19548872180451127,0.2706766917293233,1
130.0,5.497975579571343,0.09230769230769231,0.2923076923076923,1
124.0,5.483070177927909,0.13709677419354838,0.29838709677419356,1
110.0,5.46642826851161,0.18181818181818182,0.33636363636363636,1
176.0,5.339375619122408,0.10795454545454546,0.24431818181818182,1
145.0,5.457572629022556,0.14482758620689656,0.2620689655172414,1
144.0,5.28741905859503,0.08333333333333333,0.24305555555555555,1
151.0,5.646115647564048,0.1456953642384106,0.2980132450331126,1
151.0,5.60655161808698,0.09933774834437085,0.3576158940397351,1
113.0,5.50364660869388,0.13274336283185842,0.2831858407079646,1
162.0,5.396021440008951,0.12962962962962962,0.25308641975308643,1
149.0,5.594548514310111,0.10738255033557047,0.30201342281879195,1
147.0,5.600876430829295,0.14285714285714285,0.2925170068027211,1
150.0,5.624922440753932,0.12666666666666668,0.38,1
159.0,5.616676805694692,0.11320754716981132,0.2893081761006289,1
112.0,5.437735757293325,0.0625,0.36607142857142855,1
175.0,5.4587687766361315,0.14857142857142858,0.26857142857142857,1
141.0,5.616854080324992,0.12056737588652482,0.3617021276595745,1
142.0,5.396044701746246,0.09154929577464789,0.31690140845070425,1
150.0,5.5878692582438605,0.14666666666666667,0.26,1
143.0,5.604377260862903,0.14685314685314685,0.3356643356643357,1
91.0,5.485885646136162,0.15384615384615385,0.3076923076923077,1
163.0,5.326435168682874,0.09815950920245399,0.22085889570552147,1
145.0,5.514412215225037,0.0896551724137931,0.32413793103448274,1
145.0,5.583954890810781,0.12413793103448276,0.3310344827586207,1
141.0,5.490660044979936,0.09929078014184398,0.3049645390070922,1
134.0,5.650076526875518,0.11940298507462686,0.35074626865671643,1
103.0,5.447192367069198,0.14563106796116504,0.3106796116504854,1
173.0,5.4182143314187305,0.13872832369942195,0.30057803468208094,1
142.0,5.537839063534618,0.15492957746478872,0.3380281690140845,1
128.0,5.644226125752538,0.1640625,0.3359375,1
142.0,5.625095116531543,0.1619718309859155,0.323943661971831,1
132.0,5.470880081933788,0.12878787878787878,0.29545454545454547,1
111.0,5.456779272520789,0.10810810810810811,0.2972972972972973,1
167.0,5.424788859778525,0.12574850299401197,0.2754491017964072,1
137.0,5.51658338673834,0.18248175182481752,0.2846715328467153,1
148.0,5.368926507592348,0.12162162162162163,0.27702702702702703,1
144.0,5.5688045161993465,0.10416666666666667,0.3541666666666667,1
152.0,5.296865468151922,0.11842105263157894,0.3223684210526316,1
96.0,5.270848147404271,0.16666666666666666,0.34375,1
165.0,5.38985807310133,0.15151515151515152,0.3090909090909091,1
154.0,5.002900245076333,0.15584415584415584,0.24025974025974026,1
147.0,5.443977533201547,0.2108843537414966,0.3333333333333333,1
115.0,3.892726629779273,0.043478260869565216,0.7913043478260869,1
23.0,3.621175542919471,0.21739130434782608,0.0,1
23.0,3.621175542919471,0.21739130434782608,0.0,1
107.0,4.574549480201024,0.08411214953271028,0.7383177570093458,1
23.0,3.534219021180341,0.21739130434782608,0.0,1
172.0,5.011728629290517,0.12790697674418605,0.7558139534883721,1
23.0,3.621175542919471,0.21739130434782608,0.0,1
23.0,3.621175542919471,0.21739130434782608,0.0,1
23.0,3.621175542919471,0.21739130434782608,0.0,1
107.0,4.603010990085293,0.09345794392523364,0.7289719626168224,1
23.0,3.534219021180341,0.21739130434782608,0.0,1
23.0,3.621175542919471,0.21739130434782608,0.0,1
245.0,4.899235362806942,0.07346938775510205,0.8408163265306122,1
23.0,3.621175542919471,0.21739130434782608,0.0,1
23.0,3.621175542919471,0.21739130434782608,0.0,1
245.0,4.963700696945192,0.09795918367346938,0.8163265306122449,1
23.0,3.501397825434103,0.21739130434782608,0.0,1
245.0,4.932217724257686,0.09795918367346938,0.8163265306122449,1
23.0,3.501397825434103,0.21739130434782608,0.0,1
245.0,4.991097556385213,0.11020408163265306,0.8040816326530612,1
23.0,3.534219021180341,0.21739130434782608,0.0,1
245.0,4.938555386213982,0.10612244897959183,0.8081632653061225,1
23.0,3.621175542919471,0.21739130434782608,0.0,1
245.0,4.986047976257614,0.11836734693877551,0.7959183673469388,1
23.0,3.621175542919471,0.21739130434782608,0.0,1
23.0,3.621175542919471,0.21739130434782608,0.0,1
245.0,4.93833233288469,0.08979591836734693,0.8244897959183674,1
23.0,3.621175542919471,0.21739130434782608,0.0,1
245.0,4.963878486847183,0.10612244897959183,0.8081632653061225,1
23.0,3.534219021180341,0.21739130434782608,0.0,1
245.0,4.978255586696234,0.06938775510204082,0.8448979591836735,1
23.0,3.621175542919471,0.21739130434782608,0.0,1
23.0,3.621175542919471,0.21739130434782608,0.0,1
245.0,4.957273679519383,0.05714285714285714,0.8571428571428571,1
23.0,3.621175542919471,0.21739130434782608,0.0,1
107.0,4.553330832006116,0.09345794392523364,0.7289719626168224,1
23.0,3.534219021180341,0.21739130434782608,0.0,1
107.0,4.545342486470852,0.08411214953271028,0.7383177570093458,1
23.0,3.501397825434103,0.21739130434782608,0.0,1
23.0,3.621175542919471,0.21739130434782608,0.0,1
245.0,4.914473761960001,0.08979591836734693,0.8244897959183674,1
23.0,3.621175542919471,0.21739130434782608,0.0,1
245.0,4.944802007290696,0.07346938775510205,0.8408163265306122,1
23.0,3.621175542919471,0.21739130434782608,0.0,1
245.0,4.910260188070796,0.09795918367346938,0.8163265306122449,1
23.0,3.621175542919471,0.21739130434782608,0.0,1
245.0,4.957395859215242,0.11836734693877551,0.7959183673469388,1
23.0,3.534219021180341,0.21739130434782608,0.0,1
23.0,3.621175542919471,0.21739130434782608,0.0,1
245.0,4.957771205421469,0.10204081632653061,0.8122448979591836,1
23.0,3.621175542919471,0.21739130434782608,0.0,1
23.0,3.621175542919471,0.21739130434782608,0.0,1
245.0,4.96848987289344,0.08979591836734693,0.8244897959183674,1
23.0,3.621175542919471,0.21739130434782608,0.0,1
245.0,4.8321517941790715,0.07346938775510205,0.8408163265306122,1
23.0,3.621175542919471,0.21739130434782608,0.0,1
23.0,3.621175542919471,0.21739130434782608,0.0,1
245.0,4.807471831005868,0.10612244897959183,0.8081632653061225,1
23.0,3.708132064658602,0.21739130434782608,0.0,1
245.0,4.977740545610367,0.08979591836734693,0.8244897959183674,1
23.0,3.708132064658602,0.21739130434782608,0.0,1
245.0,4.899683243297642,0.07346938775510205,0.8408163265306122,1
23.0,3.708132064658602,0.21739130434782608,0.0,1
245.0,4.964977893959283,0.12244897959183673,0.7918367346938775,1
23.0,3.621175542919471,0.21739130434782608,0.0,1
245.0,4.887907756154229,0.08571428571428572,0.8285714285714286,1
23.0,3.708132064658602,0.21739130434782608,0.0,1
23.0,3.708132064658602,0.21739130434782608,0.0,1
237.0,4.351508449852534,0.08016877637130802,0.8312236286919831,1
23.0,3.708132064658602,0.21739130434782608,0.0,1
23.0,3.621175542919471,0.21739130434782608,0.0,1
23.0,3.621175542919471,0.21739130434782608,0.0,1
23.0,3.708132064658602,0.21739130434782608,0.0,1
23.0,3.621175542919471,0.21739130434782608,0.0,1
23.0,3.708132064658602,0.21739130434782608,0.0,1
23.0,3.708132064658602,0.21739130434782608,0.0,1
23.0,3.621175542919471,0.21739130434782608,0.0,1
23.0,3.708132064658602,0.21739130434782608,0.0,1
23.0,3.708132064658602,0.21739130434782608,0.0,1
107.0,4.467123194713768,0.056074766355140186,0.7663551401869159,1
23.0,3.708132064658602,0.21739130434782608,0.0,1
131.0,4.036007907157393,0.04580152671755725,0.8091603053435115,1
23.0,3.621175542919471,0.21739130434782608,0.0,1
23.0,3.621175542919471,0.21739130434782608,0.0,1
180.0,4.905758970920944,0.13333333333333333,0.7555555555555555,1
23.0,3.708132064658602,0.21739130434782608,0.0,1
23.0,3.708132064658602,0.21739130434782608,0.0,1
23.0,3.621175542919471,0.21739130434782608,0.0,1
204.0,4.947423376847241,0.12254901960784313,0.7794117647058824,1
23.0,3.708132064658602,0.21739130434782608,0.0,1
23.0,3.621175542919471,0.21739130434782608,0.0,1
23.0,3.708132064658602,0.21739130434782608,0.0,1
23.0,3.708132064658602,0.21739130434782608,0.0,1
23.0,3.708132064658602,0.21739130434782608,0.0,1
107.0,4.556241012968812,0.06542056074766354,0.7570093457943925,1
23.0,3.621175542919471,0.21739130434782608,0.0,1
23.0,3.621175542919471,0.21739130434782608,0.0,1
245.0,4.974040863162873,0.13877551020408163,0.7755102040816326,1
23.0,3.708132064658602,0.21739130434782608,0.0,1
188.0,5.02771589859671,0.15425531914893617,0.7393617021276596,1
23.0,3.708132064658602,0.21739130434782608,0.0,1
23.0,3.708132064658602,0.21739130434782608,0.0,1
23.0,3.621175542919471,0.21739130434782608,0.0,1
107.0,4.541694266605775,0.102803738317757,0.719626168224299,1
23.0,3.621175542919471,0.21739130434782608,0.0,1
245.0,4.90813571742205,0.13877551020408163,0.7755102040816326,1
23.0,3.708132064658602,0.21739130434782608,0.0,1
131.0,4.8245670545925625,0.12213740458015267,0.732824427480916,1
23.0,3.708132064658602,0.21739130434782608,0.0,1
23.0,3.708132064658602,0.21739130434782608,0.0,1
23.0,3.534219021180341,0.21739130434782608,0.0,1
180.0,4.8465264905781575,0.1388888888888889,0.75,1
23.0,3.534219021180341,0.21739130434782608,0.0,1
23.0,3.621175542919471,0.21739130434782608,0.0,1
23.0,3.621175542919471,0.21739130434782608,0.0,1
23.0,3.621175542919471,0.21739130434782608,0.0,1
107.0,4.614789260693022,0.08411214953271028,0.7383177570093458,1
23.0,3.621175542919471,0.21739130434782608,0.0,1
23.0,3.501397825434103,0.21739130434782608,0.0,1
23.0,3.621175542919471,0.21739130434782608,0.0,1
107.0,4.581746208793117,0.08411214953271028,0.7383177570093458,1
23.0,3.621175542919471,0.21739130434782608,0.0,1
23.0,3.621175542919471,0.21739130434782608,0.0,1
23.0,3.621175542919471,0.21739130434782608,0.0,1
107.0,4.606417793604922,0.09345794392523364,0.7289719626168224,1
23.0,3.621175542919471,0.21739130434782608,0.0,1
23.0,3.708132064658602,0.21739130434782608,0.0,1
23.0,3.708132064658602,0.21739130434782608,0.0,1
107.0,4.6414691950133316,0.08411214953271028,0.7383177570093458,1
23.0,3.708132064658602,0.21739130434782608,0.0,1
23.0,3.708132064658602,0.21739130434782608,0.0,1
23.0,3.621175542919471,0.21739130434782608,0.0,1
23.0,3.621175542919471,0.21739130434782608,0.0,1
107.0,4.57973785928461,0.08411214953271028,0.7383177570093458,1
23.0,3.708132064658602,0.21739130434782608,0.0,1
23.0,3.708132064658602,0.21739130434782608,0.0,1
23.0,3.621175542919471,0.21739130434782608,0.0,1
245.0,5.026674889922856,0.11836734693877551,0.7959183673469388,1
23.0,3.621175542919471,0.21739130434782608,0.0,1
115.0,4.697973301509713,0.10434782608695652,0.7304347826086957,1
23.0,3.708132064658602,0.21739130434782608,0.0,1
23.0,3.708132064658602,0.21739130434782608,0.0,1
23.0,3.708132064658602,0.21739130434782608,0.0,1
245.0,4.981268284043009,0.11836734693877551,0.7959183673469388,1
23.0,3.708132064658602,0.21739130434782608,0.0,1
245.0,5.05761384008833,0.15918367346938775,0.7551020408163265,1
23.0,3.621175542919471,0.21739130434782608,0.0,1
245.0,5.081797133428943,0.13877551020408163,0.7755102040816326,1
23.0,3.708132064658602,0.21739130434782608,0.0,1
245.0,5.050917350946444,0.1510204081632653,0.763265306122449,1
23.0,3.621175542919471,0.21739130434782608,0.0,1
245.0,5.075401848303506,0.15510204081632653,0.7591836734693878,1
23.0,3.708132064658602,0.21739130434782608,0.0,1
245.0,5.009920989957542,0.09795918367346938,0.8163265306122449,1
23.0,3.621175542919471,0.21739130434782608,0.0,1
245.0,5.028341765448542,0.13877551020408163,0.7755102040816326,1
23.0,3.708132064658602,0.21739130434782608,0.0,1
23.0,3.621175542919471,0.21739130434782608,0.0,1
245.0,5.044804874382719,0.1306122448979592,0.7836734693877551,1
23.0,3.708132064658602,0.21739130434782608,0.0,1
245.0,5.047444206791946,0.10612244897959183,0.8081632653061225,1
23.0,3.708132064658602,0.21739130434782608,0.0,1
245.0,5.025886556989814,0.1306122448979592,0.7836734693877551,1
23.0,3.708132064658602,0.21739130434782608,0.0,1
245.0,4.99397285717629,0.12244897959183673,0.7918367346938775,1
23.0,3.621175542919471,0.21739130434782608,0.0,1
245.0,5.081829125471949,0.13877551020408163,0.7755102040816326,1
23.0,3.708132064658602,0.21739130434782608,0.0,1
245.0,5.032601276654354,0.08979591836734693,0.8244897959183674,1
23.0,3.708132064658602,0.21739130434782608,0.0,1
245.0,5.016520123889391,0.15510204081632653,0.7591836734693878,1
23.0,3.621175542919471,0.21739130434782608,0.0,1
23.0,3.534219021180341,0.21739130434782608,0.0,1
245.0,5.040676631268819,0.13877551020408163,0.7755102040816326,1
23.0,3.501397825434103,0.21739130434782608,0.0,1
245.0,5.07003988031169,0.1346938775510204,0.7795918367346939,1
23.0,3.621175542919471,0.21739130434782608,0.0,1
245.0,5.047232542879869,0.13877551020408163,0.7755102040816326,1
23.0,3.621175542919471,0.21739130434782608,0.0,1
23.0,3.621175542919471,0.21739130434782608,0.0,1
245.0,5.030726037711605,0.18775510204081633,0.726530612244898,1
23.0,3.621175542919471,0.21739130434782608,0.0,1
245.0,5.037331518831951,0.1346938775510204,0.7795918367346939,1
23.0,3.534219021180341,0.21739130434782608,0.0,1
245.0,5.053005352059997,0.10612244897959183,0.8081632653061225,1
23.0,3.621175542919471,0.21739130434782608,0.0,1
245.0,5.064125495709316,0.12244897959183673,0.7918367346938775,1
23.0,3.621175542919471,0.21739130434782608,0.0,1
23.0,3.621175542919471,0.21739130434782608,0.0,1
245.0,5.077724695797201,0.12653061224489795,0.7877551020408163,1
23.0,3.501397825434103,0.21739130434782608,0.0,1
245.0,5.03023069200959,0.11428571428571428,0.8,1
23.0,3.36030597770208,0.21739130434782608,0.0,1
23.0,3.501397825434103,0.21739130434782608,0.0,1
245.0,5.060282402302523,0.14285714285714285,0.7714285714285715,1
23.0,3.501397825434103,0.21739130434782608,0.0,1
245.0,4.992515661863198,0.08163265306122448,0.8326530612244898,1
23.0,3.501397825434103,0.21739130434782608,0.0,1
245.0,5.017736427988532,0.11020408163265306,0.8040816326530612,1
23.0,3.501397825434103,0.21739130434782608,0.0,1
245.0,5.01651436935128,0.15510204081632653,0.7591836734693878,1
23.0,3.414441303694973,0.21739130434782608,0.0,1
245.0,5.011531358590554,0.10612244897959183,0.8081632653061225,1
23.0,3.501397825434103,0.21739130434782608,0.0,1
245.0,5.070398672709881,0.1469387755102041,0.7673469387755102,1
23.0,3.501397825434103,0.21739130434782608,0.0,1
245.0,5.09205627608251,0.1346938775510204,0.7795918367346939,1
23.0,3.501397825434103,0.21739130434782608,0.0,1
23.0,3.621175542919471,0.21739130434782608,0.0,1
245.0,4.982135218584869,0.08979591836734693,0.8244897959183674,1
23.0,3.501397825434103,0.21739130434782608,0.0,1
245.0,5.0052888555691455,0.11428571428571428,0.8,1
23.0,3.534219021180341,0.21739130434782608,0.0,1
245.0,5.01882531373278,0.1673469387755102,0.746938775510204,1
23.0,3.621175542919471,0.21739130434782608,0.0,1
245.0,4.942952901731999,0.11428571428571428,0.8,1
23.0,3.621175542919471,0.21739130434782608,0.0,1
23.0,3.621175542919471,0.21739130434782608,0.0,1
245.0,5.07143839726566,0.17142857142857143,0.7428571428571429,1
23.0,3.534219021180341,0.21739130434782608,0.0,1
245.0,5.037348783119355,0.12653061224489795,0.7877551020408163,1
23.0,3.621175542919471,0.21739130434782608,0.0,1
245.0,5.044666695248258,0.11020408163265306,0.8040816326530612,1
23.0,3.621175542919471,0.21739130434782608,0.0,1
23.0,3.621175542919471,0.21739130434782608,0.0,1
245.0,5.059635412498008,0.12653061224489795,0.7877551020408163,1
23.0,3.621175542919471,0.21739130434782608,0.0,1
245.0,5.053251343797552,0.16326530612244897,0.7510204081632653,1
23.0,3.501397825434103,0.21739130434782608,0.0,1
245.0,5.029002827400025,0.17551020408163265,0.7387755102040816,1
23.0,3.621175542919471,0.21739130434782608,0.0,1
23.0,3.534219021180341,0.21739130434782608,0.0,1
245.0,5.079199058980628,0.1346938775510204,0.7795918367346939,1
23.0,3.621175542919471,0.21739130434782608,0.0,1
23.0,3.621175542919471,0.21739130434782608,0.0,1
245.0,5.036265837151745,0.12653061224489795,0.7877551020408163,1
23.0,3.534219021180341,0.21739130434782608,0.0,1
245.0,5.062275811337773,0.12244897959183673,0.7918367346938775,1
23.0,3.621175542919471,0.21739130434782608,0.0,1
23.0,3.621175542919471,0.21739130434782608,0.0,1
23.0,3.621175542919471,0.21739130434782608,0.0,1
245.0,5.033404631341648,0.1346938775510204,0.7795918367346939,1
23.0,3.621175542919471,0.21739130434782608,0.0,1
23.0,3.501397825434103,0.21739130434782608,0.0,1
245.0,5.079820012518593,0.11836734693877551,0.7959183673469388,1
23.0,3.621175542919471,0.21739130434782608,0.0,1
245.0,5.089960724636591,0.15918367346938775,0.7551020408163265,1
23.0,3.621175542919471,0.21739130434782608,0.0,1
23.0,3.534219021180341,0.21739130434782608,0.0,1
245.0,5.089038647671457,0.15510204081632653,0.7591836734693878,1
23.0,3.621175542919471,0.21739130434782608,0.0,1
23.0,3.534219021180341,0.21739130434782608,0.0,1
245.0,5.0426364756454705,0.1510204081632653,0.763265306122449,1
23.0,3.621175542919471,0.21739130434782608,0.0,1
245.0,5.007984165804387,0.17551020408163265,0.7387755102040816,1
23.0,3.621175542919471,0.21739130434782608,0.0,1
23.0,3.621175542919471,0.21739130434782608,0.0,1
245.0,5.046466251287118,0.14285714285714285,0.7714285714285715,1
23.0,3.621175542919471,0.21739130434782608,0.0,1
245.0,5.043466744735355,0.1510204081632653,0.763265306122449,1
23.0,3.501397825434103,0.21739130434782608,0.0,1
245.0,5.007462817444854,0.13877551020408163,0.7755102040816326,1
23.0,3.621175542919471,0.21739130434782608,0.0,1
245.0,5.070996787484654,0.1510204081632653,0.763265306122449,1
23.0,3.621175542919471,0.21739130434782608,0.0,1
245.0,4.996434199118252,0.11020408163265306,0.8040816326530612,1
23.0,3.621175542919471,0.21739130434782608,0.0,1
245.0,5.068502750185903,0.1510204081632653,0.763265306122449,1
23.0,3.534219021180341,0.21739130434782608,0.0,1
245.0,5.034240902638015,0.12653061224489795,0.7877551020408163,1
23.0,3.534219021180341,0.21739130434782608,0.0,1
245.0,5.047671884889998,0.16326530612244897,0.7510204081632653,1
23.0,3.621175542919471,0.21739130434782608,0.0,1
23.0,3.621175542919471,0.21739130434782608,0.0,1
245.0,5.073632545555842,0.1346938775510204,0.7795918367346939,1
23.0,3.621175542919471,0.21739130434782608,0.0,1
245.0,4.9893963173376825,0.11428571428571428,0.8,1
23.0,3.534219021180341,0.21739130434782608,0.0,1
245.0,4.987858996340649,0.1346938775510204,0.7795918367346939,1
23.0,3.414441303694973,0.21739130434782608,0.0,1
23.0,3.534219021180341,0.21739130434782608,0.0,1
245.0,4.971828886634473,0.1306122448979592,0.7836734693877551,1
23.0,3.534219021180341,0.21739130434782608,0.0,1
245.0,5.0638997895029005,0.15510204081632653,0.7591836734693878,1
23.0,3.534219021180341,0.21739130434782608,0.0,1
23.0,3.534219021180341,0.21739130434782608,0.0,1
245.0,5.031251768006048,0.1469387755102041,0.7673469387755102,1
23.0,3.414441303694973,0.21739130434782608,0.0,1
245.0,5.023165024524588,0.1346938775510204,0.7795918367346939,1
23.0,3.534219021180341,0.21739130434782608,0.0,1
245.0,5.028565113404632,0.12653061224489795,0.7877551020408163,1
23.0,3.534219021180341,0.21739130434782608,0.0,1
245.0,4.976056676684889,0.13877551020408163,0.7755102040816326,1
23.0,3.534219021180341,0.21739130434782608,0.0,1
23.0,3.621175542919471,0.21739130434782608,0.0,1
245.0,5.025804302760624,0.12653061224489795,0.7877551020408163,1
23.0,3.501397825434103,0.21739130434782608,0.0,1
245.0,5.040790548543544,0.1469387755102041,0.7673469387755102,1
23.0,3.621175542919471,0.21739130434782608,0.0,1
245.0,5.07124806120612,0.13877551020408163,0.7755102040816326,1
23.0,3.621175542919471,0.21739130434782608,0.0,1
245.0,5.007931506179968,0.14285714285714285,0.7714285714285715,1
23.0,3.621175542919471,0.21739130434782608,0.0,1
23.0,3.621175542919471,0.21739130434782608,0.0,1
245.0,4.971537288006463,0.10204081632653061,0.8122448979591836,1
23.0,3.534219021180341,0.21739130434782608,0.0,1
245.0,5.03419953692271,0.1346938775510204,0.7795918367346939,1
23.0,3.534219021180341,0.21739130434782608,0.0,1
23.0,3.621175542919471,0.21739130434782608,0.0,1
245.0,5.052863529666934,0.11836734693877551,0.7959183673469388,1
23.0,3.621175542919471,0.21739130434782608,0.0,1
23.0,3.621175542919471,0.21739130434782608,0.0,1
245.0,4.953372061888717,0.08979591836734693,0.8244897959183674,1
23.0,3.501397825434103,0.21739130434782608,0.0,1
245.0,5.04948591545702,0.1469387755102041,0.7673469387755102,1
23.0,3.621175542919471,0.21739130434782608,0.0,1
23.0,3.621175542919471,0.21739130434782608,0.0,1
245.0,5.043890749553566,0.12244897959183673,0.7918367346938775,1
23.0,3.621175542919471,0.21739130434782608,0.0,1
245.0,5.084697918301235,0.13877551020408163,0.7755102040816326,1
23.0,3.621175542919471,0.21739130434782608,0.0,1
245.0,5.024389194898045,0.1306122448979592,0.7836734693877551,1
23.0,3.534219021180341,0.21739130434782608,0.0,1
23.0,3.621175542919471,0.21739130434782608,0.0,1
23.0,3.534219021180341,0.21739130434782608,0.0,1
245.0,5.0420006013457375,0.12244897959183673,0.7918367346938775,1
23.0,3.621175542919471,0.21739130434782608,0.0,1
245.0,5.0688828337498055,0.1469387755102041,0.7673469387755102,1
23.0,3.621175542919471,0.21739130434782608,0.0,1
23.0,3.501397825434103,0.21739130434782608,0.0,1
245.0,5.086096759354069,0.11836734693877551,0.7959183673469388,1
23.0,3.621175542919471,0.21739130434782608,0.0,1
23.0,3.621175542919471,0.21739130434782608,0.0,1
245.0,5.04887172979551,0.19591836734693877,0.7183673469387755,1
23.0,3.621175542919471,0.21739130434782608,0.0,1
245.0,5.037214470040727,0.11428571428571428,0.8,1
23.0,3.621175542919471,0.21739130434782608,0.0,1
23.0,3.534219021180341,0.21739130434782608,0.0,1
245.0,5.071891059016493,0.1510204081632653,0.763265306122449,1
23.0,3.621175542919471,0.21739130434782608,0.0,1
245.0,5.120273444595525,0.14285714285714285,0.7714285714285715,1
23.0,3.534219021180341,0.21739130434782608,0.0,1
245.0,5.0209387942403545,0.12244897959183673,0.7918367346938775,1
23.0,3.621175542919471,0.21739130434782608,0.0,1
245.0,5.043898633284888,0.11428571428571428,0.8,1
23.0,3.621175542919471,0.21739130434782608,0.0,1
245.0,5.0305062448657365,0.11428571428571428,0.8,1
23.0,3.621175542919471,0.21739130434782608,0.0,1
23.0,3.621175542919471,0.21739130434782608,0.0,1
245.0,5.054820419007917,0.11020408163265306,0.8040816326530612,1
23.0,3.708132064658602,0.21739130434782608,0.0,1
245.0,5.087632980962784,0.1673469387755102,0.746938775510204,1
23.0,3.708132064658602,0.21739130434782608,0.0,1
245.0,5.067712227814881,0.1510204081632653,0.763265306122449,1
23.0,3.708132064658602,0.21739130434782608,0.0,1
245.0,5.026202228896376,0.11020408163265306,0.8040816326530612,1
23.0,3.621175542919471,0.21739130434782608,0.0,1
245.0,5.077007159933938,0.11428571428571428,0.8,1
23.0,3.708132064658602,0.21739130434782608,0.0,1
23.0,3.708132064658602,0.21739130434782608,0.0,1
245.0,5.081132783656894,0.15510204081632653,0.7591836734693878,1
23.0,3.708132064658602,0.21739130434782608,0.0,1
23.0,3.621175542919471,0.21739130434782608,0.0,1
245.0,5.041155156894755,0.1306122448979592,0.7836734693877551,1
23.0,3.501397825434103,0.21739130434782608,0.0,1
23.0,3.534219021180341,0.21739130434782608,0.0,1
245.0,4.994036816293366,0.13877551020408163,0.7755102040816326,1
23.0,3.621175542919471,0.21739130434782608,0.0,1
245.0,5.053034505987352,0.1306122448979592,0.7836734693877551,1
23.0,3.621175542919471,0.21739130434782608,0.0,1
23.0,3.621175542919471,0.21739130434782608,0.0,1
245.0,5.031219975803404,0.10204081632653061,0.8122448979591836,1
23.0,3.534219021180341,0.21739130434782608,0.0,1
245.0,5.023572673572465,0.13877551020408163,0.7755102040816326,1
23.0,3.621175542919471,0.21739130434782608,0.0,1
23.0,3.621175542919471,0.21739130434782608,0.0,1
245.0,5.010253107008773,0.09387755102040816,0.8204081632653061,1
23.0,3.621175542919471,0.21739130434782608,0.0,1
245.0,5.080711483150008,0.12653061224489795,0.7877551020408163,1
23.0,3.621175542919471,0.21739130434782608,0.0,1
23.0,3.534219021180341,0.21739130434782608,0.0,1
245.0,5.033912207015532,0.13877551020408163,0.7755102040816326,1
23.0,3.501397825434103,0.21739130434782608,0.0,1
23.0,3.621175542919471,0.21739130434782608,0.0,1
245.0,5.0363446456316305,0.15918367346938775,0.7551020408163265,1
23.0,3.621175542919471,0.21739130434782608,0.0,1
245.0,5.066269990527962,0.1306122448979592,0.7836734693877551,1
23.0,3.621175542919471,0.21739130434782608,0.0,1
245.0,5.033370627567447,0.1469387755102041,0.7673469387755102,1
23.0,3.534219021180341,0.21739130434782608,0.0,1
23.0,3.621175542919471,0.21739130434782608,0.0,1
245.0,5.047197545592946,0.17551020408163265,0.7387755102040816,1
23.0,3.621175542919471,0.21739130434782608,0.0,1
245.0,5.0569970722511055,0.13877551020408163,0.7755102040816326,1
23.0,3.621175542919471,0.21739130434782608,0.0,1
23.0,3.708132064658602,0.21739130434782608,0.0,1
245.0,5.043596182320879,0.1346938775510204,0.7795918367346939,1
23.0,3.621175542919471,0.21739130434782608,0.0,1
245.0,5.00086648874453,0.1469387755102041,0.7673469387755102,1
23.0,3.621175542919471,0.21739130434782608,0.0,1
23.0,3.621175542919471,0.21739130434782608,0.0,1
245.0,4.9979902010311985,0.12653061224489795,0.7877551020408163,1
23.0,3.708132064658602,0.21739130434782608,0.0,1
245.0,5.028265268641988,0.09795918367346938,0.8163265306122449,1
23.0,3.708132064658602,0.21739130434782608,0.0,1
245.0,5.011228330609007,0.13877551020408163,0.7755102040816326,1
23.0,3.621175542919471,0.21739130434782608,0.0,1
245.0,5.030657755286762,0.12653061224489795,0.7877551020408163,1
23.0,3.708132064658602,0.21739130434782608,0.0,1
23.0,3.708132064658602,0.21739130434782608,0.0,1
245.0,5.065360906320142,0.1346938775510204,0.7795918367346939,1
23.0,3.708132064658602,0.21739130434782608,0.0,1
23.0,3.708132064658602,0.21739130434782608,0.0,1
245.0,5.0142697930709526,0.1346938775510204,0.7795918367346939,1
23.0,3.621175542919471,0.21739130434782608,0.0,1
245.0,5.022315996814038,0.1469387755102041,0.7673469387755102,1
23.0,3.621175542919471,0.21739130434782608,0.0,1
23.0,3.708132064658602,0.21739130434782608,0.0,1
245.0,5.035856841243686,0.11428571428571428,0.8,1
23.0,3.621175542919471,0.21739130434782608,0.0,1
245.0,5.03253148336803,0.1469387755102041,0.7673469387755102,1
23.0,3.708132064658602,0.21739130434782608,0.0,1
23.0,3.621175542919471,0.21739130434782608,0.0,1
245.0,5.014047356516462,0.12244897959183673,0.7918367346938775,1
23.0,3.708132064658602,0.21739130434782608,0.0,1
245.0,5.0823863251453005,0.14285714285714285,0.7714285714285715,1
23.0,3.708132064658602,0.21739130434782608,0.0,1
23.0,3.708132064658602,0.21739130434782608,0.0,1
245.0,5.074496557158434,0.12653061224489795,0.7877551020408163,1
23.0,3.708132064658602,0.21739130434782608,0.0,1
245.0,5.063322276101474,0.1469387755102041,0.7673469387755102,1
23.0,3.621175542919471,0.21739130434782608,0.0,1
245.0,5.059026634061168,0.11836734693877551,0.7959183673469388,1
23.0,3.621175542919471,0.21739130434782608,0.0,1
23.0,3.708132064658602,0.21739130434782608,0.0,1
245.0,5.051931575421191,0.1306122448979592,0.7836734693877551,1
23.0,3.708132064658602,0.21739130434782608,0.0,1
23.0,3.621175542919471,0.21739130434782608,0.0,1
245.0,5.0479508158500135,0.12244897959183673,0.7918367346938775,1
23.0,3.621175542919471,0.21739130434782608,0.0,1
23.0,3.708132064658602,0.21739130434782608,0.0,1
245.0,5.024693620623757,0.18775510204081633,0.726530612244898,1
23.0,3.708132064658602,0.21739130434782608,0.0,1
245.0,5.063294840815633,0.11836734693877551,0.7959183673469388,1
23.0,3.708132064658602,0.21739130434782608,0.0,1
245.0,5.054176464130799,0.1306122448979592,0.7836734693877551,1
23.0,3.621175542919471,0.21739130434782608,0.0,1
23.0,3.534219021180341,0.21739130434782608,0.0,1
245.0,5.048889157408481,0.1469387755102041,0.7673469387755102,1
23.0,3.534219021180341,0.21739130434782608,0.0,1
245.0,5.008181119887064,0.11836734693877551,0.7959183673469388,1
23.0,3.621175542919471,0.21739130434782608,0.0,1
23.0,3.621175542919471,0.21739130434782608,0.0,1
245.0,5.0560936778204875,0.1510204081632653,0.763265306122449,1
23.0,3.621175542919471,0.21739130434782608,0.0,1
245.0,5.023510195844803,0.14285714285714285,0.7714285714285715,1
23.0,3.501397825434103,0.21739130434782608,0.0,1
23.0,3.621175542919471,0.21739130434782608,0.0,1
245.0,5.0557654860269325,0.14285714285714285,0.7714285714285715,1
23.0,3.621175542919471,0.21739130434782608,0.0,1
245.0,5.038902025272659,0.1306122448979592,0.7836734693877551,1
23.0,3.621175542919471,0.21739130434782608,0.0,1
23.0,3.708132064658602,0.21739130434782608,0.0,1
245.0,4.997630130311953,0.10612244897959183,0.8081632653061225,1
23.0,3.621175542919471,0.21739130434782608,0.0,1
245.0,5.048072271497492,0.16326530612244897,0.7510204081632653,1
23.0,3.621175542919471,0.21739130434782608,0.0,1
23.0,3.708132064658602,0.21739130434782608,0.0,1
245.0,5.036317090013709,0.14285714285714285,0.7714285714285715,1
23.0,3.708132064658602,0.21739130434782608,0.0,1
23.0,3.708132064658602,0.21739130434782608,0.0,1
245.0,5.037706002901957,0.13877551020408163,0.7755102040816326,1
23.0,3.621175542919471,0.21739130434782608,0.0,1
23.0,3.621175542919471,0.21739130434782608,0.0,1
245.0,5.053264176113826,0.1346938775510204,0.7795918367346939,1
23.0,3.708132064658602,0.21739130434782608,0.0,1
245.0,5.005385167467327,0.14285714285714285,0.7714285714285715,1
23.0,3.708132064658602,0.21739130434782608,0.0,1
23.0,3.708132064658602,0.21739130434782608,0.0,1
245.0,5.103310077902256,0.14285714285714285,0.7714285714285715,1
23.0,3.621175542919471,0.21739130434782608,0.0,1
23.0,3.621175542919471,0.21739130434782608,0.0,1
245.0,5.0698796396298755,0.1346938775510204,0.7795918367346939,1
23.0,3.708132064658602,0.21739130434782608,0.0,1
245.0,5.021810924910689,0.1306122448979592,0.7836734693877551,1
23.0,3.708132064658602,0.21739130434782608,0.0,1
245.0,5.032573826643824,0.1306122448979592,0.7836734693877551,1
23.0,3.708132064658602,0.21739130434782608,0.0,1
23.0,3.621175542919471,0.21739130434782608,0.0,1
245.0,5.046389958774883,0.15918367346938775,0.7551020408163265,1
23.0,3.708132064658602,0.21739130434782608,0.0,1
245.0,5.102543393988497,0.15918367346938775,0.7551020408163265,1
23.0,3.621175542919471,0.21739130434782608,0.0,1
23.0,3.708132064658602,0.21739130434782608,0.0,1
245.0,5.063996138713073,0.1346938775510204,0.7795918367346939,1
23.0,3.708132064658602,0.21739130434782608,0.0,1
245.0,5.1061017107201625,0.14285714285714285,0.7714285714285715,1
23.0,3.621175542919471,0.21739130434782608,0.0,1
245.0,5.096746360547307,0.17142857142857143,0.7428571428571429,1
23.0,3.621175542919471,0.21739130434782608,0.0,1
23.0,3.708132064658602,0.21739130434782608,0.0,1
245.0,5.0479045510700695,0.14285714285714285,0.7714285714285715,1
23.0,3.708132064658602,0.21739130434782608,0.0,1
23.0,3.708132064658602,0.21739130434782608,0.0,1
245.0,5.055676232081287,0.11428571428571428,0.8,1
23.0,3.621175542919471,0.21739130434782608,0.0,1
245.0,5.019459183232275,0.1510204081632653,0.763265306122449,1
23.0,3.708132064658602,0.21739130434782608,0.0,1
245.0,4.981565741955137,0.13877551020408163,0.7755102040816326,1
23.0,3.708132064658602,0.21739130434782608,0.0,1
23.0,3.621175542919471,0.21739130434782608,0.0,1
245.0,4.994185757482523,0.1306122448979592,0.7836734693877551,1
23.0,3.621175542919471,0.21739130434782608,0.0,1
245.0,5.08298276354893,0.1306122448979592,0.7836734693877551,1
23.0,3.621175542919471,0.21739130434782608,0.0,1
23.0,3.708132064658602,0.21739130434782608,0.0,1
245.0,5.034225874025088,0.12244897959183673,0.7918367346938775,1
23.0,3.621175542919471,0.21739130434782608,0.0,1
245.0,4.959594104459972,0.14285714285714285,0.7714285714285715,1
23.0,3.708132064658602,0.21739130434782608,0.0,1
23.0,3.708132064658602,0.21739130434782608,0.0,1
245.0,4.986616270171159,0.08979591836734693,0.8244897959183674,1
23.0,3.621175542919471,0.21739130434782608,0.0,1
245.0,5.05648254180425,0.1510204081632653,0.763265306122449,1
23.0,3.708132064658602,0.21739130434782608,0.0,1
245.0,5.060034380046188,0.12244897959183673,0.7918367346938775,1
23.0,3.708132064658602,0.21739130434782608,0.0,1
23.0,3.708132064658602,0.21739130434782608,0.0,1
245.0,4.961246328035383,0.16326530612244897,0.7510204081632653,1
23.0,3.621175542919471,0.21739130434782608,0.0,1
245.0,5.030836951304226,0.14285714285714285,0.7714285714285715,1
23.0,3.501397825434103,0.21739130434782608,0.0,1
23.0,3.621175542919471,0.21739130434782608,0.0,1
245.0,5.03341026121658,0.13877551020408163,0.7755102040816326,1
23.0,3.534219021180341,0.21739130434782608,0.0,1
23.0,3.621175542919471,0.21739130434782608,0.0,1
245.0,4.997668920564861,0.12653061224489795,0.7877551020408163,1
23.0,3.621175542919471,0.21739130434782608,0.0,1
245.0,5.0554436113730965,0.1346938775510204,0.7795918367346939,1
23.0,3.534219021180341,0.21739130434782608,0.0,1
245.0,5.063183860967359,0.10612244897959183,0.8081632653061225,1
23.0,3.621175542919471,0.21739130434782608,0.0,1
23.0,3.621175542919471,0.21739130434782608,0.0,1
245.0,5.001860239296876,0.09387755102040816,0.8204081632653061,1
23.0,3.621175542919471,0.21739130434782608,0.0,1
245.0,5.036055737745935,0.1469387755102041,0.7673469387755102,1
23.0,3.708132064658602,0.21739130434782608,0.0,1
23.0,3.621175542919471,0.21739130434782608,0.0,1
245.0,5.065678547040546,0.12653061224489795,0.7877551020408163,1
23.0,3.621175542919471,0.21739130434782608,0.0,1
245.0,5.037702449975832,0.1346938775510204,0.7795918367346939,1
23.0,3.621175542919471,0.21739130434782608,0.0,1
23.0,3.708132064658602,0.21739130434782608,0.0,1
245.0,4.9916789504449435,0.11020408163265306,0.8040816326530612,1
23.0,3.708132064658602,0.21739130434782608,0.0,1
245.0,5.060131540655932,0.15918367346938775,0.7551020408163265,1
23.0,3.621175542919471,0.21739130434782608,0.0,1
23.0,3.708132064658602,0.21739130434782608,0.0,1
23.0,3.708132064658602,0.21739130434782608,0.0,1
245.0,4.990827623660795,0.10204081632653061,0.8122448979591836,1
23.0,3.708132064658602,0.21739130434782608,0.0,1
245.0,4.991024398467267,0.07755102040816327,0.8367346938775511,1
23.0,3.621175542919471,0.21739130434782608,0.0,1
245.0,5.064834675252744,0.1306122448979592,0.7836734693877551,1
23.0,3.534219021180341,0.21739130434782608,0.0,1
23.0,3.621175542919471,0.21739130434782608,0.0,1
245.0,5.025770571022938,0.1346938775510204,0.7795918367346939,1
23.0,3.501397825434103,0.21739130434782608,0.0,1
245.0,4.93868742250344,0.1306122448979592,0.7836734693877551,1
23.0,3.621175542919471,0.21739130434782608,0.0,1
23.0,3.621175542919471,0.21739130434782608,0.0,1
245.0,4.9876174275083445,0.1510204081632653,0.763265306122449,1
23.0,3.534219021180341,0.21739130434782608,0.0,1
245.0,5.086983986358029,0.1510204081632653,0.763265306122449,1
23.0,3.621175542919471,0.21739130434782608,0.0,1
23.0,3.621175542919471,0.21739130434782608,0.0,1
245.0,5.062017879801196,0.12653061224489795,0.7877551020408163,1
23.0,3.621175542919471,0.21739130434782608,0.0,1
245.0,4.955055970393189,0.08979591836734693,0.8244897959183674,1
23.0,3.708132064658602,0.21739130434782608,0.0,1
245.0,5.014677215137468,0.15918367346938775,0.7551020408163265,1
23.0,3.621175542919471,0.21739130434782608,0.0,1
23.0,3.708132064658602,0.21739130434782608,0.0,1
245.0,5.07539527322468,0.15510204081632653,0.7591836734693878,1
23.0,3.621175542919471,0.21739130434782608,0.0,1
23.0,3.621175542919471,0.21739130434782608,0.0,1
245.0,5.07071876504171,0.1306122448979592,0.7836734693877551,1
23.0,3.708132064658602,0.21739130434782608,0.0,1
23.0,3.621175542919471,0.21739130434782608,0.0,1
245.0,4.999116458312511,0.17142857142857143,0.7428571428571429,1
23.0,3.708132064658602,0.21739130434782608,0.0,1
245.0,4.984644230006375,0.1306122448979592,0.7836734693877551,1
23.0,3.708132064658602,0.21739130434782608,0.0,1
245.0,4.991205635687992,0.11428571428571428,0.8,1
23.0,3.708132064658602,0.21739130434782608,0.0,1
23.0,3.708132064658602,0.21739130434782608,0.0,1
245.0,4.9867233423251704,0.12653061224489795,0.7877551020408163,1
23.0,3.621175542919471,0.21739130434782608,0.0,1
245.0,5.020331510136775,0.1510204081632653,0.763265306122449,1
23.0,3.708132064658602,0.21739130434782608,0.0,1
23.0,3.621175542919471,0.21739130434782608,0.0,1
245.0,5.032539553308519,0.1673469387755102,0.746938775510204,1
23.0,3.708132064658602,0.21739130434782608,0.0,1
245.0,5.033619649614614,0.1510204081632653,0.763265306122449,1
23.0,3.621175542919471,0.21739130434782608,0.0,1
23.0,3.621175542919471,0.21739130434782608,0.0,1
23.0,3.708132064658602,0.21739130434782608,0.0,1
245.0,4.978511344778001,0.12244897959183673,0.7918367346938775,1
23.0,3.708132064658602,0.21739130434782608,0.0,1
245.0,5.021012864453596,0.09795918367346938,0.8163265306122449,1
23.0,3.708132064658602,0.21739130434782608,0.0,1
23.0,3.621175542919471,0.21739130434782608,0.0,1
245.0,4.997402051636239,0.16326530612244897,0.7510204081632653,1
23.0,3.534219021180341,0.21739130434782608,0.0,1
245.0,5.015576152455995,0.14285714285714285,0.7714285714285715,1
23.0,3.621175542919471,0.21739130434782608,0.0,1
23.0,3.534219021180341,0.21739130434782608,0.0,1
245.0,5.067245459537204,0.11836734693877551,0.7959183673469388,1
23.0,3.621175542919471,0.21739130434782608,0.0,1
245.0,5.031723147580238,0.1306122448979592,0.7836734693877551,1
23.0,3.621175542919471,0.21739130434782608,0.0,1
23.0,3.501397825434103,0.21739130434782608,0.0,1
245.0,4.999549650723371,0.1469387755102041,0.7673469387755102,1
23.0,3.621175542919471,0.21739130434782608,0.0,1
23.0,3.621175542919471,0.21739130434782608,0.0,1
245.0,5.047111806083067,0.10204081632653061,0.8122448979591836,1
23.0,3.621175542919471,0.21739130434782608,0.0,1
245.0,5.008220004422119,0.1469387755102041,0.7673469387755102,1
23.0,3.708132064658602,0.21739130434782608,0.0,1
245.0,5.003400524395458,0.12653061224489795,0.7877551020408163,1
23.0,3.621175542919471,0.21739130434782608,0.0,1
23.0,3.708132064658602,0.21739130434782608,0.0,1
245.0,5.063001195572264,0.16326530612244897,0.7510204081632653,1
23.0,3.621175542919471,0.21739130434782608,0.0,1
245.0,5.081318642590408,0.12653061224489795,0.7877551020408163,1
23.0,3.708132064658602,0.21739130434782608,0.0,1
23.0,3.708132064658602,0.21739130434782608,0.0,1
245.0,5.077578183176917,0.12244897959183673,0.7918367346938775,1
23.0,3.621175542919471,0.21739130434782608,0.0,1
245.0,5.069801735335961,0.12244897959183673,0.7918367346938775,1
23.0,3.621175542919471,0.21739130434782608,0.0,1
23.0,3.708132064658602,0.21739130434782608,0.0,1
245.0,5.0780638764568,0.1510204081632653,0.763265306122449,1
23.0,3.708132064658602,0.21739130434782608,0.0,1
245.0,4.979222626205249,0.15510204081632653,0.7591836734693878,1
23.0,3.708132064658602,0.21739130434782608,0.0,1
23.0,3.621175542919471,0.21739130434782608,0.0,1
23.0,3.708132064658602,0.21739130434782608,0.0,1
245.0,5.0452498757398425,0.12653061224489795,0.7877551020408163,1
23.0,3.621175542919471,0.21739130434782608,0.0,1
245.0,5.0973957532021545,0.14285714285714285,0.7714285714285715,1
23.0,3.708132064658602,0.21739130434782608,0.0,1
23.0,3.708132064658602,0.21739130434782608,0.0,1
245.0,5.065798969432509,0.15918367346938775,0.7551020408163265,1
23.0,3.621175542919471,0.21739130434782608,0.0,1
245.0,5.076722424276737,0.14285714285714285,0.7714285714285715,1
23.0,3.708132064658602,0.21739130434782608,0.0,1
245.0,5.039832214758018,0.15918367346938775,0.7551020408163265,1
23.0,3.621175542919471,0.21739130434782608,0.0,1
23.0,3.708132064658602,0.21739130434782608,0.0,1
245.0,5.074389635463192,0.1510204081632653,0.763265306122449,1
23.0,3.708132064658602,0.21739130434782608,0.0,1
245.0,4.995068484380903,0.1510204081632653,0.763265306122449,1
23.0,3.621175542919471,0.21739130434782608,0.0,1
245.0,5.01972889713522,0.11836734693877551,0.7959183673469388,1
23.0,3.708132064658602,0.21739130434782608,0.0,1
245.0,5.057129628197864,0.1306122448979592,0.7836734693877551,1
23.0,3.621175542919471,0.21739130434782608,0.0,1
23.0,3.708132064658602,0.21739130434782608,0.0,1
245.0,5.020874684044008,0.10612244897959183,0.8081632653061225,1
23.0,3.708132064658602,0.21739130434782608,0.0,1
23.0,3.621175542919471,0.21739130434782608,0.0,1
245.0,5.025835927884177,0.14285714285714285,0.7714285714285715,1
23.0,3.708132064658602,0.21739130434782608,0.0,1
245.0,5.048708759784262,0.15510204081632653,0.7591836734693878,1
23.0,3.708132064658602,0.21739130434782608,0.0,1
23.0,3.621175542919471,0.21739130434782608,0.0,1
245.0,5.0255329410173175,0.10612244897959183,0.8081632653061225,1
23.0,3.621175542919471,0.21739130434782608,0.0,1
23.0,3.621175542919471,0.21739130434782608,0.0,1
245.0,5.054578508321854,0.1306122448979592,0.7836734693877551,1
23.0,3.708132064658602,0.21739130434782608,0.0,1
245.0,4.990299826621242,0.16326530612244897,0.7510204081632653,1
23.0,3.708132064658602,0.21739130434782608,0.0,1
23.0,3.621175542919471,0.21739130434782608,0.0,1
245.0,5.011177052728933,0.11836734693877551,0.7959183673469388,1
23.0,3.708132064658602,0.21739130434782608,0.0,1
23.0,3.621175542919471,0.21739130434782608,0.0,1
245.0,5.067896139874869,0.14285714285714285,0.7714285714285715,1
23.0,3.708132064658602,0.21739130434782608,0.0,1
245.0,5.046861683134947,0.12244897959183673,0.7918367346938775,1
23.0,3.708132064658602,0.21739130434782608,0.0,1
245.0,5.0156381911156345,0.12244897959183673,0.7918367346938775,1
23.0,3.708132064658602,0.21739130434782608,0.0,1
23.0,3.621175542919471,0.21739130434782608,0.0,1
245.0,5.069951449962732,0.11836734693877551,0.7959183673469388,1
23.0,3.501397825434103,0.21739130434782608,0.0,1
23.0,3.621175542919471,0.21739130434782608,0.0,1
245.0,5.010421786209105,0.16326530612244897,0.7510204081632653,1
23.0,3.621175542919471,0.21739130434782608,0.0,1
245.0,5.0283308602277526,0.11428571428571428,0.8,1
23.0,3.534219021180341,0.21739130434782608,0.0,1
23.0,3.621175542919471,0.21739130434782608,0.0,1
245.0,5.000238711930966,0.12653061224489795,0.7877551020408163,1
23.0,3.534219021180341,0.21739130434782608,0.0,1
245.0,5.034627899428563,0.1306122448979592,0.7836734693877551,1
23.0,3.621175542919471,0.21739130434782608,0.0,1
23.0,3.621175542919471,0.21739130434782608,0.0,1
245.0,5.057017341782427,0.17959183673469387,0.7346938775510204,1
23.0,3.621175542919471,0.21739130434782608,0.0,1
245.0,5.094566347003594,0.12653061224489795,0.7877551020408163,1
23.0,3.708132064658602,0.21739130434782608,0.0,1
23.0,3.621175542919471,0.21739130434782608,0.0,1
245.0,5.085934282901014,0.15510204081632653,0.7591836734693878,1
23.0,3.621175542919471,0.21739130434782608,0.0,1
245.0,5.041549381241522,0.1306122448979592,0.7836734693877551,1
23.0,3.708132064658602,0.21739130434782608,0.0,1
23.0,3.621175542919471,0.21739130434782608,0.0,1
245.0,5.047931341718444,0.12653061224489795,0.7877551020408163,1
23.0,3.708132064658602,0.21739130434782608,0.0,1
23.0,3.621175542919471,0.21739130434782608,0.0,1
245.0,5.005331859165236,0.1346938775510204,0.7795918367346939,1
23.0,3.708132064658602,0.21739130434782608,0.0,1
245.0,5.048484174181575,0.1346938775510204,0.7795918367346939,1
23.0,3.708132064658602,0.21739130434782608,0.0,1
245.0,5.026031086125012,0.11836734693877551,0.7959183673469388,1
23.0,3.708132064658602,0.21739130434782608,0.0,1
23.0,3.708132064658602,0.21739130434782608,0.0,1
245.0,5.006922237787604,0.15510204081632653,0.7591836734693878,1
23.0,3.621175542919471,0.21739130434782608,0.0,1
245.0,5.059997252595416,0.1306122448979592,0.7836734693877551,1
23.0,3.708132064658602,0.21739130434782608,0.0,1
23.0,3.621175542919471,0.21739130434782608,0.0,1
245.0,5.0121041346343045,0.11428571428571428,0.8,1
23.0,3.621175542919471,0.21739130434782608,0.0,1
23.0,3.708132064658602,0.21739130434782608,0.0,1
245.0,5.044028929963155,0.1306122448979592,0.7836734693877551,1
23.0,3.621175542919471,0.21739130434782608,0.0,1
245.0,5.019174468366487,0.1346938775510204,0.7795918367346939,1
23.0,3.708132064658602,0.21739130434782608,0.0,1
245.0,5.060428914922807,0.18775510204081633,0.726530612244898,1
23.0,3.708132064658602,0.21739130434782608,0.0,1
23.0,3.708132064658602,0.21739130434782608,0.0,1
245.0,5.081388431422776,0.14285714285714285,0.7714285714285715,1
23.0,3.621175542919471,0.21739130434782608,0.0,1
245.0,5.064098075170849,0.10204081632653061,0.8122448979591836,1
23.0,3.534219021180341,0.21739130434782608,0.0,1
23.0,3.621175542919471,0.21739130434782608,0.0,1
245.0,5.050434084259874,0.14285714285714285,0.7714285714285715,1
23.0,3.621175542919471,0.21739130434782608,0.0,1
23.0,3.501397825434103,0.21739130434782608,0.0,1
245.0,5.010805193289939,0.1306122448979592,0.7836734693877551,1
23.0,3.621175542919471,0.21739130434782608,0.0,1
245.0,5.051597578930454,0.12653061224489795,0.7877551020408163,1
23.0,3.534219021180341,0.21739130434782608,0.0,1
245.0,5.0113910060902205,0.1673469387755102,0.746938775510204,1
23.0,3.621175542919471,0.21739130434782608,0.0,1
245.0,5.052687946064118,0.15510204081632653,0.7591836734693878,1
23.0,3.621175542919471,0.21739130434782608,0.0,1
23.0,3.621175542919471,0.21739130434782608,0.0,1
245.0,5.093272150856832,0.10204081632653061,0.8122448979591836,1
23.0,3.708132064658602,0.21739130434782608,0.0,1
23.0,3.621175542919471,0.21739130434782608,0.0,1
245.0,5.065125641202899,0.15918367346938775,0.7551020408163265,1
23.0,3.708132064658602,0.21739130434782608,0.0,1
245.0,5.035226248927863,0.12244897959183673,0.7918367346938775,1
23.0,3.708132064658602,0.21739130434782608,0.0,1
245.0,5.037876794656922,0.13877551020408163,0.7755102040816326,1
23.0,3.621175542919471,0.21739130434782608,0.0,1
23.0,3.621175542919471,0.21739130434782608,0.0,1
23.0,3.621175542919471,0.21739130434782608,0.0,1
245.0,5.0397097753195235,0.14285714285714285,0.7714285714285715,1
23.0,3.708132064658602,0.21739130434782608,0.0,1
23.0,3.708132064658602,0.21739130434782608,0.0,1
245.0,5.01249054255269,0.11428571428571428,0.8,1
23.0,3.708132064658602,0.21739130434782608,0.0,1
245.0,5.051411415099406,0.13877551020408163,0.7755102040816326,1
23.0,3.621175542919471,0.21739130434782608,0.0,1
23.0,3.534219021180341,0.21739130434782608,0.0,1
245.0,5.02442191098943,0.1673469387755102,0.746938775510204,1
23.0,3.621175542919471,0.21739130434782608,0.0,1
245.0,5.023329673434551,0.11428571428571428,0.8,1
23.0,3.534219021180341,0.21739130434782608,0.0,1
245.0,5.0234679124712835,0.12244897959183673,0.7918367346938775,1
23.0,3.621175542919471,0.21739130434782608,0.0,1
245.0,5.003053156875354,0.1306122448979592,0.7836734693877551,1
23.0,3.621175542919471,0.21739130434782608,0.0,1
23.0,3.501397825434103,0.21739130434782608,0.0,1
245.0,4.996248654589578,0.11836734693877551,0.7959183673469388,1
23.0,3.621175542919471,0.21739130434782608,0.0,1
23.0,3.621175542919471,0.21739130434782608,0.0,1
245.0,5.020149518534225,0.10204081632653061,0.8122448979591836,1
23.0,3.621175542919471,0.21739130434782608,0.0,1
245.0,5.0595657163291845,0.16326530612244897,0.7510204081632653,1
23.0,3.708132064658602,0.21739130434782608,0.0,1
23.0,3.621175542919471,0.21739130434782608,0.0,1
245.0,5.029841129215173,0.11836734693877551,0.7959183673469388,1
23.0,3.708132064658602,0.21739130434782608,0.0,1
245.0,5.0397668578967805,0.13877551020408163,0.7755102040816326,1
23.0,3.708132064658602,0.21739130434782608,0.0,1
245.0,5.01569748967082,0.11836734693877551,0.7959183673469388,1
23.0,3.621175542919471,0.21739130434782608,0.0,1
23.0,3.708132064658602,0.21739130434782608,0.0,1
245.0,5.054454787334307,0.1306122448979592,0.7836734693877551,1
23.0,3.621175542919471,0.21739130434782608,0.0,1
23.0,3.621175542919471,0.21739130434782608,0.0,1
245.0,5.037041388024347,0.1469387755102041,0.7673469387755102,1
23.0,3.708132064658602,0.21739130434782608,0.0,1
245.0,5.0401685793116915,0.1346938775510204,0.7795918367346939,1
23.0,3.708132064658602,0.21739130434782608,0.0,1
23.0,3.708132064658602,0.21739130434782608,0.0,1
245.0,5.032217430457911,0.12244897959183673,0.7918367346938775,1
23.0,3.621175542919471,0.21739130434782608,0.0,1
23.0,3.708132064658602,0.21739130434782608,0.0,1
245.0,5.001980029010984,0.12244897959183673,0.7918367346938775,1
23.0,3.708132064658602,0.21739130434782608,0.0,1
245.0,5.0498195923028515,0.11428571428571428,0.8,1
23.0,3.621175542919471,0.21739130434782608,0.0,1
245.0,5.0118854484184725,0.09795918367346938,0.8163265306122449,1
23.0,3.708132064658602,0.21739130434782608,0.0,1
245.0,5.028315668386024,0.12244897959183673,0.7918367346938775,1
23.0,3.621175542919471,0.21739130434782608,0.0,1
245.0,5.011707545399161,0.1306122448979592,0.7836734693877551,1
23.0,3.708132064658602,0.21739130434782608,0.0,1
23.0,3.621175542919471,0.21739130434782608,0.0,1
245.0,5.009859940404252,0.1346938775510204,0.7795918367346939,1
23.0,3.708132064658602,0.21739130434782608,0.0,1
245.0,5.08542783464094,0.1510204081632653,0.763265306122449,1
23.0,3.708132064658602,0.21739130434782608,0.0,1
23.0,3.621175542919471,0.21739130434782608,0.0,1
245.0,5.002391950482647,0.16326530612244897,0.7510204081632653,1
23.0,3.708132064658602,0.21739130434782608,0.0,1
245.0,5.036940495163097,0.1346938775510204,0.7795918367346939,1
23.0,3.708132064658602,0.21739130434782608,0.0,1
23.0,3.621175542919471,0.21739130434782608,0.0,1
245.0,4.958744753973276,0.16326530612244897,0.7510204081632653,1
23.0,3.708132064658602,0.21739130434782608,0.0,1
245.0,4.9921211134175705,0.15510204081632653,0.7591836734693878,1
23.0,3.621175542919471,0.21739130434782608,0.0,1
23.0,3.708132064658602,0.21739130434782608,0.0,1
245.0,4.999270126099596,0.11836734693877551,0.7959183673469388,1
23.0,3.708132064658602,0.21739130434782608,0.0,1
245.0,5.01179197843864,0.13877551020408163,0.7755102040816326,1
23.0,3.621175542919471,0.21739130434782608,0.0,1
23.0,3.621175542919471,0.21739130434782608,0.0,1
245.0,5.049655359626895,0.1306122448979592,0.7836734693877551,1
23.0,3.621175542919471,0.21739130434782608,0.0,1
245.0,4.984520028932883,0.11020408163265306,0.8040816326530612,1
23.0,3.708132064658602,0.21739130434782608,0.0,1
23.0,3.708132064658602,0.21739130434782608,0.0,1
245.0,5.012969967049261,0.15510204081632653,0.7591836734693878,1
23.0,3.708132064658602,0.21739130434782608,0.0,1
23.0,3.621175542919471,0.21739130434782608,0.0,1
245.0,4.970166233069379,0.1346938775510204,0.7795918367346939,1
23.0,3.621175542919471,0.21739130434782608,0.0,1
245.0,5.083119492950135,0.12244897959183673,0.7918367346938775,1
23.0,3.708132064658602,0.21739130434782608,0.0,1
23.0,3.708132064658602,0.21739130434782608,0.0,1
245.0,5.055850551744266,0.1469387755102041,0.7673469387755102,1
23.0,3.708132064658602,0.21739130434782608,0.0,1
245.0,5.083920582394124,0.1510204081632653,0.763265306122449,1
23.0,3.621175542919471,0.21739130434782608,0.0,1
245.0,5.028323967688115,0.1306122448979592,0.7836734693877551,1
23.0,3.501397825434103,0.21739130434782608,0.0,1
23.0,3.621175542919471,0.21739130434782608,0.0,1
245.0,4.988126539061816,0.15918367346938775,0.7551020408163265,1
23.0,3.621175542919471,0.21739130434782608,0.0,1
245.0,5.022455525717685,0.08979591836734693,0.8244897959183674,1
23.0,3.621175542919471,0.21739130434782608,0.0,1
23.0,3.534219021180341,0.21739130434782608,0.0,1
245.0,5.0584178685681715,0.11836734693877551,0.7959183673469388,1
23.0,3.534219021180341,0.21739130434782608,0.0,1
23.0,3.621175542919471,0.21739130434782608,0.0,1
245.0,5.0734709115838195,0.1836734693877551,0.7306122448979592,1
23.0,3.621175542919471,0.21739130434782608,0.0,1
245.0,5.070288806753994,0.1306122448979592,0.7836734693877551,1
23.0,3.621175542919471,0.21739130434782608,0.0,1
23.0,3.708132064658602,0.21739130434782608,0.0,1
245.0,5.028942451639281,0.11836734693877551,0.7959183673469388,1
23.0,3.621175542919471,0.21739130434782608,0.0,1
23.0,3.621175542919471,0.21739130434782608,0.0,1
245.0,5.021062938199342,0.11428571428571428,0.8,1
23.0,3.708132064658602,0.21739130434782608,0.0,1
245.0,5.02860800292526,0.1469387755102041,0.7673469387755102,1
23.0,3.708132064658602,0.21739130434782608,0.0,1
23.0,3.621175542919471,0.21739130434782608,0.0,1
245.0,5.100292230766496,0.11428571428571428,0.8,1
23.0,3.621175542919471,0.21739130434782608,0.0,1
245.0,5.026913579621582,0.1306122448979592,0.7836734693877551,1
23.0,3.708132064658602,0.21739130434782608,0.0,1
23.0,3.708132064658602,0.21739130434782608,0.0,1
245.0,5.048482805909475,0.1346938775510204,0.7795918367346939,1
23.0,3.708132064658602,0.21739130434782608,0.0,1
245.0,4.998995970987611,0.1346938775510204,0.7795918367346939,1
23.0,3.708132064658602,0.21739130434782608,0.0,1
245.0,5.046466900061555,0.1346938775510204,0.7795918367346939,1
23.0,3.621175542919471,0.21739130434782608,0.0,1
245.0,5.048377196193496,0.1346938775510204,0.7795918367346939,1
23.0,3.708132064658602,0.21739130434782608,0.0,1
23.0,3.621175542919471,0.21739130434782608,0.0,1
23.0,3.708132064658602,0.21739130434782608,0.0,1
245.0,5.0290607598672095,0.11836734693877551,0.7959183673469388,1
23.0,3.621175542919471,0.21739130434782608,0.0,1
245.0,5.009076529297576,0.11836734693877551,0.7959183673469388,1
23.0,3.621175542919471,0.21739130434782608,0.0,1
245.0,5.0942105835923,0.15510204081632653,0.7591836734693878,1
23.0,3.708132064658602,0.21739130434782608,0.0,1
245.0,5.046956440894357,0.15918367346938775,0.7551020408163265,1
23.0,3.708132064658602,0.21739130434782608,0.0,1
23.0,3.708132064658602,0.21739130434782608,0.0,1
23.0,3.708132064658602,0.21739130434782608,0.0,1
245.0,5.052460980248966,0.13877551020408163,0.7755102040816326,1
23.0,3.621175542919471,0.21739130434782608,0.0,1
245.0,5.044981555755251,0.1510204081632653,0.763265306122449,1
23.0,3.708132064658602,0.21739130434782608,0.0,1
23.0,3.708132064658602,0.21739130434782608,0.0,1
245.0,5.069074279564762,0.13877551020408163,0.7755102040816326,1
23.0,3.621175542919471,0.21739130434782608,0.0,1
245.0,5.038073425915865,0.1510204081632653,0.763265306122449,1
23.0,3.621175542919471,0.21739130434782608,0.0,1
245.0,5.040595118477609,0.1469387755102041,0.7673469387755102,1
23.0,3.621175542919471,0.21739130434782608,0.0,1
245.0,5.0209774280986545,0.13877551020408163,0.7755102040816326,1
23.0,3.708132064658602,0.21739130434782608,0.0,1
23.0,3.708132064658602,0.21739130434782608,0.0,1
245.0,5.048636827844197,0.1306122448979592,0.7836734693877551,1
23.0,3.708132064658602,0.21739130434782608,0.0,1
245.0,5.024122477048695,0.12244897959183673,0.7918367346938775,1
23.0,3.621175542919471,0.21739130434782608,0.0,1
245.0,4.996431952759291,0.08163265306122448,0.8326530612244898,1
23.0,3.534219021180341,0.21739130434782608,0.0,1
245.0,5.011755658584738,0.1469387755102041,0.7673469387755102,1
23.0,3.621175542919471,0.21739130434782608,0.0,1
23.0,3.621175542919471,0.21739130434782608,0.0,1
23.0,3.621175542919471,0.21739130434782608,0.0,1
245.0,5.060879884302679,0.11836734693877551,0.7959183673469388,1
23.0,3.534219021180341,0.21739130434782608,0.0,1
245.0,5.0131177702368905,0.14285714285714285,0.7714285714285715,1
23.0,3.621175542919471,0.21739130434782608,0.0,1
23.0,3.501397825434103,0.21739130434782608,0.0,1
23.0,3.621175542919471,0.21739130434782608,0.0,1
245.0,5.014618253120703,0.2,0.7142857142857143,1
23.0,3.621175542919471,0.21739130434782608,0.0,1
245.0,5.037305168160563,0.14285714285714285,0.7714285714285715,1
23.0,3.621175542919471,0.21739130434782608,0.0,1
245.0,5.034178919549545,0.12244897959183673,0.7918367346938775,1
23.0,3.534219021180341,0.21739130434782608,0.0,1
245.0,5.072676817402329,0.11836734693877551,0.7959183673469388,1
23.0,3.621175542919471,0.21739130434782608,0.0,1
23.0,3.621175542919471,0.21739130434782608,0.0,1
23.0,3.621175542919471,0.21739130434782608,0.0,1
245.0,5.08647069032977,0.1469387755102041,0.7673469387755102,1
23.0,3.534219021180341,0.21739130434782608,0.0,1
245.0,5.0527174730234545,0.15510204081632653,0.7591836734693878,1
23.0,3.501397825434103,0.21739130434782608,0.0,1
23.0,3.621175542919471,0.21739130434782608,0.0,1
245.0,5.051474976166391,0.11428571428571428,0.8,1
23.0,3.621175542919471,0.21739130434782608,0.0,1
245.0,5.077250816255178,0.1510204081632653,0.763265306122449,1
23.0,3.621175542919471,0.21739130434782608,0.0,1
23.0,3.708132064658602,0.21739130434782608,0.0,1
245.0,5.05506110121588,0.10612244897959183,0.8081632653061225,1
23.0,3.621175542919471,0.21739130434782608,0.0,1
245.0,4.914631179897835,0.13877551020408163,0.7755102040816326,1
23.0,3.708132064658602,0.21739130434782608,0.0,1
23.0,3.708132064658602,0.21739130434782608,0.0,1
245.0,5.056485191625403,0.11836734693877551,0.7959183673469388,1
23.0,3.708132064658602,0.21739130434782608,0.0,1
245.0,5.052755064560356,0.1510204081632653,0.763265306122449,1
23.0,3.621175542919471,0.21739130434782608,0.0,1
23.0,3.621175542919471,0.21739130434782608,0.0,1
245.0,5.065204902223048,0.1306122448979592,0.7836734693877551,1
23.0,3.621175542919471,0.21739130434782608,0.0,1
245.0,5.055582645809582,0.12244897959183673,0.7918367346938775,1
23.0,3.708132064658602,0.21739130434782608,0.0,1
23.0,3.708132064658602,0.21739130434782608,0.0,1
245.0,5.005938523966444,0.12244897959183673,0.7918367346938775,1
23.0,3.708132064658602,0.21739130434782608,0.0,1
245.0,5.021359528709091,0.13877551020408163,0.7755102040816326,1
23.0,3.621175542919471,0.21739130434782608,0.0,1
23.0,3.708132064658602,0.21739130434782608,0.0,1
245.0,5.065741434314988,0.16326530612244897,0.7510204081632653,1
23.0,3.708132064658602,0.21739130434782608,0.0,1
23.0,3.708132064658602,0.21739130434782608,0.0,1
245.0,5.025232243136746,0.1510204081632653,0.763265306122449,1
23.0,3.621175542919471,0.21739130434782608,0.0,1
23.0,3.621175542919471,0.21739130434782608,0.0,1
23.0,3.708132064658602,0.21739130434782608,0.0,1
245.0,5.043022761956649,0.09387755102040816,0.8204081632653061,1
23.0,3.621175542919471,0.21739130434782608,0.0,1
23.0,3.708132064658602,0.21739130434782608,0.0,1
245.0,5.058250961052955,0.1346938775510204,0.7795918367346939,1
23.0,3.708132064658602,0.21739130434782608,0.0,1
23.0,3.621175542919471,0.21739130434782608,0.0,1
245.0,4.98488143158087,0.1510204081632653,0.763265306122449,1
23.0,3.708132064658602,0.21739130434782608,0.0,1
23.0,3.708132064658602,0.21739130434782608,0.0,1
245.0,5.040697938434346,0.12244897959183673,0.7918367346938775,1
23.0,3.708132064658602,0.21739130434782608,0.0,1
245.0,5.037791629294517,0.1510204081632653,0.763265306122449,1
23.0,3.621175542919471,0.21739130434782608,0.0,1
23.0,3.621175542919471,0.21739130434782608,0.0,1
245.0,5.034903073118963,0.1469387755102041,0.7673469387755102,1
23.0,3.708132064658602,0.21739130434782608,0.0,1
23.0,3.708132064658602,0.21739130434782608,0.0,1
23.0,3.621175542919471,0.21739130434782608,0.0,1
245.0,5.072367569495322,0.13877551020408163,0.7755102040816326,1
23.0,3.534219021180341,0.21739130434782608,0.0,1
245.0,5.033187329494495,0.10612244897959183,0.8081632653061225,1
23.0,3.534219021180341,0.21739130434782608,0.0,1
23.0,3.621175542919471,0.21739130434782608,0.0,1
245.0,5.057311819640779,0.19183673469387755,0.7224489795918367,1
23.0,3.621175542919471,0.21739130434782608,0.0,1
23.0,3.621175542919471,0.21739130434782608,0.0,1
245.0,5.047619125620507,0.1346938775510204,0.7795918367346939,1
23.0,3.621175542919471,0.21739130434782608,0.0,1
245.0,5.052195928429752,0.13877551020408163,0.7755102040816326,1
23.0,3.501397825434103,0.21739130434782608,0.0,1
245.0,5.048954514269719,0.17142857142857143,0.7428571428571429,1
23.0,3.621175542919471,0.21739130434782608,0.0,1
245.0,5.051160437807404,0.1306122448979592,0.7836734693877551,1
23.0,3.621175542919471,0.21739130434782608,0.0,1
23.0,3.621175542919471,0.21739130434782608,0.0,1
245.0,5.001223679055066,0.13877551020408163,0.7755102040816326,1
23.0,3.534219021180341,0.21739130434782608,0.0,1
245.0,5.064498896439997,0.12244897959183673,0.7918367346938775,1
23.0,3.414441303694973,0.21739130434782608,0.0,1
23.0,3.534219021180341,0.21739130434782608,0.0,1
245.0,5.050919542815232,0.15510204081632653,0.7591836734693878,1
23.0,3.534219021180341,0.21739130434782608,0.0,1
245.0,5.053520158249306,0.16326530612244897,0.7510204081632653,1
23.0,3.534219021180341,0.21739130434782608,0.0,1
245.0,5.084088592133012,0.17959183673469387,0.7346938775510204,1
23.0,3.534219021180341,0.21739130434782608,0.0,1
23.0,3.414441303694973,0.21739130434782608,0.0,1
245.0,5.045643645646917,0.10612244897959183,0.8081632653061225,1
23.0,3.534219021180341,0.21739130434782608,0.0,1
245.0,5.039415074330098,0.11836734693877551,0.7959183673469388,1
23.0,3.534219021180341,0.21739130434782608,0.0,1
23.0,3.534219021180341,0.21739130434782608,0.0,1
245.0,5.0135793066897305,0.11836734693877551,0.7959183673469388,1
23.0,3.621175542919471,0.21739130434782608,0.0,1
245.0,4.9765867975473075,0.12653061224489795,0.7877551020408163,1
23.0,3.534219021180341,0.21739130434782608,0.0,1
23.0,3.534219021180341,0.21739130434782608,0.0,1
245.0,5.026119072090616,0.15510204081632653,0.7591836734693878,1
23.0,3.621175542919471,0.21739130434782608,0.0,1
245.0,5.069497953069349,0.1306122448979592,0.7836734693877551,1
23.0,3.621175542919471,0.21739130434782608,0.0,1
23.0,3.621175542919471,0.21739130434782608,0.0,1
245.0,5.097527754607449,0.1306122448979592,0.7836734693877551,1
23.0,3.501397825434103,0.21739130434782608,0.0,1
245.0,5.054261081638968,0.12244897959183673,0.7918367346938775,1
23.0,3.621175542919471,0.21739130434782608,0.0,1
23.0,3.621175542919471,0.21739130434782608,0.0,1
245.0,5.057611119777189,0.15918367346938775,0.7551020408163265,1
23.0,3.621175542919471,0.21739130434782608,0.0,1
245.0,5.093811478437094,0.17959183673469387,0.7346938775510204,1
23.0,3.621175542919471,0.21739130434782608,0.0,1
23.0,3.534219021180341,0.21739130434782608,0.0,1
245.0,4.990752373519134,0.15918367346938775,0.7551020408163265,1
23.0,3.621175542919471,0.21739130434782608,0.0,1
245.0,5.033907234933329,0.1469387755102041,0.7673469387755102,1
23.0,3.534219021180341,0.21739130434782608,0.0,1
23.0,3.621175542919471,0.21739130434782608,0.0,1
245.0,5.08287047099973,0.1346938775510204,0.7795918367346939,1
23.0,3.621175542919471,0.21739130434782608,0.0,1
245.0,5.053655593329643,0.12244897959183673,0.7918367346938775,1
23.0,3.501397825434103,0.21739130434782608,0.0,1
23.0,3.621175542919471,0.21739130434782608,0.0,1
245.0,5.0622700902858435,0.1306122448979592,0.7836734693877551,1
23.0,3.621175542919471,0.21739130434782608,0.0,1
23.0,3.621175542919471,0.21739130434782608,0.0,1
245.0,5.053753284184406,0.13877551020408163,0.7755102040816326,1
23.0,3.621175542919471,0.21739130434782608,0.0,1
245.0,5.018206611056906,0.11836734693877551,0.7959183673469388,1
23.0,3.621175542919471,0.21739130434782608,0.0,1
23.0,3.534219021180341,0.21739130434782608,0.0,1
245.0,5.022138986311982,0.13877551020408163,0.7755102040816326,1
23.0,3.621175542919471,0.21739130434782608,0.0,1
245.0,5.028297809814356,0.08571428571428572,0.8285714285714286,1
23.0,3.534219021180341,0.21739130434782608,0.0,1
245.0,4.988023983398432,0.11428571428571428,0.8,1
23.0,3.621175542919471,0.21739130434782608,0.0,1
23.0,3.501397825434103,0.21739130434782608,0.0,1
245.0,5.104912270262482,0.11428571428571428,0.8,1
23.0,3.621175542919471,0.21739130434782608,0.0,1
245.0,5.034048440551593,0.11020408163265306,0.8040816326530612,1
23.0,3.621175542919471,0.21739130434782608,0.0,1
23.0,3.621175542919471,0.21739130434782608,0.0,1
245.0,4.958010254583168,0.08571428571428572,0.8285714285714286,1
23.0,3.621175542919471,0.21739130434782608,0.0,1
245.0,4.980064385341653,0.1306122448979592,0.7836734693877551,1
23.0,3.534219021180341,0.21739130434782608,0.0,1
23.0,3.621175542919471,0.21739130434782608,0.0,1
245.0,5.0469325187918415,0.16326530612244897,0.7510204081632653,1
23.0,3.621175542919471,0.21739130434782608,0.0,1
23.0,3.621175542919471,0.21739130434782608,0.0,1
245.0,4.989053386242662,0.11836734693877551,0.7959183673469388,1
23.0,3.534219021180341,0.21739130434782608,0.0,1
245.0,5.050654667093398,0.10204081632653061,0.8122448979591836,1
23.0,3.501397825434103,0.21739130434782608,0.0,1
245.0,5.062776246803646,0.10612244897959183,0.8081632653061225,1
23.0,3.621175542919471,0.21739130434782608,0.0,1
23.0,3.621175542919471,0.21739130434782608,0.0,1
245.0,5.031353030671278,0.11428571428571428,0.8,1
23.0,3.621175542919471,0.21739130434782608,0.0,1
245.0,5.088823295753803,0.1510204081632653,0.763265306122449,1
23.0,3.501397825434103,0.21739130434782608,0.0,1
23.0,3.414441303694973,0.21739130434782608,0.0,1
245.0,5.028034485654948,0.12653061224489795,0.7877551020408163,1
23.0,3.501397825434103,0.21739130434782608,0.0,1
245.0,4.980105173329771,0.10612244897959183,0.8081632653061225,1
23.0,3.501397825434103,0.21739130434782608,0.0,1
23.0,3.501397825434103,0.21739130434782608,0.0,1
245.0,5.026332193649126,0.10204081632653061,0.8122448979591836,1
23.0,3.501397825434103,0.21739130434782608,0.0,1
245.0,5.050434849229418,0.16326530612244897,0.7510204081632653,1
23.0,3.36030597770208,0.21739130434782608,0.0,1
23.0,3.501397825434103,0.21739130434782608,0.0,1
245.0,5.099913712603422,0.11428571428571428,0.8,1
23.0,3.501397825434103,0.21739130434782608,0.0,1
245.0,5.05867641687955,0.12653061224489795,0.7877551020408163,1
23.0,3.501397825434103,0.21739130434782608,0.0,1
23.0,3.621175542919471,0.21739130434782608,0.0,1
245.0,5.109000892595829,0.1469387755102041,0.7673469387755102,1
23.0,3.534219021180341,0.21739130434782608,0.0,1
245.0,5.056689782763489,0.1469387755102041,0.7673469387755102,1
23.0,3.621175542919471,0.21739130434782608,0.0,1
23.0,3.621175542919471,0.21739130434782608,0.0,1
245.0,5.052449520658745,0.14285714285714285,0.7714285714285715,1
23.0,3.621175542919471,0.21739130434782608,0.0,1
23.0,3.621175542919471,0.21739130434782608,0.0,1
245.0,4.996320694284038,0.10612244897959183,0.8081632653061225,1
23.0,3.501397825434103,0.21739130434782608,0.0,1
245.0,5.074590763049493,0.10612244897959183,0.8081632653061225,1
23.0,3.534219021180341,0.21739130434782608,0.0,1
23.0,3.621175542919471,0.21739130434782608,0.0,1
245.0,5.056027587264431,0.1306122448979592,0.7836734693877551,1
23.0,3.621175542919471,0.21739130434782608,0.0,1
245.0,5.045836602372528,0.1346938775510204,0.7795918367346939,1
23.0,3.621175542919471,0.21739130434782608,0.0,1
245.0,4.987976689355589,0.09795918367346938,0.8163265306122449,1
23.0,3.534219021180341,0.21739130434782608,0.0,1
245.0,5.075795776124048,0.1469387755102041,0.7673469387755102,1
23.0,3.621175542919471,0.21739130434782608,0.0,1
245.0,5.047724438907027,0.12244897959183673,0.7918367346938775,1
23.0,3.621175542919471,0.21739130434782608,0.0,1
23.0,3.621175542919471,0.21739130434782608,0.0,1
245.0,5.091884851552926,0.1673469387755102,0.746938775510204,1
23.0,3.621175542919471,0.21739130434782608,0.0,1
245.0,5.059168547631233,0.13877551020408163,0.7755102040816326,1
23.0,3.501397825434103,0.21739130434782608,0.0,1
245.0,5.110239974662194,0.1510204081632653,0.763265306122449,1
23.0,3.621175542919471,0.21739130434782608,0.0,1
245.0,5.058257511594486,0.14285714285714285,0.7714285714285715,1
23.0,3.534219021180341,0.21739130434782608,0.0,1
23.0,3.621175542919471,0.21739130434782608,0.0,1
23.0,3.621175542919471,0.21739130434782608,0.0,1
23.0,3.534219021180341,0.21739130434782608,0.0,1
245.0,5.051122109163622,0.1306122448979592,0.7836734693877551,1
23.0,3.621175542919471,0.21739130434782608,0.0,1
245.0,5.092050073335234,0.1510204081632653,0.763265306122449,1
23.0,3.621175542919471,0.21739130434782608,0.0,1
23.0,3.621175542919471,0.21739130434782608,0.0,1
245.0,5.046070046677408,0.1346938775510204,0.7795918367346939,1
23.0,3.621175542919471,0.21739130434782608,0.0,1
245.0,5.0348607433154156,0.1306122448979592,0.7836734693877551,1
23.0,3.501397825434103,0.21739130434782608,0.0,1
23.0,3.621175542919471,0.21739130434782608,0.0,1
245.0,5.046971290257166,0.1306122448979592,0.7836734693877551,1
23.0,3.621175542919471,0.21739130434782608,0.0,1
245.0,5.075830417988204,0.13877551020408163,0.7755102040816326,1
23.0,3.534219021180341,0.21739130434782608,0.0,1
23.0,3.621175542919471,0.21739130434782608,0.0,1
245.0,5.073085738133205,0.1510204081632653,0.763265306122449,1
23.0,3.621175542919471,0.21739130434782608,0.0,1
245.0,5.04629860827442,0.12653061224489795,0.7877551020408163,1
23.0,3.708132064658602,0.21739130434782608,0.0,1
23.0,3.708132064658602,0.21739130434782608,0.0,1
245.0,5.038021399066064,0.12653061224489795,0.7877551020408163,1
23.0,3.708132064658602,0.21739130434782608,0.0,1
245.0,5.038858588020646,0.1469387755102041,0.7673469387755102,1
23.0,3.708132064658602,0.21739130434782608,0.0,1
23.0,3.621175542919471,0.21739130434782608,0.0,1
245.0,5.086759363490937,0.13877551020408163,0.7755102040816326,1
23.0,3.621175542919471,0.21739130434782608,0.0,1
245.0,5.027743050255743,0.1469387755102041,0.7673469387755102,1
23.0,3.708132064658602,0.21739130434782608,0.0,1
23.0,3.708132064658602,0.21739130434782608,0.0,1
23.0,3.621175542919471,0.21739130434782608,0.0,1
245.0,5.111785365599717,0.1510204081632653,0.763265306122449,1
23.0,3.501397825434103,0.21739130434782608,0.0,1
245.0,5.074814079349424,0.1306122448979592,0.7836734693877551,1
23.0,3.621175542919471,0.21739130434782608,0.0,1
23.0,3.621175542919471,0.21739130434782608,0.0,1
245.0,5.082797467217028,0.1306122448979592,0.7836734693877551,1
23.0,3.621175542919471,0.21739130434782608,0.0,1
245.0,5.000386549905996,0.17142857142857143,0.7428571428571429,1
23.0,3.621175542919471,0.21739130434782608,0.0,1
245.0,5.057579717832299,0.10204081632653061,0.8122448979591836,1
23.0,3.534219021180341,0.21739130434782608,0.0,1
245.0,5.0222909777279225,0.14285714285714285,0.7714285714285715,1
23.0,3.534219021180341,0.21739130434782608,0.0,1
245.0,5.0554008889315565,0.11836734693877551,0.7959183673469388,1
23.0,3.621175542919471,0.21739130434782608,0.0,1
23.0,3.621175542919471,0.21739130434782608,0.0,1
23.0,3.708132064658602,0.21739130434782608,0.0,1
245.0,5.061450924454446,0.12653061224489795,0.7877551020408163,1
23.0,3.621175542919471,0.21739130434782608,0.0,1
245.0,5.000272794395025,0.11020408163265306,0.8040816326530612,1
23.0,3.621175542919471,0.21739130434782608,0.0,1
23.0,3.708132064658602,0.21739130434782608,0.0,1
245.0,4.990751097382179,0.13877551020408163,0.7755102040816326,1
23.0,3.708132064658602,0.21739130434782608,0.0,1
245.0,4.996115015303495,0.1306122448979592,0.7836734693877551,1
23.0,3.708132064658602,0.21739130434782608,0.0,1
23.0,3.621175542919471,0.21739130434782608,0.0,1
23.0,3.621175542919471,0.21739130434782608,0.0,1
245.0,5.054907314005685,0.16326530612244897,0.7510204081632653,1
23.0,3.708132064658602,0.21739130434782608,0.0,1
245.0,5.033788774016729,0.1346938775510204,0.7795918367346939,1
23.0,3.708132064658602,0.21739130434782608,0.0,1
23.0,3.708132064658602,0.21739130434782608,0.0,1
245.0,4.99520981073133,0.11020408163265306,0.8040816326530612,1
23.0,3.621175542919471,0.21739130434782608,0.0,1
245.0,5.05778395805075,0.12653061224489795,0.7877551020408163,1
23.0,3.708132064658602,0.21739130434782608,0.0,1
245.0,5.058267496148673,0.1510204081632653,0.763265306122449,1
23.0,3.621175542919471,0.21739130434782608,0.0,1
245.0,5.067289090495814,0.15918367346938775,0.7551020408163265,1
23.0,3.708132064658602,0.21739130434782608,0.0,1
23.0,3.708132064658602,0.21739130434782608,0.0,1
23.0,3.621175542919471,0.21739130434782608,0.0,1
245.0,5.039266227202469,0.12653061224489795,0.7877551020408163,1
23.0,3.621175542919471,0.21739130434782608,0.0,1
245.0,5.018850517384349,0.17959183673469387,0.7346938775510204,1
23.0,3.708132064658602,0.21739130434782608,0.0,1
23.0,3.708132064658602,0.21739130434782608,0.0,1
245.0,5.007919457717582,0.1510204081632653,0.763265306122449,1
23.0,3.708132064658602,0.21739130434782608,0.0,1
245.0,4.952510931053579,0.12244897959183673,0.7918367346938775,1
23.0,3.621175542919471,0.21739130434782608,0.0,1
23.0,3.708132064658602,0.21739130434782608,0.0,1
23.0,3.708132064658602,0.21739130434782608,0.0,1
245.0,5.046523996111056,0.12244897959183673,0.7918367346938775,1
23.0,3.621175542919471,0.21739130434782608,0.0,1
23.0,3.708132064658602,0.21739130434782608,0.0,1
245.0,5.055668560141714,0.1346938775510204,0.7795918367346939,1
23.0,3.621175542919471,0.21739130434782608,0.0,1
245.0,5.066116617367676,0.13877551020408163,0.7755102040816326,1
23.0,3.621175542919471,0.21739130434782608,0.0,1
245.0,5.051045360357597,0.1346938775510204,0.7795918367346939,1
23.0,3.708132064658602,0.21739130434782608,0.0,1
23.0,3.708132064658602,0.21739130434782608,0.0,1
245.0,5.08262936630114,0.15510204081632653,0.7591836734693878,1
23.0,3.708132064658602,0.21739130434782608,0.0,1
245.0,5.019324396926373,0.15510204081632653,0.7591836734693878,1
23.0,3.621175542919471,0.21739130434782608,0.0,1
23.0,3.708132064658602,0.21739130434782608,0.0,1
245.0,5.042502685280116,0.10612244897959183,0.8081632653061225,1
23.0,3.708132064658602,0.21739130434782608,0.0,1
245.0,5.030979864665124,0.1469387755102041,0.7673469387755102,1
23.0,3.708132064658602,0.21739130434782608,0.0,1
23.0,3.621175542919471,0.21739130434782608,0.0,1
245.0,5.076418227960216,0.12653061224489795,0.7877551020408163,1
23.0,3.621175542919471,0.21739130434782608,0.0,1
245.0,5.061325529980282,0.15510204081632653,0.7591836734693878,1
23.0,3.621175542919471,0.21739130434782608,0.0,1
23.0,3.708132064658602,0.21739130434782608,0.0,1
23.0,3.708132064658602,0.21739130434782608,0.0,1
245.0,5.06413475909965,0.1469387755102041,0.7673469387755102,1
23.0,3.621175542919471,0.21739130434782608,0.0,1
245.0,5.104761468518163,0.1469387755102041,0.7673469387755102,1
23.0,3.534219021180341,0.21739130434782608,0.0,1
23.0,3.621175542919471,0.21739130434782608,0.0,1
23.0,3.621175542919471,0.21739130434782608,0.0,1
23.0,3.621175542919471,0.21739130434782608,0.0,1
245.0,4.992634037736564,0.1510204081632653,0.763265306122449,1
23.0,3.621175542919471,0.21739130434782608,0.0,1
23.0,3.501397825434103,0.21739130434782608,0.0,1
245.0,5.069716644600517,0.1346938775510204,0.7795918367346939,1
23.0,3.534219021180341,0.21739130434782608,0.0,1
23.0,3.621175542919471,0.21739130434782608,0.0,1
245.0,4.994509113525773,0.1510204081632653,0.763265306122449,1
23.0,3.621175542919471,0.21739130434782608,0.0,1
23.0,3.621175542919471,0.21739130434782608,0.0,1
23.0,3.534219021180341,0.21739130434782608,0.0,1
245.0,5.027532401720568,0.14285714285714285,0.7714285714285715,1
23.0,3.621175542919471,0.21739130434782608,0.0,1
245.0,5.0201666864045595,0.1469387755102041,0.7673469387755102,1
23.0,3.621175542919471,0.21739130434782608,0.0,1
23.0,3.621175542919471,0.21739130434782608,0.0,1
245.0,5.057396851198857,0.1673469387755102,0.746938775510204,1
23.0,3.621175542919471,0.21739130434782608,0.0,1
23.0,3.534219021180341,0.21739130434782608,0.0,1
245.0,5.0552314112755,0.13877551020408163,0.7755102040816326,1
23.0,3.501397825434103,0.21739130434782608,0.0,1
245.0,5.0287427816994175,0.1346938775510204,0.7795918367346939,1
23.0,3.621175542919471,0.21739130434782608,0.0,1
23.0,3.621175542919471,0.21739130434782608,0.0,1
245.0,4.9319235961406065,0.11428571428571428,0.8,1
23.0,3.708132064658602,0.21739130434782608,0.0,1
245.0,5.011629387593138,0.12244897959183673,0.7918367346938775,1
23.0,3.621175542919471,0.21739130434782608,0.0,1
23.0,3.708132064658602,0.21739130434782608,0.0,1
23.0,3.708132064658602,0.21739130434782608,0.0,1
23.0,3.708132064658602,0.21739130434782608,0.0,1
23.0,3.708132064658602,0.21739130434782608,0.0,1
23.0,3.621175542919471,0.21739130434782608,0.0,1
23.0,3.621175542919471,0.21739130434782608,0.0,1
23.0,3.621175542919471,0.21739130434782608,0.0,1
23.0,3.708132064658602,0.21739130434782608,0.0,1
23.0,3.708132064658602,0.21739130434782608,0.0,1
23.0,3.621175542919471,0.21739130434782608,0.0,1
23.0,3.708132064658602,0.21739130434782608,0.0,1
23.0,3.708132064658602,0.21739130434782608,0.0,1
245.0,5.05404997712699,0.1469387755102041,0.7673469387755102,1
23.0,3.708132064658602,0.21739130434782608,0.0,1
23.0,3.708132064658602,0.21739130434782608,0.0,1
245.0,5.034743300977231,0.1510204081632653,0.763265306122449,1
23.0,3.621175542919471,0.21739130434782608,0.0,1
23.0,3.621175542919471,0.21739130434782608,0.0,1
23.0,3.708132064658602,0.21739130434782608,0.0,1
245.0,5.0404471122216155,0.11020408163265306,0.8040816326530612,1
23.0,3.621175542919471,0.21739130434782608,0.0,1
245.0,5.065151828548721,0.1469387755102041,0.7673469387755102,1
23.0,3.621175542919471,0.21739130434782608,0.0,1
245.0,5.046545981756322,0.1306122448979592,0.7836734693877551,1
23.0,3.621175542919471,0.21739130434782608,0.0,1
245.0,5.063941408827074,0.1510204081632653,0.763265306122449,1
23.0,3.708132064658602,0.21739130434782608,0.0,1
23.0,3.708132064658602,0.21739130434782608,0.0,1
23.0,3.708132064658602,0.21739130434782608,0.0,1
245.0,5.068204672971403,0.1346938775510204,0.7795918367346939,1
23.0,3.708132064658602,0.21739130434782608,0.0,1
23.0,3.621175542919471,0.21739130434782608,0.0,1
245.0,5.0582572048181556,0.1346938775510204,0.7795918367346939,1
23.0,3.708132064658602,0.21739130434782608,0.0,1
245.0,5.085946206700218,0.1469387755102041,0.7673469387755102,1
23.0,3.621175542919471,0.21739130434782608,0.0,1
245.0,5.0675272811766625,0.12653061224489795,0.7877551020408163,1
23.0,3.708132064658602,0.21739130434782608,0.0,1
23.0,3.621175542919471,0.21739130434782608,0.0,1
245.0,5.0397883741405805,0.13877551020408163,0.7755102040816326,1
23.0,3.501397825434103,0.21739130434782608,0.0,1
245.0,5.019213851815018,0.14285714285714285,0.7714285714285715,1
23.0,3.621175542919471,0.21739130434782608,0.0,1
23.0,3.621175542919471,0.21739130434782608,0.0,1
245.0,5.061527644488837,0.13877551020408163,0.7755102040816326,1
23.0,3.621175542919471,0.21739130434782608,0.0,1
245.0,5.0504066448370635,0.12244897959183673,0.7918367346938775,1
23.0,3.621175542919471,0.21739130434782608,0.0,1
23.0,3.534219021180341,0.21739130434782608,0.0,1
245.0,5.0267066473380995,0.1510204081632653,0.763265306122449,1
23.0,3.621175542919471,0.21739130434782608,0.0,1
245.0,5.014325654701861,0.1346938775510204,0.7795918367346939,1
23.0,3.534219021180341,0.21739130434782608,0.0,1
23.0,3.621175542919471,0.21739130434782608,0.0,1
245.0,5.089489458228893,0.1306122448979592,0.7836734693877551,1
23.0,3.708132064658602,0.21739130434782608,0.0,1
245.0,4.9621833220087606,0.11020408163265306,0.8040816326530612,1
23.0,3.621175542919471,0.21739130434782608,0.0,1
23.0,3.621175542919471,0.21739130434782608,0.0,1
245.0,5.0709058039036465,0.12653061224489795,0.7877551020408163,1
23.0,3.708132064658602,0.21739130434782608,0.0,1
245.0,5.085776805157669,0.1306122448979592,0.7836734693877551,1
23.0,3.708132064658602,0.21739130434782608,0.0,1
23.0,3.708132064658602,0.21739130434782608,0.0,1
245.0,5.041065818028728,0.13877551020408163,0.7755102040816326,1
23.0,3.621175542919471,0.21739130434782608,0.0,1
245.0,5.065423799323665,0.1306122448979592,0.7836734693877551,1
23.0,3.708132064658602,0.21739130434782608,0.0,1
23.0,3.621175542919471,0.21739130434782608,0.0,1
245.0,5.072530539506572,0.09387755102040816,0.8204081632653061,1
23.0,3.708132064658602,0.21739130434782608,0.0,1
23.0,3.708132064658602,0.21739130434782608,0.0,1
245.0,5.013227907604131,0.1510204081632653,0.763265306122449,1
23.0,3.621175542919471,0.21739130434782608,0.0,1
23.0,3.708132064658602,0.21739130434782608,0.0,1
245.0,5.039017970221607,0.16326530612244897,0.7510204081632653,1
23.0,3.621175542919471,0.21739130434782608,0.0,1
245.0,5.083976045974939,0.17551020408163265,0.7387755102040816,1
23.0,3.708132064658602,0.21739130434782608,0.0,1
23.0,3.708132064658602,0.21739130434782608,0.0,1
245.0,5.057201504566758,0.1469387755102041,0.7673469387755102,1
23.0,3.621175542919471,0.21739130434782608,0.0,1
245.0,5.056823890589655,0.12653061224489795,0.7877551020408163,1
23.0,3.708132064658602,0.21739130434782608,0.0,1
23.0,3.621175542919471,0.21739130434782608,0.0,1
245.0,5.029811836980361,0.15510204081632653,0.7591836734693878,1
23.0,3.708132064658602,0.21739130434782608,0.0,1
245.0,5.077564044293481,0.12244897959183673,0.7918367346938775,1
23.0,3.708132064658602,0.21739130434782608,0.0,1
23.0,3.621175542919471,0.21739130434782608,0.0,1
245.0,5.047153281859718,0.10612244897959183,0.8081632653061225,1
23.0,3.708132064658602,0.21739130434782608,0.0,1
245.0,5.086967307714785,0.1469387755102041,0.7673469387755102,1
23.0,3.708132064658602,0.21739130434782608,0.0,1
23.0,3.621175542919471,0.21739130434782608,0.0,1
245.0,5.068446341401191,0.17142857142857143,0.7428571428571429,1
23.0,3.708132064658602,0.21739130434782608,0.0,1
245.0,5.01232126697454,0.1346938775510204,0.7795918367346939,1
23.0,3.621175542919471,0.21739130434782608,0.0,1
23.0,3.708132064658602,0.21739130434782608,0.0,1
245.0,5.042104019192931,0.16326530612244897,0.7510204081632653,1
23.0,3.621175542919471,0.21739130434782608,0.0,1
23.0,3.708132064658602,0.21739130434782608,0.0,1
245.0,5.049405486177163,0.1836734693877551,0.7306122448979592,1
23.0,3.708132064658602,0.21739130434782608,0.0,1
245.0,5.031557403084659,0.1306122448979592,0.7836734693877551,1
23.0,3.621175542919471,0.21739130434782608,0.0,1
245.0,5.046766744824197,0.11836734693877551,0.7959183673469388,1
23.0,3.708132064658602,0.21739130434782608,0.0,1
23.0,3.708132064658602,0.21739130434782608,0.0,1
245.0,5.045266981204811,0.1469387755102041,0.7673469387755102,1
23.0,3.708132064658602,0.21739130434782608,0.0,1
245.0,5.017319745416211,0.11428571428571428,0.8,1
23.0,3.621175542919471,0.21739130434782608,0.0,1
23.0,3.621175542919471,0.21739130434782608,0.0,1
245.0,5.0143409918937785,0.10612244897959183,0.8081632653061225,1
23.0,3.708132064658602,0.21739130434782608,0.0,1
23.0,3.621175542919471,0.21739130434782608,0.0,1
245.0,4.965027626744967,0.10612244897959183,0.8081632653061225,1
23.0,3.708132064658602,0.21739130434782608,0.0,1
245.0,4.987035259004713,0.11428571428571428,0.8,1
23.0,3.621175542919471,0.21739130434782608,0.0,1
23.0,3.534219021180341,0.21739130434782608,0.0,1
245.0,5.054643216408659,0.1510204081632653,0.763265306122449,1
23.0,3.621175542919471,0.21739130434782608,0.0,1
245.0,5.009115066038375,0.15918367346938775,0.7551020408163265,1
23.0,3.621175542919471,0.21739130434782608,0.0,1
23.0,3.621175542919471,0.21739130434782608,0.0,1
245.0,5.084578332978209,0.15510204081632653,0.7591836734693878,1
23.0,3.621175542919471,0.21739130434782608,0.0,1
23.0,3.501397825434103,0.21739130434782608,0.0,1
245.0,5.079177731128091,0.1346938775510204,0.7795918367346939,1
23.0,3.621175542919471,0.21739130434782608,0.0,1
245.0,5.029473781378445,0.1510204081632653,0.763265306122449,1
23.0,3.534219021180341,0.21739130434782608,0.0,1
245.0,4.980493706620413,0.1510204081632653,0.763265306122449,1
23.0,3.621175542919471,0.21739130434782608,0.0,1
23.0,3.708132064658602,0.21739130434782608,0.0,1
245.0,5.045349505936386,0.12244897959183673,0.7918367346938775,1
23.0,3.621175542919471,0.21739130434782608,0.0,1
245.0,4.991453897984187,0.1306122448979592,0.7836734693877551,1
23.0,3.708132064658602,0.21739130434782608,0.0,1
245.0,4.9861969584646975,0.11836734693877551,0.7959183673469388,1
23.0,3.708132064658602,0.21739130434782608,0.0,1
245.0,5.045653961995542,0.1469387755102041,0.7673469387755102,1
23.0,3.708132064658602,0.21739130434782608,0.0,1
23.0,3.708132064658602,0.21739130434782608,0.0,1
245.0,5.030037421051169,0.15510204081632653,0.7591836734693878,1
23.0,3.621175542919471,0.21739130434782608,0.0,1
245.0,5.040501532205905,0.14285714285714285,0.7714285714285715,1
23.0,3.621175542919471,0.21739130434782608,0.0,1
245.0,5.040932015513842,0.12653061224489795,0.7877551020408163,1
23.0,3.621175542919471,0.21739130434782608,0.0,1
23.0,3.708132064658602,0.21739130434782608,0.0,1
245.0,5.0499461043247695,0.15918367346938775,0.7551020408163265,1
23.0,3.621175542919471,0.21739130434782608,0.0,1
245.0,5.05351654542091,0.17142857142857143,0.7428571428571429,1
23.0,3.534219021180341,0.21739130434782608,0.0,1
23.0,3.621175542919471,0.21739130434782608,0.0,1
245.0,5.019029583423298,0.17142857142857143,0.7428571428571429,1
23.0,3.621175542919471,0.21739130434782608,0.0,1
23.0,3.621175542919471,0.21739130434782608,0.0,1
245.0,5.069870884350977,0.1346938775510204,0.7795918367346939,1
23.0,3.621175542919471,0.21739130434782608,0.0,1
245.0,5.01562053779643,0.15918367346938775,0.7551020408163265,1
23.0,3.534219021180341,0.21739130434782608,0.0,1
23.0,3.621175542919471,0.21739130434782608,0.0,1
245.0,5.011395722944948,0.13877551020408163,0.7755102040816326,1
23.0,3.501397825434103,0.21739130434782608,0.0,1
245.0,5.056620927466302,0.16326530612244897,0.7510204081632653,1
23.0,3.621175542919471,0.21739130434782608,0.0,1
245.0,4.9348918975592255,0.1346938775510204,0.7795918367346939,1
23.0,3.708132064658602,0.21739130434782608,0.0,1
23.0,3.621175542919471,0.21739130434782608,0.0,1
245.0,5.010071844769938,0.10612244897959183,0.8081632653061225,1
23.0,3.708132064658602,0.21739130434782608,0.0,1
245.0,5.051518317910302,0.12653061224489795,0.7877551020408163,1
23.0,3.708132064658602,0.21739130434782608,0.0,1
23.0,3.708132064658602,0.21739130434782608,0.0,1
245.0,5.0109200360628074,0.17142857142857143,0.7428571428571429,1
23.0,3.708132064658602,0.21739130434782608,0.0,1
23.0,3.621175542919471,0.21739130434782608,0.0,1
245.0,5.047328245843177,0.12244897959183673,0.7918367346938775,1
23.0,3.708132064658602,0.21739130434782608,0.0,1
245.0,5.086844951921544,0.13877551020408163,0.7755102040816326,1
23.0,3.621175542919471,0.21739130434782608,0.0,1
23.0,3.621175542919471,0.21739130434782608,0.0,1
245.0,5.0437362459234985,0.13877551020408163,0.7755102040816326,1
23.0,3.621175542919471,0.21739130434782608,0.0,1
245.0,5.043873836185797,0.16326530612244897,0.7510204081632653,1
23.0,3.621175542919471,0.21739130434782608,0.0,1
245.0,5.037085404786756,0.1346938775510204,0.7795918367346939,1
23.0,3.708132064658602,0.21739130434782608,0.0,1
23.0,3.708132064658602,0.21739130434782608,0.0,1
245.0,5.03342438662777,0.15918367346938775,0.7551020408163265,1
23.0,3.708132064658602,0.21739130434782608,0.0,1
245.0,5.017228335013477,0.1469387755102041,0.7673469387755102,1
23.0,3.708132064658602,0.21739130434782608,0.0,1
23.0,3.621175542919471,0.21739130434782608,0.0,1
245.0,4.938482338461784,0.10204081632653061,0.8122448979591836,1
23.0,3.708132064658602,0.21739130434782608,0.0,1
23.0,3.708132064658602,0.21739130434782608,0.0,1
245.0,5.049528969212185,0.12244897959183673,0.7918367346938775,1
23.0,3.621175542919471,0.21739130434782608,0.0,1
23.0,3.621175542919471,0.21739130434782608,0.0,1
245.0,5.014181415986218,0.1673469387755102,0.746938775510204,1
23.0,3.501397825434103,0.21739130434782608,0.0,1
23.0,3.621175542919471,0.21739130434782608,0.0,1
245.0,5.009102594507788,0.17959183673469387,0.7346938775510204,1
23.0,3.621175542919471,0.21739130434782608,0.0,1
245.0,5.036510246579685,0.13877551020408163,0.7755102040816326,1
23.0,3.621175542919471,0.21739130434782608,0.0,1
245.0,5.055220240582994,0.14285714285714285,0.7714285714285715,1
23.0,3.621175542919471,0.21739130434782608,0.0,1
23.0,3.534219021180341,0.21739130434782608,0.0,1
245.0,5.013364364318855,0.11836734693877551,0.7959183673469388,1
23.0,3.621175542919471,0.21739130434782608,0.0,1
245.0,5.036693356405722,0.10204081632653061,0.8122448979591836,1
23.0,3.621175542919471,0.21739130434782608,0.0,1
23.0,3.534219021180341,0.21739130434782608,0.0,1
245.0,5.046272655653124,0.17142857142857143,0.7428571428571429,1
23.0,3.708132064658602,0.21739130434782608,0.0,1
245.0,5.023814727806052,0.10612244897959183,0.8081632653061225,1
23.0,3.621175542919471,0.21739130434782608,0.0,1
245.0,4.955949562817147,0.16326530612244897,0.7510204081632653,1
23.0,3.621175542919471,0.21739130434782608,0.0,1
23.0,3.708132064658602,0.21739130434782608,0.0,1
245.0,5.021001899330535,0.12244897959183673,0.7918367346938775,1
23.0,3.708132064658602,0.21739130434782608,0.0,1
245.0,5.073395065354365,0.12653061224489795,0.7877551020408163,1
23.0,3.708132064658602,0.21739130434782608,0.0,1
245.0,5.092599919438793,0.1306122448979592,0.7836734693877551,1
23.0,3.621175542919471,0.21739130434782608,0.0,1
23.0,3.708132064658602,0.21739130434782608,0.0,1
245.0,5.035229174491468,0.1306122448979592,0.7836734693877551,1
23.0,3.708132064658602,0.21739130434782608,0.0,1
245.0,5.048140548607002,0.1346938775510204,0.7795918367346939,1
23.0,3.621175542919471,0.21739130434782608,0.0,1
23.0,3.708132064658602,0.21739130434782608,0.0,1
245.0,5.049011362122451,0.1673469387755102,0.746938775510204,1
23.0,3.621175542919471,0.21739130434782608,0.0,1
245.0,5.063027796967995,0.12653061224489795,0.7877551020408163,1
23.0,3.708132064658602,0.21739130434782608,0.0,1
23.0,3.621175542919471,0.21739130434782608,0.0,1
245.0,5.0840993102852545,0.13877551020408163,0.7755102040816326,1
23.0,3.708132064658602,0.21739130434782608,0.0,1
245.0,5.028333166488986,0.1346938775510204,0.7795918367346939,1
23.0,3.708132064658602,0.21739130434782608,0.0,1
23.0,3.621175542919471,0.21739130434782608,0.0,1
245.0,5.01842359231787,0.09387755102040816,0.8204081632653061,1
23.0,3.708132064658602,0.21739130434782608,0.0,1
245.0,5.0778914064663585,0.1469387755102041,0.7673469387755102,1
23.0,3.708132064658602,0.21739130434782608,0.0,1
23.0,3.621175542919471,0.21739130434782608,0.0,1
245.0,4.9912880980142,0.1306122448979592,0.7836734693877551,1
23.0,3.708132064658602,0.21739130434782608,0.0,1
245.0,5.045153670077195,0.15510204081632653,0.7591836734693878,1
23.0,3.621175542919471,0.21739130434782608,0.0,1
23.0,3.708132064658602,0.21739130434782608,0.0,1
245.0,5.059644360574535,0.15510204081632653,0.7591836734693878,1
23.0,3.708132064658602,0.21739130434782608,0.0,1
245.0,5.047515971969904,0.1306122448979592,0.7836734693877551,1
23.0,3.621175542919471,0.21739130434782608,0.0,1
23.0,3.708132064658602,0.21739130434782608,0.0,1
245.0,4.986613729088638,0.12244897959183673,0.7918367346938775,1
23.0,3.621175542919471,0.21739130434782608,0.0,1
245.0,5.075817103976585,0.14285714285714285,0.7714285714285715,1
23.0,3.708132064658602,0.21739130434782608,0.0,1
23.0,3.708132064658602,0.21739130434782608,0.0,1
245.0,5.023985519561017,0.16326530612244897,0.7510204081632653,1
23.0,3.621175542919471,0.21739130434782608,0.0,1
245.0,5.050219481311947,0.09795918367346938,0.8163265306122449,1
23.0,3.708132064658602,0.21739130434782608,0.0,1
23.0,3.621175542919471,0.21739130434782608,0.0,1
245.0,4.999005672170836,0.12653061224489795,0.7877551020408163,1
23.0,3.708132064658602,0.21739130434782608,0.0,1
245.0,5.081935903619664,0.1346938775510204,0.7795918367346939,1
23.0,3.708132064658602,0.21739130434782608,0.0,1
23.0,3.708132064658602,0.21739130434782608,0.0,1
245.0,4.977754730542398,0.12244897959183673,0.7918367346938775,1
23.0,3.621175542919471,0.21739130434782608,0.0,1
245.0,5.0332935133579495,0.12653061224489795,0.7877551020408163,1
23.0,3.621175542919471,0.21739130434782608,0.0,1
23.0,3.708132064658602,0.21739130434782608,0.0,1
245.0,5.04202678869156,0.12653061224489795,0.7877551020408163,1
23.0,3.708132064658602,0.21739130434782608,0.0,1
245.0,5.053085682947226,0.14285714285714285,0.7714285714285715,1
23.0,3.621175542919471,0.21739130434782608,0.0,1
23.0,3.621175542919471,0.21739130434782608,0.0,1
23.0,3.534219021180341,0.21739130434782608,0.0,1
245.0,5.026256708686175,0.1673469387755102,0.746938775510204,1
23.0,3.621175542919471,0.21739130434782608,0.0,1
245.0,5.04434671603375,0.1469387755102041,0.7673469387755102,1
23.0,3.621175542919471,0.21739130434782608,0.0,1
23.0,3.621175542919471,0.21739130434782608,0.0,1
245.0,5.018734556435582,0.12244897959183673,0.7918367346938775,1
23.0,3.621175542919471,0.21739130434782608,0.0,1
23.0,3.501397825434103,0.21739130434782608,0.0,1
245.0,5.067211390545392,0.15918367346938775,0.7551020408163265,1
23.0,3.621175542919471,0.21739130434782608,0.0,1
245.0,5.055608833155404,0.12244897959183673,0.7918367346938775,1
23.0,3.621175542919471,0.21739130434782608,0.0,1
245.0,5.084157404802873,0.15918367346938775,0.7551020408163265,1
23.0,3.534219021180341,0.21739130434782608,0.0,1
23.0,3.708132064658602,0.21739130434782608,0.0,1
245.0,5.027988368200754,0.13877551020408163,0.7755102040816326,1
23.0,3.621175542919471,0.21739130434782608,0.0,1
23.0,3.708132064658602,0.21739130434782608,0.0,1
245.0,5.017313002680717,0.15918367346938775,0.7551020408163265,1
23.0,3.708132064658602,0.21739130434782608,0.0,1
245.0,4.989412323414334,0.08163265306122448,0.8326530612244898,1
23.0,3.708132064658602,0.21739130434782608,0.0,1
245.0,5.078539099252811,0.12653061224489795,0.7877551020408163,1
23.0,3.708132064658602,0.21739130434782608,0.0,1
23.0,3.621175542919471,0.21739130434782608,0.0,1
245.0,5.028547435067317,0.1836734693877551,0.7306122448979592,1
23.0,3.621175542919471,0.21739130434782608,0.0,1
245.0,5.030381076097806,0.1673469387755102,0.746938775510204,1
23.0,3.708132064658602,0.21739130434782608,0.0,1
23.0,3.621175542919471,0.21739130434782608,0.0,1
245.0,5.065843256380317,0.1469387755102041,0.7673469387755102,1
23.0,3.708132064658602,0.21739130434782608,0.0,1
245.0,5.070996334944389,0.1510204081632653,0.763265306122449,1
23.0,3.621175542919471,0.21739130434782608,0.0,1
245.0,5.056539154932455,0.1469387755102041,0.7673469387755102,1
23.0,3.708132064658602,0.21739130434782608,0.0,1
23.0,3.708132064658602,0.21739130434782608,0.0,1
245.0,5.060980308623847,0.11836734693877551,0.7959183673469388,1
23.0,3.708132064658602,0.21739130434782608,0.0,1
23.0,3.708132064658602,0.21739130434782608,0.0,1
245.0,5.014332692591688,0.1306122448979592,0.7836734693877551,1
23.0,3.621175542919471,0.21739130434782608,0.0,1
23.0,3.708132064658602,0.21739130434782608,0.0,1
245.0,5.078728243137636,0.11428571428571428,0.8,1
23.0,3.621175542919471,0.21739130434782608,0.0,1
245.0,5.021462272763738,0.11428571428571428,0.8,1
23.0,3.621175542919471,0.21739130434782608,0.0,1
23.0,3.621175542919471,0.21739130434782608,0.0,1
245.0,5.0713893420015665,0.1510204081632653,0.763265306122449,1
23.0,3.534219021180341,0.21739130434782608,0.0,1
245.0,5.040042067289772,0.15918367346938775,0.7551020408163265,1
23.0,3.621175542919471,0.21739130434782608,0.0,1
245.0,5.099038409398666,0.11020408163265306,0.8040816326530612,1
23.0,3.621175542919471,0.21739130434782608,0.0,1
23.0,3.621175542919471,0.21739130434782608,0.0,1
245.0,5.055649400414983,0.1469387755102041,0.7673469387755102,1
23.0,3.621175542919471,0.21739130434782608,0.0,1
245.0,5.038985927970354,0.12244897959183673,0.7918367346938775,1
23.0,3.534219021180341,0.21739130434782608,0.0,1
23.0,3.621175542919471,0.21739130434782608,0.0,1
245.0,4.991143339469812,0.11428571428571428,0.8,1
23.0,3.621175542919471,0.21739130434782608,0.0,1
245.0,5.054099672697447,0.1673469387755102,0.746938775510204,1
23.0,3.501397825434103,0.21739130434782608,0.0,1
23.0,3.501397825434103,0.21739130434782608,0.0,1
245.0,5.046200090938442,0.1346938775510204,0.7795918367346939,1
23.0,3.534219021180341,0.21739130434782608,0.0,1
245.0,5.054012067220309,0.1306122448979592,0.7836734693877551,1
23.0,3.621175542919471,0.21739130434782608,0.0,1
23.0,3.621175542919471,0.21739130434782608,0.0,1
245.0,5.075566064979644,0.13877551020408163,0.7755102040816326,1
23.0,3.621175542919471,0.21739130434782608,0.0,1
245.0,5.028979620107982,0.1469387755102041,0.7673469387755102,1
23.0,3.621175542919471,0.21739130434782608,0.0,1
23.0,3.621175542919471,0.21739130434782608,0.0,1
245.0,5.089342149508426,0.1469387755102041,0.7673469387755102,1
23.0,3.534219021180341,0.21739130434782608,0.0,1
245.0,5.0561328473359035,0.1510204081632653,0.763265306122449,1
23.0,3.621175542919471,0.21739130434782608,0.0,1
23.0,3.621175542919471,0.21739130434782608,0.0,1
245.0,5.090689448484597,0.17551020408163265,0.7387755102040816,1
23.0,3.534219021180341,0.21739130434782608,0.0,1
245.0,5.081001613957611,0.1469387755102041,0.7673469387755102,1
23.0,3.501397825434103,0.21739130434782608,0.0,1
23.0,3.621175542919471,0.21739130434782608,0.0,1
245.0,4.99922406717578,0.15918367346938775,0.7551020408163265,1
23.0,3.621175542919471,0.21739130434782608,0.0,1
23.0,3.621175542919471,0.21739130434782608,0.0,1
245.0,5.057937331211037,0.1306122448979592,0.7836734693877551,1
23.0,3.621175542919471,0.21739130434782608,0.0,1
23.0,3.621175542919471,0.21739130434782608,0.0,1
245.0,5.0368202269063795,0.15918367346938775,0.7551020408163265,1
23.0,3.534219021180341,0.21739130434782608,0.0,1
245.0,5.02664207433075,0.15510204081632653,0.7591836734693878,1
23.0,3.621175542919471,0.21739130434782608,0.0,1
23.0,3.621175542919471,0.21739130434782608,0.0,1
245.0,5.01477684533401,0.1510204081632653,0.763265306122449,1
23.0,3.621175542919471,0.21739130434782608,0.0,1
245.0,5.044106540539239,0.1469387755102041,0.7673469387755102,1
23.0,3.621175542919471,0.21739130434782608,0.0,1
23.0,3.621175542919471,0.21739130434782608,0.0,1
245.0,5.002972076921635,0.1306122448979592,0.7836734693877551,1
23.0,3.708132064658602,0.21739130434782608,0.0,1
245.0,5.06290491846148,0.12653061224489795,0.7877551020408163,1
23.0,3.708132064658602,0.21739130434782608,0.0,1
23.0,3.708132064658602,0.21739130434782608,0.0,1
245.0,4.960629037581646,0.1346938775510204,0.7795918367346939,1
23.0,3.708132064658602,0.21739130434782608,0.0,1
245.0,5.0474081806558715,0.10612244897959183,0.8081632653061225,1
23.0,3.621175542919471,0.21739130434782608,0.0,1
23.0,3.708132064658602,0.21739130434782608,0.0,1
245.0,5.035527579583052,0.12244897959183673,0.7918367346938775,1
23.0,3.708132064658602,0.21739130434782608,0.0,1
245.0,5.061391535615957,0.11020408163265306,0.8040816326530612,1
23.0,3.621175542919471,0.21739130434782608,0.0,1
23.0,3.621175542919471,0.21739130434782608,0.0,1
245.0,4.931949548761903,0.1306122448979592,0.7836734693877551,1
23.0,3.708132064658602,0.21739130434782608,0.0,1
245.0,5.0770540718789166,0.11428571428571428,0.8,1
23.0,3.621175542919471,0.21739130434782608,0.0,1
23.0,3.708132064658602,0.21739130434782608,0.0,1
245.0,5.059035587453029,0.14285714285714285,0.7714285714285715,1
23.0,3.708132064658602,0.21739130434782608,0.0,1
245.0,5.012667139004838,0.16326530612244897,0.7510204081632653,1
23.0,3.708132064658602,0.21739130434782608,0.0,1
23.0,3.621175542919471,0.21739130434782608,0.0,1
245.0,5.045803002829769,0.17142857142857143,0.7428571428571429,1
23.0,3.708132064658602,0.21739130434782608,0.0,1
245.0,5.10241023639776,0.14285714285714285,0.7714285714285715,1
23.0,3.708132064658602,0.21739130434782608,0.0,1
23.0,3.621175542919471,0.21739130434782608,0.0,1
23.0,3.621175542919471,0.21739130434782608,0.0,1
245.0,4.987458835391801,0.12244897959183673,0.7918367346938775,1
23.0,3.708132064658602,0.21739130434782608,0.0,1
245.0,5.022630519173209,0.14285714285714285,0.7714285714285715,1
23.0,3.708132064658602,0.21739130434782608,0.0,1
245.0,5.085679108362405,0.15918367346938775,0.7551020408163265,1
23.0,3.621175542919471,0.21739130434782608,0.0,1
23.0,3.708132064658602,0.21739130434782608,0.0,1
245.0,5.054825897803573,0.1346938775510204,0.7795918367346939,1
23.0,3.708132064658602,0.21739130434782608,0.0,1
245.0,5.045483379946993,0.13877551020408163,0.7755102040816326,1
23.0,3.621175542919471,0.21739130434782608,0.0,1
245.0,5.007464913999671,0.14285714285714285,0.7714285714285715,1
23.0,3.708132064658602,0.21739130434782608,0.0,1
23.0,3.708132064658602,0.21739130434782608,0.0,1
245.0,5.08523065119666,0.1510204081632653,0.763265306122449,1
23.0,3.621175542919471,0.21739130434782608,0.0,1
245.0,5.055507721569444,0.12244897959183673,0.7918367346938775,1
23.0,3.621175542919471,0.21739130434782608,0.0,1
245.0,5.04248900425228,0.11836734693877551,0.7959183673469388,1
23.0,3.708132064658602,0.21739130434782608,0.0,1
245.0,5.003592747426253,0.12653061224489795,0.7877551020408163,1
23.0,3.708132064658602,0.21739130434782608,0.0,1
23.0,3.708132064658602,0.21739130434782608,0.0,1
23.0,3.621175542919471,0.21739130434782608,0.0,1
245.0,5.065309249274323,0.14285714285714285,0.7714285714285715,1
23.0,3.708132064658602,0.21739130434782608,0.0,1
245.0,4.9995239280350035,0.12244897959183673,0.7918367346938775,1
23.0,3.621175542919471,0.21739130434782608,0.0,1
23.0,3.708132064658602,0.21739130434782608,0.0,1
245.0,5.028331625197298,0.11428571428571428,0.8,1
23.0,3.708132064658602,0.21739130434782608,0.0,1
245.0,5.00376727361682,0.11836734693877551,0.7959183673469388,1
23.0,3.621175542919471,0.21739130434782608,0.0,1
23.0,3.621175542919471,0.21739130434782608,0.0,1
245.0,5.014546266690465,0.14285714285714285,0.7714285714285715,1
23.0,3.708132064658602,0.21739130434782608,0.0,1
245.0,5.038028256721539,0.17142857142857143,0.7428571428571429,1
23.0,3.708132064658602,0.21739130434782608,0.0,1
23.0,3.708132064658602,0.21739130434782608,0.0,1
245.0,5.086047318286177,0.13877551020408163,0.7755102040816326,1
23.0,3.708132064658602,0.21739130434782608,0.0,1
245.0,5.044490596394511,0.12244897959183673,0.7918367346938775,1
23.0,3.621175542919471,0.21739130434782608,0.0,1
23.0,3.621175542919471,0.21739130434782608,0.0,1
23.0,3.708132064658602,0.21739130434782608,0.0,1
245.0,5.031830938894272,0.11836734693877551,0.7959183673469388,1
23.0,3.708132064658602,0.21739130434782608,0.0,1
245.0,5.090282508113427,0.13877551020408163,0.7755102040816326,1
23.0,3.534219021180341,0.21739130434782608,0.0,1
23.0,3.534219021180341,0.21739130434782608,0.0,1
245.0,5.005057663035325,0.11428571428571428,0.8,1
23.0,3.621175542919471,0.21739130434782608,0.0,1
245.0,5.091379533062203,0.1346938775510204,0.7795918367346939,1
23.0,3.621175542919471,0.21739130434782608,0.0,1
23.0,3.621175542919471,0.21739130434782608,0.0,1
245.0,5.0501232157470275,0.17959183673469387,0.7346938775510204,1
23.0,3.621175542919471,0.21739130434782608,0.0,1
245.0,5.0546728878092155,0.1306122448979592,0.7836734693877551,1
23.0,3.621175542919471,0.21739130434782608,0.0,1
23.0,3.501397825434103,0.21739130434782608,0.0,1
245.0,5.087175834554177,0.1510204081632653,0.763265306122449,1
23.0,3.621175542919471,0.21739130434782608,0.0,1
245.0,5.092114665226929,0.1469387755102041,0.7673469387755102,1
23.0,3.621175542919471,0.21739130434782608,0.0,1
245.0,5.038033363883195,0.1346938775510204,0.7795918367346939,1
23.0,3.621175542919471,0.21739130434782608,0.0,1
245.0,5.066937650392286,0.1306122448979592,0.7836734693877551,1
23.0,3.621175542919471,0.21739130434782608,0.0,1
23.0,3.708132064658602,0.21739130434782608,0.0,1
23.0,3.708132064658602,0.21739130434782608,0.0,1
245.0,5.0542138513242065,0.17551020408163265,0.7387755102040816,1
23.0,3.708132064658602,0.21739130434782608,0.0,1
245.0,5.035825042810515,0.13877551020408163,0.7755102040816326,1
23.0,3.708132064658602,0.21739130434782608,0.0,1
245.0,5.059047113298905,0.13877551020408163,0.7755102040816326,1
23.0,3.708132064658602,0.21739130434782608,0.0,1
245.0,5.037533260308523,0.1469387755102041,0.7673469387755102,1
23.0,3.621175542919471,0.21739130434782608,0.0,1
23.0,3.621175542919471,0.21739130434782608,0.0,1
23.0,3.708132064658602,0.21739130434782608,0.0,1
245.0,4.996378788801659,0.10204081632653061,0.8122448979591836,1
23.0,3.621175542919471,0.21739130434782608,0.0,1
245.0,5.0717804333158565,0.17142857142857143,0.7428571428571429,1
23.0,3.621175542919471,0.21739130434782608,0.0,1
23.0,3.708132064658602,0.21739130434782608,0.0,1
245.0,5.098782414319343,0.1346938775510204,0.7795918367346939,1
23.0,3.708132064658602,0.21739130434782608,0.0,1
245.0,5.069202017564563,0.1346938775510204,0.7795918367346939,1
23.0,3.708132064658602,0.21739130434782608,0.0,1
245.0,5.06464369294634,0.16326530612244897,0.7510204081632653,1
23.0,3.708132064658602,0.21739130434782608,0.0,1
245.0,5.071194536967085,0.1510204081632653,0.763265306122449,1
23.0,3.708132064658602,0.21739130434782608,0.0,1
245.0,4.989154394405326,0.1836734693877551,0.7306122448979592,1
23.0,3.621175542919471,0.21739130434782608,0.0,1
23.0,3.708132064658602,0.21739130434782608,0.0,1
23.0,3.621175542919471,0.21739130434782608,0.0,1
245.0,5.075154897889807,0.1673469387755102,0.746938775510204,1
23.0,3.534219021180341,0.21739130434782608,0.0,1
245.0,5.05261872096295,0.1306122448979592,0.7836734693877551,1
23.0,3.501397825434103,0.21739130434782608,0.0,1
23.0,3.621175542919471,0.21739130434782608,0.0,1
245.0,5.040973930358511,0.10612244897959183,0.8081632653061225,1
23.0,3.621175542919471,0.21739130434782608,0.0,1
245.0,5.112765906886452,0.1510204081632653,0.763265306122449,1
23.0,3.621175542919471,0.21739130434782608,0.0,1
23.0,3.621175542919471,0.21739130434782608,0.0,1
245.0,5.020284862340797,0.16326530612244897,0.7510204081632653,1
23.0,3.621175542919471,0.21739130434782608,0.0,1
245.0,5.052361529377807,0.1673469387755102,0.746938775510204,1
23.0,3.534219021180341,0.21739130434782608,0.0,1
23.0,3.621175542919471,0.21739130434782608,0.0,1
245.0,5.0333955494607965,0.11428571428571428,0.8,1
23.0,3.621175542919471,0.21739130434782608,0.0,1
245.0,5.00988257482395,0.11020408163265306,0.8040816326530612,1
23.0,3.501397825434103,0.21739130434782608,0.0,1
23.0,3.36030597770208,0.21739130434782608,0.0,1
245.0,5.0026808878404045,0.16326530612244897,0.7510204081632653,1
23.0,3.501397825434103,0.21739130434782608,0.0,1
245.0,5.045472853891952,0.1306122448979592,0.7836734693877551,1
23.0,3.501397825434103,0.21739130434782608,0.0,1
23.0,3.501397825434103,0.21739130434782608,0.0,1
23.0,3.501397825434103,0.21739130434782608,0.0,1
245.0,5.074787536580836,0.1673469387755102,0.746938775510204,1
23.0,3.501397825434103,0.21739130434782608,0.0,1
245.0,5.07155820576735,0.1346938775510204,0.7795918367346939,1
23.0,3.414441303694973,0.21739130434782608,0.0,1
23.0,3.501397825434103,0.21739130434782608,0.0,1
245.0,5.07699329876851,0.14285714285714285,0.7714285714285715,1
23.0,3.501397825434103,0.21739130434782608,0.0,1
245.0,5.069580758858711,0.13877551020408163,0.7755102040816326,1
23.0,3.621175542919471,0.21739130434782608,0.0,1
23.0,3.501397825434103,0.21739130434782608,0.0,1
245.0,5.05365913278352,0.11836734693877551,0.7959183673469388,1
23.0,3.534219021180341,0.21739130434782608,0.0,1
245.0,5.011543542132395,0.13877551020408163,0.7755102040816326,1
23.0,3.621175542919471,0.21739130434782608,0.0,1
23.0,3.621175542919471,0.21739130434782608,0.0,1
245.0,5.015495147776221,0.12653061224489795,0.7877551020408163,1
23.0,3.621175542919471,0.21739130434782608,0.0,1
245.0,4.978172056858488,0.09795918367346938,0.8163265306122449,1
23.0,3.621175542919471,0.21739130434782608,0.0,1
23.0,3.534219021180341,0.21739130434782608,0.0,1
23.0,3.621175542919471,0.21739130434782608,0.0,1
245.0,5.016681511591025,0.14285714285714285,0.7714285714285715,1
23.0,3.621175542919471,0.21739130434782608,0.0,1
245.0,5.071432606040726,0.14285714285714285,0.7714285714285715,1
23.0,3.621175542919471,0.21739130434782608,0.0,1
23.0,3.501397825434103,0.21739130434782608,0.0,1
245.0,5.075073150374072,0.1469387755102041,0.7673469387755102,1
23.0,3.621175542919471,0.21739130434782608,0.0,1
245.0,4.997515572422683,0.11428571428571428,0.8,1
23.0,3.534219021180341,0.21739130434782608,0.0,1
23.0,3.621175542919471,0.21739130434782608,0.0,1
245.0,5.0215421342019155,0.1306122448979592,0.7836734693877551,1
23.0,3.621175542919471,0.21739130434782608,0.0,1
245.0,5.0518818755196335,0.1469387755102041,0.7673469387755102,1
23.0,3.621175542919471,0.21739130434782608,0.0,1
23.0,3.534219021180341,0.21739130434782608,0.0,1
245.0,5.041784396310153,0.1469387755102041,0.7673469387755102,1
23.0,3.621175542919471,0.21739130434782608,0.0,1
245.0,5.023435067310349,0.13877551020408163,0.7755102040816326,1
23.0,3.621175542919471,0.21739130434782608,0.0,1
23.0,3.621175542919471,0.21739130434782608,0.0,1
245.0,5.036773821463435,0.13877551020408163,0.7755102040816326,1
23.0,3.501397825434103,0.21739130434782608,0.0,1
245.0,5.035851995222646,0.17551020408163265,0.7387755102040816,1
23.0,3.621175542919471,0.21739130434782608,0.0,1
245.0,4.994557700566771,0.15510204081632653,0.7591836734693878,1
23.0,3.621175542919471,0.21739130434782608,0.0,1
245.0,5.083683903532902,0.1510204081632653,0.763265306122449,1
23.0,3.534219021180341,0.21739130434782608,0.0,1
23.0,3.621175542919471,0.21739130434782608,0.0,1
245.0,4.989407986634322,0.14285714285714285,0.7714285714285715,1
23.0,3.621175542919471,0.21739130434782608,0.0,1
245.0,5.066075196081199,0.15918367346938775,0.7551020408163265,1
23.0,3.534219021180341,0.21739130434782608,0.0,1
23.0,3.621175542919471,0.21739130434782608,0.0,1
245.0,5.0869783564831,0.1469387755102041,0.7673469387755102,1
23.0,3.621175542919471,0.21739130434782608,0.0,1
245.0,5.0265224845537695,0.15918367346938775,0.7551020408163265,1
23.0,3.621175542919471,0.21739130434782608,0.0,1
23.0,3.501397825434103,0.21739130434782608,0.0,1
245.0,5.064737254199934,0.16326530612244897,0.7510204081632653,1
23.0,3.621175542919471,0.21739130434782608,0.0,1
245.0,5.048795612154703,0.13877551020408163,0.7755102040816326,1
23.0,3.621175542919471,0.21739130434782608,0.0,1
23.0,3.621175542919471,0.21739130434782608,0.0,1
23.0,3.534219021180341,0.21739130434782608,0.0,1
245.0,5.0562328870792275,0.1469387755102041,0.7673469387755102,1
23.0,3.621175542919471,0.21739130434782608,0.0,1
245.0,5.020409987303037,0.1346938775510204,0.7795918367346939,1
23.0,3.534219021180341,0.21739130434782608,0.0,1
23.0,3.621175542919471,0.21739130434782608,0.0,1
245.0,5.033017302709075,0.1510204081632653,0.763265306122449,1
23.0,3.621175542919471,0.21739130434782608,0.0,1
245.0,5.0233085552884305,0.14285714285714285,0.7714285714285715,1
23.0,3.621175542919471,0.21739130434782608,0.0,1
245.0,5.037996120237311,0.12653061224489795,0.7877551020408163,1
23.0,3.621175542919471,0.21739130434782608,0.0,1
245.0,4.980141850567549,0.13877551020408163,0.7755102040816326,1
23.0,3.621175542919471,0.21739130434782608,0.0,1
23.0,3.501397825434103,0.21739130434782608,0.0,1
23.0,3.621175542919471,0.21739130434782608,0.0,1
245.0,5.071287314366792,0.17142857142857143,0.7428571428571429,1
23.0,3.621175542919471,0.21739130434782608,0.0,1
245.0,5.01809442717107,0.13877551020408163,0.7755102040816326,1
23.0,3.534219021180341,0.21739130434782608,0.0,1
23.0,3.534219021180341,0.21739130434782608,0.0,1
245.0,5.006325671836264,0.15510204081632653,0.7591836734693878,1
23.0,3.621175542919471,0.21739130434782608,0.0,1
245.0,4.998989551125028,0.11020408163265306,0.8040816326530612,1
23.0,3.621175542919471,0.21739130434782608,0.0,1
245.0,5.010644260027999,0.19183673469387755,0.7224489795918367,1
23.0,3.534219021180341,0.21739130434782608,0.0,1
245.0,5.027623771105376,0.1306122448979592,0.7836734693877551,1
23.0,3.414441303694973,0.21739130434782608,0.0,1
23.0,3.534219021180341,0.21739130434782608,0.0,1
245.0,5.064144355950611,0.1469387755102041,0.7673469387755102,1
23.0,3.534219021180341,0.21739130434782608,0.0,1
245.0,5.0603177589771535,0.10612244897959183,0.8081632653061225,1
23.0,3.534219021180341,0.21739130434782608,0.0,1
23.0,3.534219021180341,0.21739130434782608,0.0,1
245.0,5.0300421968992,0.11836734693877551,0.7959183673469388,1
23.0,3.534219021180341,0.21739130434782608,0.0,1
245.0,5.071157287909103,0.1346938775510204,0.7795918367346939,1
23.0,3.414441303694973,0.21739130434782608,0.0,1
23.0,3.534219021180341,0.21739130434782608,0.0,1
245.0,5.055277142925897,0.15510204081632653,0.7591836734693878,1
23.0,3.534219021180341,0.21739130434782608,0.0,1
245.0,5.032398078806473,0.1510204081632653,0.763265306122449,1
23.0,3.621175542919471,0.21739130434782608,0.0,1
23.0,3.501397825434103,0.21739130434782608,0.0,1
23.0,3.621175542919471,0.21739130434782608,0.0,1
245.0,5.04940640816648,0.12653061224489795,0.7877551020408163,1
23.0,3.621175542919471,0.21739130434782608,0.0,1
245.0,5.023867885028869,0.16326530612244897,0.7510204081632653,1
23.0,3.621175542919471,0.21739130434782608,0.0,1
23.0,3.621175542919471,0.21739130434782608,0.0,1
245.0,5.058134929614196,0.1673469387755102,0.746938775510204,1
23.0,3.621175542919471,0.21739130434782608,0.0,1
245.0,5.046811422607334,0.1346938775510204,0.7795918367346939,1
23.0,3.534219021180341,0.21739130434782608,0.0,1
23.0,3.534219021180341,0.21739130434782608,0.0,1
245.0,5.060678967697924,0.1346938775510204,0.7795918367346939,1
23.0,3.621175542919471,0.21739130434782608,0.0,1
245.0,5.073590563065736,0.19183673469387755,0.7224489795918367,1
23.0,3.621175542919471,0.21739130434782608,0.0,1
245.0,5.02703078723524,0.13877551020408163,0.7755102040816326,1
23.0,3.501397825434103,0.21739130434782608,0.0,1
245.0,5.005802343694604,0.12653061224489795,0.7877551020408163,1
23.0,3.621175542919471,0.21739130434782608,0.0,1
23.0,3.621175542919471,0.21739130434782608,0.0,1
23.0,3.621175542919471,0.21739130434782608,0.0,1
245.0,5.081322182044284,0.1346938775510204,0.7795918367346939,1
23.0,3.621175542919471,0.21739130434782608,0.0,1
245.0,5.058073815471443,0.16326530612244897,0.7510204081632653,1
23.0,3.621175542919471,0.21739130434782608,0.0,1
23.0,3.534219021180341,0.21739130434782608,0.0,1
245.0,5.071608394896002,0.11428571428571428,0.8,1
23.0,3.621175542919471,0.21739130434782608,0.0,1
245.0,5.021031175565528,0.18775510204081633,0.726530612244898,1
23.0,3.534219021180341,0.21739130434782608,0.0,1
23.0,3.621175542919471,0.21739130434782608,0.0,1
245.0,5.067574265221033,0.1510204081632653,0.763265306122449,1
23.0,3.621175542919471,0.21739130434782608,0.0,1
245.0,5.022542972275625,0.10612244897959183,0.8081632653061225,1
23.0,3.621175542919471,0.21739130434782608,0.0,1
23.0,3.708132064658602,0.21739130434782608,0.0,1
245.0,5.03043653967862,0.1306122448979592,0.7836734693877551,1
23.0,3.708132064658602,0.21739130434782608,0.0,1
245.0,5.005739636557753,0.17959183673469387,0.7346938775510204,1
23.0,3.708132064658602,0.21739130434782608,0.0,1
245.0,4.9870872651675064,0.17551020408163265,0.7387755102040816,1
23.0,3.708132064658602,0.21739130434782608,0.0,1
245.0,5.0169445078733474,0.15918367346938775,0.7551020408163265,1
23.0,3.621175542919471,0.21739130434782608,0.0,1
245.0,5.030787745057623,0.1469387755102041,0.7673469387755102,1
23.0,3.708132064658602,0.21739130434782608,0.0,1
23.0,3.708132064658602,0.21739130434782608,0.0,1
245.0,4.94131725958557,0.11836734693877551,0.7959183673469388,1
23.0,3.621175542919471,0.21739130434782608,0.0,1
23.0,3.501397825434103,0.21739130434782608,0.0,1
245.0,5.0346922033315105,0.1346938775510204,0.7795918367346939,1
23.0,3.534219021180341,0.21739130434782608,0.0,1
245.0,5.011525728715626,0.12653061224489795,0.7877551020408163,1
23.0,3.621175542919471,0.21739130434782608,0.0,1
23.0,3.621175542919471,0.21739130434782608,0.0,1
245.0,5.022072338883396,0.15510204081632653,0.7591836734693878,1
23.0,3.621175542919471,0.21739130434782608,0.0,1
245.0,5.081809181891329,0.13877551020408163,0.7755102040816326,1
23.0,3.621175542919471,0.21739130434782608,0.0,1
23.0,3.534219021180341,0.21739130434782608,0.0,1
245.0,5.054634723399969,0.10612244897959183,0.8081632653061225,1
23.0,3.621175542919471,0.21739130434782608,0.0,1
245.0,4.984840300590092,0.1510204081632653,0.763265306122449,1
23.0,3.621175542919471,0.21739130434782608,0.0,1
23.0,3.621175542919471,0.21739130434782608,0.0,1
23.0,3.534219021180341,0.21739130434782608,0.0,1
245.0,4.982127468004619,0.15918367346938775,0.7551020408163265,1
23.0,3.501397825434103,0.21739130434782608,0.0,1
245.0,5.06631488415128,0.12244897959183673,0.7918367346938775,1
23.0,3.621175542919471,0.21739130434782608,0.0,1
23.0,3.621175542919471,0.21739130434782608,0.0,1
245.0,4.983125176171231,0.12653061224489795,0.7877551020408163,1
23.0,3.621175542919471,0.21739130434782608,0.0,1
245.0,5.019557431587709,0.1469387755102041,0.7673469387755102,1
23.0,3.621175542919471,0.21739130434782608,0.0,1
245.0,5.029898446516955,0.08979591836734693,0.8244897959183674,1
23.0,3.534219021180341,0.21739130434782608,0.0,1
245.0,5.028843235492648,0.13877551020408163,0.7755102040816326,1
23.0,3.621175542919471,0.21739130434782608,0.0,1
23.0,3.621175542919471,0.21739130434782608,0.0,1
23.0,3.708132064658602,0.21739130434782608,0.0,1
245.0,5.017214888710167,0.16326530612244897,0.7510204081632653,1
23.0,3.621175542919471,0.21739130434782608,0.0,1
245.0,5.0552827128985545,0.1306122448979592,0.7836734693877551,1
23.0,3.621175542919471,0.21739130434782608,0.0,1
23.0,3.621175542919471,0.21739130434782608,0.0,1
245.0,5.000570771964452,0.10204081632653061,0.8122448979591836,1
23.0,3.708132064658602,0.21739130434782608,0.0,1
245.0,5.053026704930644,0.11428571428571428,0.8,1
23.0,3.708132064658602,0.21739130434782608,0.0,1
23.0,3.708132064658602,0.21739130434782608,0.0,1
245.0,5.013875283212443,0.14285714285714285,0.7714285714285715,1
23.0,3.621175542919471,0.21739130434782608,0.0,1
245.0,5.036551587276879,0.09795918367346938,0.8163265306122449,1
23.0,3.708132064658602,0.21739130434782608,0.0,1
23.0,3.708132064658602,0.21739130434782608,0.0,1
23.0,3.708132064658602,0.21739130434782608,0.0,1
245.0,5.037006291092355,0.1469387755102041,0.7673469387755102,1
23.0,3.621175542919471,0.21739130434782608,0.0,1
245.0,5.058771898590579,0.1469387755102041,0.7673469387755102,1
23.0,3.621175542919471,0.21739130434782608,0.0,1
23.0,3.708132064658602,0.21739130434782608,0.0,1
23.0,3.621175542919471,0.21739130434782608,0.0,1
245.0,5.062497978090311,0.15918367346938775,0.7551020408163265,1
23.0,3.708132064658602,0.21739130434782608,0.0,1
245.0,5.039051050107067,0.1346938775510204,0.7795918367346939,1
23.0,3.708132064658602,0.21739130434782608,0.0,1
23.0,3.621175542919471,0.21739130434782608,0.0,1
245.0,5.079242635449066,0.11836734693877551,0.7959183673469388,1
23.0,3.708132064658602,0.21739130434782608,0.0,1
245.0,5.036479986650438,0.1469387755102041,0.7673469387755102,1
23.0,3.708132064658602,0.21739130434782608,0.0,1
23.0,3.708132064658602,0.21739130434782608,0.0,1
245.0,5.077481243819452,0.1510204081632653,0.763265306122449,1
23.0,3.621175542919471,0.21739130434782608,0.0,1
245.0,5.047266468324153,0.1673469387755102,0.746938775510204,1
23.0,3.621175542919471,0.21739130434782608,0.0,1
23.0,3.708132064658602,0.21739130434782608,0.0,1
23.0,3.708132064658602,0.21739130434782608,0.0,1
245.0,5.0504817878019095,0.1673469387755102,0.746938775510204,1
23.0,3.621175542919471,0.21739130434782608,0.0,1
245.0,5.048873650252946,0.1346938775510204,0.7795918367346939,1
23.0,3.708132064658602,0.21739130434782608,0.0,1
23.0,3.621175542919471,0.21739130434782608,0.0,1
245.0,5.048150526807807,0.13877551020408163,0.7755102040816326,1
23.0,3.708132064658602,0.21739130434782608,0.0,1
245.0,5.049229757127396,0.15510204081632653,0.7591836734693878,1
23.0,3.708132064658602,0.21739130434782608,0.0,1
23.0,3.708132064658602,0.21739130434782608,0.0,1
245.0,5.064516799807815,0.11428571428571428,0.8,1
23.0,3.621175542919471,0.21739130434782608,0.0,1
245.0,5.031264315438724,0.13877551020408163,0.7755102040816326,1
23.0,3.621175542919471,0.21739130434782608,0.0,1
23.0,3.708132064658602,0.21739130434782608,0.0,1
245.0,5.0744888265917165,0.12653061224489795,0.7877551020408163,1
23.0,3.708132064658602,0.21739130434782608,0.0,1
245.0,4.9966619236463305,0.1469387755102041,0.7673469387755102,1
23.0,3.708132064658602,0.21739130434782608,0.0,1
23.0,3.621175542919471,0.21739130434782608,0.0,1
245.0,5.057691245411955,0.1306122448979592,0.7836734693877551,1
23.0,3.621175542919471,0.21739130434782608,0.0,1
245.0,5.0463312490442735,0.13877551020408163,0.7755102040816326,1
23.0,3.708132064658602,0.21739130434782608,0.0,1
23.0,3.708132064658602,0.21739130434782608,0.0,1
245.0,5.0627592172407665,0.13877551020408163,0.7755102040816326,1
23.0,3.621175542919471,0.21739130434782608,0.0,1
245.0,5.0595241729071,0.1346938775510204,0.7795918367346939,1
23.0,3.534219021180341,0.21739130434782608,0.0,1
245.0,5.037868285648413,0.15510204081632653,0.7591836734693878,1
23.0,3.534219021180341,0.21739130434782608,0.0,1
245.0,4.996461458306712,0.11836734693877551,0.7959183673469388,1
23.0,3.621175542919471,0.21739130434782608,0.0,1
23.0,3.621175542919471,0.21739130434782608,0.0,1
245.0,5.009827663428471,0.1469387755102041,0.7673469387755102,1
23.0,3.621175542919471,0.21739130434782608,0.0,1
245.0,5.0734864347391735,0.1510204081632653,0.763265306122449,1
23.0,3.621175542919471,0.21739130434782608,0.0,1
23.0,3.501397825434103,0.21739130434782608,0.0,1
245.0,5.033595617450753,0.12244897959183673,0.7918367346938775,1
23.0,3.621175542919471,0.21739130434782608,0.0,1
245.0,5.013277127419743,0.2,0.7142857142857143,1
23.0,3.621175542919471,0.21739130434782608,0.0,1
23.0,3.708132064658602,0.21739130434782608,0.0,1
245.0,5.061953171714391,0.13877551020408163,0.7755102040816326,1
23.0,3.621175542919471,0.21739130434782608,0.0,1
245.0,5.0743374177913205,0.1510204081632653,0.763265306122449,1
23.0,3.621175542919471,0.21739130434782608,0.0,1
23.0,3.708132064658602,0.21739130434782608,0.0,1
23.0,3.708132064658602,0.21739130434782608,0.0,1
245.0,5.097513766803283,0.1306122448979592,0.7836734693877551,1
23.0,3.708132064658602,0.21739130434782608,0.0,1
245.0,4.995303900577419,0.14285714285714285,0.7714285714285715,1
23.0,3.708132064658602,0.21739130434782608,0.0,1
245.0,5.052000388091055,0.11020408163265306,0.8040816326530612,1
23.0,3.621175542919471,0.21739130434782608,0.0,1
245.0,4.992899189276115,0.1306122448979592,0.7836734693877551,1
23.0,3.621175542919471,0.21739130434782608,0.0,1
23.0,3.708132064658602,0.21739130434782608,0.0,1
23.0,3.708132064658602,0.21739130434782608,0.0,1
245.0,5.0091304675865205,0.11836734693877551,0.7959183673469388,1
23.0,3.621175542919471,0.21739130434782608,0.0,1
245.0,5.071362046126281,0.1510204081632653,0.763265306122449,1
23.0,3.621175542919471,0.21739130434782608,0.0,1
23.0,3.708132064658602,0.21739130434782608,0.0,1
245.0,4.989798057540175,0.1469387755102041,0.7673469387755102,1
23.0,3.708132064658602,0.21739130434782608,0.0,1
245.0,5.0758198784609165,0.11836734693877551,0.7959183673469388,1
23.0,3.708132064658602,0.21739130434782608,0.0,1
23.0,3.708132064658602,0.21739130434782608,0.0,1
245.0,5.05018515781757,0.1346938775510204,0.7795918367346939,1
23.0,3.621175542919471,0.21739130434782608,0.0,1
245.0,5.075768204506311,0.16326530612244897,0.7510204081632653,1
23.0,3.708132064658602,0.21739130434782608,0.0,1
23.0,3.621175542919471,0.21739130434782608,0.0,1
245.0,5.075187329000832,0.13877551020408163,0.7755102040816326,1
23.0,3.621175542919471,0.21739130434782608,0.0,1
245.0,5.032409513378585,0.1306122448979592,0.7836734693877551,1
23.0,3.621175542919471,0.21739130434782608,0.0,1
245.0,5.0745483787557735,0.1673469387755102,0.746938775510204,1
23.0,3.708132064658602,0.21739130434782608,0.0,1
245.0,5.011397954028998,0.1306122448979592,0.7836734693877551,1
23.0,3.621175542919471,0.21739130434782608,0.0,1
23.0,3.708132064658602,0.21739130434782608,0.0,1
245.0,5.067017350480456,0.11428571428571428,0.8,1
23.0,3.708132064658602,0.21739130434782608,0.0,1
245.0,4.996702574551162,0.1469387755102041,0.7673469387755102,1
23.0,3.708132064658602,0.21739130434782608,0.0,1
23.0,3.621175542919471,0.21739130434782608,0.0,1
245.0,5.0445181815812585,0.13877551020408163,0.7755102040816326,1
23.0,3.708132064658602,0.21739130434782608,0.0,1
245.0,5.009037835537004,0.1306122448979592,0.7836734693877551,1
23.0,3.708132064658602,0.21739130434782608,0.0,1
23.0,3.621175542919471,0.21739130434782608,0.0,1
245.0,5.049790321479957,0.10612244897959183,0.8081632653061225,1
23.0,3.501397825434103,0.21739130434782608,0.0,1
245.0,4.989653777806605,0.1469387755102041,0.7673469387755102,1
23.0,3.621175542919471,0.21739130434782608,0.0,1
245.0,4.979670831371522,0.13877551020408163,0.7755102040816326,1
23.0,3.534219021180341,0.21739130434782608,0.0,1
23.0,3.621175542919471,0.21739130434782608,0.0,1
245.0,5.04695426971258,0.15510204081632653,0.7591836734693878,1
23.0,3.621175542919471,0.21739130434782608,0.0,1
245.0,5.086562468035406,0.1510204081632653,0.763265306122449,1
23.0,3.621175542919471,0.21739130434782608,0.0,1
23.0,3.534219021180341,0.21739130434782608,0.0,1
245.0,5.0664980986757415,0.15918367346938775,0.7551020408163265,1
23.0,3.621175542919471,0.21739130434782608,0.0,1
245.0,5.0235779053973015,0.10204081632653061,0.8122448979591836,1
23.0,3.621175542919471,0.21739130434782608,0.0,1
245.0,4.988376318546784,0.11428571428571428,0.8,1
23.0,3.708132064658602,0.21739130434782608,0.0,1
245.0,5.039346178014981,0.1469387755102041,0.7673469387755102,1
23.0,3.621175542919471,0.21739130434782608,0.0,1
23.0,3.621175542919471,0.21739130434782608,0.0,1
245.0,5.061262370716914,0.10612244897959183,0.8081632653061225,1
23.0,3.621175542919471,0.21739130434782608,0.0,1
245.0,5.055211096272298,0.1510204081632653,0.763265306122449,1
23.0,3.708132064658602,0.21739130434782608,0.0,1
23.0,3.708132064658602,0.21739130434782608,0.0,1
245.0,5.059250499490461,0.17959183673469387,0.7346938775510204,1
23.0,3.708132064658602,0.21739130434782608,0.0,1
245.0,5.065465207666295,0.13877551020408163,0.7755102040816326,1
23.0,3.621175542919471,0.21739130434782608,0.0,1
245.0,5.06051320219835,0.1673469387755102,0.746938775510204,1
23.0,3.708132064658602,0.21739130434782608,0.0,1
23.0,3.708132064658602,0.21739130434782608,0.0,1
245.0,5.0735873116006065,0.12244897959183673,0.7918367346938775,1
23.0,3.621175542919471,0.21739130434782608,0.0,1
23.0,3.534219021180341,0.21739130434782608,0.0,1
245.0,5.032691284981824,0.1469387755102041,0.7673469387755102,1
23.0,3.621175542919471,0.21739130434782608,0.0,1
23.0,3.501397825434103,0.21739130434782608,0.0,1
245.0,5.061672110590524,0.1346938775510204,0.7795918367346939,1
23.0,3.621175542919471,0.21739130434782608,0.0,1
23.0,3.621175542919471,0.21739130434782608,0.0,1
245.0,5.010690232132005,0.11836734693877551,0.7959183673469388,1
23.0,3.621175542919471,0.21739130434782608,0.0,1
245.0,4.972694948458621,0.1469387755102041,0.7673469387755102,1
23.0,3.534219021180341,0.21739130434782608,0.0,1
245.0,5.039691898869243,0.14285714285714285,0.7714285714285715,1
23.0,3.621175542919471,0.21739130434782608,0.0,1
245.0,5.033085447526893,0.1306122448979592,0.7836734693877551,1
23.0,3.621175542919471,0.21739130434782608,0.0,1
245.0,5.050062839986282,0.13877551020408163,0.7755102040816326,1
23.0,3.708132064658602,0.21739130434782608,0.0,1
245.0,5.010309897843761,0.1469387755102041,0.7673469387755102,1
23.0,3.621175542919471,0.21739130434782608,0.0,1
23.0,3.708132064658602,0.21739130434782608,0.0,1
245.0,5.00522007797671,0.14285714285714285,0.7714285714285715,1
23.0,3.621175542919471,0.21739130434782608,0.0,1
245.0,5.003233821223733,0.13877551020408163,0.7755102040816326,1
23.0,3.621175542919471,0.21739130434782608,0.0,1
23.0,3.708132064658602,0.21739130434782608,0.0,1
23.0,3.708132064658602,0.21739130434782608,0.0,1
245.0,5.063897936690901,0.15918367346938775,0.7551020408163265,1
23.0,3.621175542919471,0.21739130434782608,0.0,1
245.0,5.0117274701922,0.11836734693877551,0.7959183673469388,1
23.0,3.708132064658602,0.21739130434782608,0.0,1
23.0,3.708132064658602,0.21739130434782608,0.0,1
245.0,5.074591010020313,0.1306122448979592,0.7836734693877551,1
23.0,3.708132064658602,0.21739130434782608,0.0,1
245.0,5.063067875000483,0.1510204081632653,0.763265306122449,1
23.0,3.621175542919471,0.21739130434782608,0.0,1
23.0,3.708132064658602,0.21739130434782608,0.0,1
245.0,4.982842261373985,0.14285714285714285,0.7714285714285715,1
23.0,3.621175542919471,0.21739130434782608,0.0,1
245.0,5.085530126155321,0.1510204081632653,0.763265306122449,1
23.0,3.708132064658602,0.21739130434782608,0.0,1
245.0,5.052935039116374,0.15510204081632653,0.7591836734693878,1
23.0,3.621175542919471,0.21739130434782608,0.0,1
245.0,5.06218908560607,0.15918367346938775,0.7551020408163265,1
23.0,3.708132064658602,0.21739130434782608,0.0,1
23.0,3.621175542919471,0.21739130434782608,0.0,1
23.0,3.708132064658602,0.21739130434782608,0.0,1
245.0,5.054898131204632,0.11836734693877551,0.7959183673469388,1
23.0,3.708132064658602,0.21739130434782608,0.0,1
245.0,5.025484613718958,0.14285714285714285,0.7714285714285715,1
23.0,3.708132064658602,0.21739130434782608,0.0,1
23.0,3.621175542919471,0.21739130434782608,0.0,1
245.0,5.041246447589709,0.17142857142857143,0.7428571428571429,1
23.0,3.708132064658602,0.21739130434782608,0.0,1
245.0,5.063380345600985,0.12653061224489795,0.7877551020408163,1
23.0,3.621175542919471,0.21739130434782608,0.0,1
245.0,5.030701566479725,0.17551020408163265,0.7387755102040816,1
23.0,3.708132064658602,0.21739130434782608,0.0,1
245.0,5.05917695952224,0.13877551020408163,0.7755102040816326,1
23.0,3.708132064658602,0.21739130434782608,0.0,1
23.0,3.621175542919471,0.21739130434782608,0.0,1
245.0,5.075848770118064,0.17959183673469387,0.7346938775510204,1
23.0,3.621175542919471,0.21739130434782608,0.0,1
245.0,5.076677980309157,0.12653061224489795,0.7877551020408163,1
23.0,3.708132064658602,0.21739130434782608,0.0,1
23.0,3.708132064658602,0.21739130434782608,0.0,1
23.0,3.621175542919471,0.21739130434782608,0.0,1
245.0,5.081675777329773,0.1469387755102041,0.7673469387755102,1
23.0,3.534219021180341,0.21739130434782608,0.0,1
245.0,5.077075922444726,0.11836734693877551,0.7959183673469388,1
23.0,3.621175542919471,0.21739130434782608,0.0,1
23.0,3.534219021180341,0.21739130434782608,0.0,1
245.0,4.992495187940796,0.13877551020408163,0.7755102040816326,1
23.0,3.621175542919471,0.21739130434782608,0.0,1
245.0,5.044005077936881,0.1469387755102041,0.7673469387755102,1
23.0,3.621175542919471,0.21739130434782608,0.0,1
23.0,3.621175542919471,0.21739130434782608,0.0,1
245.0,5.072582666001444,0.1510204081632653,0.763265306122449,1
23.0,3.501397825434103,0.21739130434782608,0.0,1
245.0,5.05204209859223,0.12653061224489795,0.7877551020408163,1
23.0,3.621175542919471,0.21739130434782608,0.0,1
23.0,3.621175542919471,0.21739130434782608,0.0,1
245.0,5.052484642608848,0.1306122448979592,0.7836734693877551,1
23.0,3.708132064658602,0.21739130434782608,0.0,1
245.0,4.995549964414365,0.16326530612244897,0.7510204081632653,1
23.0,3.621175542919471,0.21739130434782608,0.0,1
23.0,3.708132064658602,0.21739130434782608,0.0,1
245.0,5.095382057026367,0.15510204081632653,0.7591836734693878,1
23.0,3.621175542919471,0.21739130434782608,0.0,1
245.0,5.029545826388241,0.10612244897959183,0.8081632653061225,1
23.0,3.708132064658602,0.21739130434782608,0.0,1
23.0,3.708132064658602,0.21739130434782608,0.0,1
245.0,5.050153575321343,0.16326530612244897,0.7510204081632653,1
23.0,3.708132064658602,0.21739130434782608,0.0,1
245.0,4.99620992414218,0.10204081632653061,0.8122448979591836,1
23.0,3.621175542919471,0.21739130434782608,0.0,1
23.0,3.621175542919471,0.21739130434782608,0.0,1
245.0,5.015622609333136,0.13877551020408163,0.7755102040816326,1
23.0,3.708132064658602,0.21739130434782608,0.0,1
245.0,4.990891667698256,0.14285714285714285,0.7714285714285715,1
23.0,3.708132064658602,0.21739130434782608,0.0,1
245.0,5.0849445722854725,0.1469387755102041,0.7673469387755102,1
23.0,3.621175542919471,0.21739130434782608,0.0,1
245.0,5.0928664113837625,0.1510204081632653,0.763265306122449,1
23.0,3.708132064658602,0.21739130434782608,0.0,1
23.0,3.621175542919471,0.21739130434782608,0.0,1
23.0,3.708132064658602,0.21739130434782608,0.0,1
245.0,5.008749425346474,0.12244897959183673,0.7918367346938775,1
23.0,3.708132064658602,0.21739130434782608,0.0,1
245.0,5.078315728462709,0.15918367346938775,0.7551020408163265,1
23.0,3.708132064658602,0.21739130434782608,0.0,1
23.0,3.621175542919471,0.21739130434782608,0.0,1
245.0,5.009735019833093,0.1306122448979592,0.7836734693877551,1
23.0,3.708132064658602,0.21739130434782608,0.0,1
245.0,5.077542649704476,0.15918367346938775,0.7551020408163265,1
23.0,3.621175542919471,0.21739130434782608,0.0,1
23.0,3.621175542919471,0.21739130434782608,0.0,1
245.0,5.064088259595179,0.13877551020408163,0.7755102040816326,1
23.0,3.621175542919471,0.21739130434782608,0.0,1
245.0,5.091756486719008,0.11836734693877551,0.7959183673469388,1
23.0,3.708132064658602,0.21739130434782608,0.0,1
23.0,3.708132064658602,0.21739130434782608,0.0,1
245.0,5.017526986375451,0.1469387755102041,0.7673469387755102,1
23.0,3.621175542919471,0.21739130434782608,0.0,1
245.0,5.060393792972705,0.1510204081632653,0.763265306122449,1
23.0,3.708132064658602,0.21739130434782608,0.0,1
23.0,3.708132064658602,0.21739130434782608,0.0,1
245.0,5.05133008254255,0.12653061224489795,0.7877551020408163,1
23.0,3.621175542919471,0.21739130434782608,0.0,1
245.0,5.075977278499509,0.15918367346938775,0.7551020408163265,1
23.0,3.708132064658602,0.21739130434782608,0.0,1
23.0,3.708132064658602,0.21739130434782608,0.0,1
23.0,3.621175542919471,0.21739130434782608,0.0,1
245.0,5.028363371928058,0.12653061224489795,0.7877551020408163,1
23.0,3.501397825434103,0.21739130434782608,0.0,1
245.0,5.040321557649887,0.11836734693877551,0.7959183673469388,1
23.0,3.621175542919471,0.21739130434782608,0.0,1
23.0,3.621175542919471,0.21739130434782608,0.0,1
245.0,5.02652248455377,0.14285714285714285,0.7714285714285715,1
23.0,3.534219021180341,0.21739130434782608,0.0,1
245.0,5.02491305932199,0.13877551020408163,0.7755102040816326,1
23.0,3.621175542919471,0.21739130434782608,0.0,1
23.0,3.621175542919471,0.21739130434782608,0.0,1
245.0,5.074345499277673,0.1469387755102041,0.7673469387755102,1
23.0,3.534219021180341,0.21739130434782608,0.0,1
245.0,5.050541590690309,0.13877551020408163,0.7755102040816326,1
23.0,3.621175542919471,0.21739130434782608,0.0,1
23.0,3.621175542919471,0.21739130434782608,0.0,1
245.0,5.0534879693945545,0.14285714285714285,0.7714285714285715,1
23.0,3.708132064658602,0.21739130434782608,0.0,1
245.0,4.991752284288191,0.1306122448979592,0.7836734693877551,1
23.0,3.621175542919471,0.21739130434782608,0.0,1
23.0,3.621175542919471,0.21739130434782608,0.0,1
245.0,5.059510804933707,0.15510204081632653,0.7591836734693878,1
23.0,3.708132064658602,0.21739130434782608,0.0,1
245.0,5.0783992027292815,0.13877551020408163,0.7755102040816326,1
23.0,3.621175542919471,0.21739130434782608,0.0,1
23.0,3.708132064658602,0.21739130434782608,0.0,1
245.0,5.065027142654501,0.1469387755102041,0.7673469387755102,1
23.0,3.708132064658602,0.21739130434782608,0.0,1
245.0,5.028820835797475,0.1306122448979592,0.7836734693877551,1
23.0,3.621175542919471,0.21739130434782608,0.0,1
245.0,5.0033786193394745,0.1306122448979592,0.7836734693877551,1
23.0,3.708132064658602,0.21739130434782608,0.0,1
23.0,3.708132064658602,0.21739130434782608,0.0,1
245.0,5.071137139984991,0.10612244897959183,0.8081632653061225,1
23.0,3.708132064658602,0.21739130434782608,0.0,1
245.0,5.044251848212992,0.13877551020408163,0.7755102040816326,1
23.0,3.621175542919471,0.21739130434782608,0.0,1
245.0,5.054148494462969,0.12653061224489795,0.7877551020408163,1
23.0,3.708132064658602,0.21739130434782608,0.0,1
245.0,5.06217814550112,0.1306122448979592,0.7836734693877551,1
23.0,3.621175542919471,0.21739130434782608,0.0,1
245.0,5.017133701917245,0.12653061224489795,0.7877551020408163,1
23.0,3.621175542919471,0.21739130434782608,0.0,1
23.0,3.708132064658602,0.21739130434782608,0.0,1
23.0,3.708132064658602,0.21739130434782608,0.0,1
245.0,5.034569115118579,0.15510204081632653,0.7591836734693878,1
23.0,3.621175542919471,0.21739130434782608,0.0,1
245.0,4.96334844924479,0.11428571428571428,0.8,1
23.0,3.708132064658602,0.21739130434782608,0.0,1
23.0,3.708132064658602,0.21739130434782608,0.0,1
245.0,5.070997461277199,0.12653061224489795,0.7877551020408163,1
23.0,3.621175542919471,0.21739130434782608,0.0,1
245.0,5.066799604153184,0.10612244897959183,0.8081632653061225,1
23.0,3.534219021180341,0.21739130434782608,0.0,1
23.0,3.621175542919471,0.21739130434782608,0.0,1
245.0,4.980671282162721,0.13877551020408163,0.7755102040816326,1
23.0,3.621175542919471,0.21739130434782608,0.0,1
245.0,5.072730125801184,0.1510204081632653,0.763265306122449,1
23.0,3.501397825434103,0.21739130434782608,0.0,1
23.0,3.621175542919471,0.21739130434782608,0.0,1
245.0,5.0458417582952775,0.15510204081632653,0.7591836734693878,1
23.0,3.621175542919471,0.21739130434782608,0.0,1
245.0,5.050146448057181,0.11836734693877551,0.7959183673469388,1
23.0,3.534219021180341,0.21739130434782608,0.0,1
245.0,5.041657520446574,0.12653061224489795,0.7877551020408163,1
23.0,3.621175542919471,0.21739130434782608,0.0,1
245.0,5.073959681506578,0.1510204081632653,0.763265306122449,1
23.0,3.621175542919471,0.21739130434782608,0.0,1
23.0,3.708132064658602,0.21739130434782608,0.0,1
23.0,3.621175542919471,0.21739130434782608,0.0,1
245.0,4.98404977821907,0.11836734693877551,0.7959183673469388,1
23.0,3.708132064658602,0.21739130434782608,0.0,1
245.0,5.047798351206798,0.1306122448979592,0.7836734693877551,1
23.0,3.708132064658602,0.21739130434782608,0.0,1
245.0,5.069726501194115,0.1469387755102041,0.7673469387755102,1
23.0,3.621175542919471,0.21739130434782608,0.0,1
245.0,5.069521875171864,0.12653061224489795,0.7877551020408163,1
23.0,3.621175542919471,0.21739130434782608,0.0,1
23.0,3.708132064658602,0.21739130434782608,0.0,1
245.0,5.044006061727899,0.12244897959183673,0.7918367346938775,1
23.0,3.621175542919471,0.21739130434782608,0.0,1
245.0,5.039459338063326,0.11020408163265306,0.8040816326530612,1
23.0,3.708132064658602,0.21739130434782608,0.0,1
23.0,3.708132064658602,0.21739130434782608,0.0,1
245.0,4.995954658329809,0.1510204081632653,0.763265306122449,1
23.0,3.708132064658602,0.21739130434782608,0.0,1
23.0,3.621175542919471,0.21739130434782608,0.0,1
245.0,5.052789073649894,0.11836734693877551,0.7959183673469388,1
23.0,3.708132064658602,0.21739130434782608,0.0,1
245.0,5.066874349067938,0.15510204081632653,0.7591836734693878,1
23.0,3.708132064658602,0.21739130434782608,0.0,1
245.0,5.073881451311136,0.1306122448979592,0.7836734693877551,1
23.0,3.621175542919471,0.21739130434782608,0.0,1
245.0,5.028907943579451,0.16326530612244897,0.7510204081632653,1
23.0,3.708132064658602,0.21739130434782608,0.0,1
245.0,5.029759093710689,0.13877551020408163,0.7755102040816326,1
23.0,3.621175542919471,0.21739130434782608,0.0,1
245.0,5.010104004930104,0.12244897959183673,0.7918367346938775,1
23.0,3.621175542919471,0.21739130434782608,0.0,1
245.0,5.073026909920767,0.14285714285714285,0.7714285714285715,1
23.0,3.708132064658602,0.21739130434782608,0.0,1
23.0,3.708132064658602,0.21739130434782608,0.0,1
245.0,5.060138471685926,0.15918367346938775,0.7551020408163265,1
23.0,3.621175542919471,0.21739130434782608,0.0,1
23.0,3.534219021180341,0.21739130434782608,0.0,1
245.0,5.07152413677554,0.11836734693877551,0.7959183673469388,1
23.0,3.621175542919471,0.21739130434782608,0.0,1
245.0,5.035848056395962,0.1469387755102041,0.7673469387755102,1
23.0,3.621175542919471,0.21739130434782608,0.0,1
245.0,5.01210909071669,0.13877551020408163,0.7755102040816326,1
23.0,3.534219021180341,0.21739130434782608,0.0,1
245.0,5.070798955265938,0.12244897959183673,0.7918367346938775,1
23.0,3.621175542919471,0.21739130434782608,0.0,1
23.0,3.621175542919471,0.21739130434782608,0.0,1
245.0,5.051055651688112,0.12653061224489795,0.7877551020408163,1
23.0,3.501397825434103,0.21739130434782608,0.0,1
245.0,5.0650448962657615,0.15510204081632653,0.7591836734693878,1
23.0,3.621175542919471,0.21739130434782608,0.0,1
23.0,3.621175542919471,0.21739130434782608,0.0,1
245.0,5.042362567504306,0.11428571428571428,0.8,1
23.0,3.708132064658602,0.21739130434782608,0.0,1
23.0,3.621175542919471,0.21739130434782608,0.0,1
245.0,5.064496259562691,0.1306122448979592,0.7836734693877551,1
23.0,3.708132064658602,0.21739130434782608,0.0,1
23.0,3.708132064658602,0.21739130434782608,0.0,1
245.0,5.0192534101902035,0.11428571428571428,0.8,1
23.0,3.621175542919471,0.21739130434782608,0.0,1
245.0,5.061420270253331,0.12653061224489795,0.7877551020408163,1
23.0,3.708132064658602,0.21739130434782608,0.0,1
23.0,3.708132064658602,0.21739130434782608,0.0,1
245.0,5.05449969984197,0.1306122448979592,0.7836734693877551,1
23.0,3.621175542919471,0.21739130434782608,0.0,1
245.0,5.1025268112368005,0.14285714285714285,0.7714285714285715,1
23.0,3.621175542919471,0.21739130434782608,0.0,1
23.0,3.708132064658602,0.21739130434782608,0.0,1
245.0,5.061399411849846,0.1306122448979592,0.7836734693877551,1
23.0,3.708132064658602,0.21739130434782608,0.0,1
245.0,5.067029398942841,0.12653061224489795,0.7877551020408163,1
23.0,3.621175542919471,0.21739130434782608,0.0,1
245.0,5.094253214856839,0.1469387755102041,0.7673469387755102,1
23.0,3.708132064658602,0.21739130434782608,0.0,1
23.0,3.708132064658602,0.21739130434782608,0.0,1
245.0,5.007379162943931,0.13877551020408163,0.7755102040816326,1
23.0,3.621175542919471,0.21739130434782608,0.0,1
245.0,5.02243926112435,0.15918367346938775,0.7551020408163265,1
23.0,3.708132064658602,0.21739130434782608,0.0,1
245.0,5.067672709182493,0.13877551020408163,0.7755102040816326,1
23.0,3.621175542919471,0.21739130434782608,0.0,1
245.0,4.9889166634795075,0.1306122448979592,0.7836734693877551,1
23.0,3.708132064658602,0.21739130434782608,0.0,1
23.0,3.708132064658602,0.21739130434782608,0.0,1
245.0,5.051785140505661,0.13877551020408163,0.7755102040816326,1
23.0,3.621175542919471,0.21739130434782608,0.0,1
245.0,5.066852584674952,0.1346938775510204,0.7795918367346939,1
23.0,3.621175542919471,0.21739130434782608,0.0,1
23.0,3.621175542919471,0.21739130434782608,0.0,1
245.0,5.067946978686923,0.1469387755102041,0.7673469387755102,1
23.0,3.708132064658602,0.21739130434782608,0.0,1
245.0,5.06285350677708,0.1306122448979592,0.7836734693877551,1
23.0,3.708132064658602,0.21739130434782608,0.0,1
245.0,5.0323908512502555,0.13877551020408163,0.7755102040816326,1
23.0,3.708132064658602,0.21739130434782608,0.0,1
23.0,3.621175542919471,0.21739130434782608,0.0,1
245.0,5.07261380942965,0.15918367346938775,0.7551020408163265,1
23.0,3.708132064658602,0.21739130434782608,0.0,1
245.0,5.014005861855468,0.14285714285714285,0.7714285714285715,1
23.0,3.621175542919471,0.21739130434782608,0.0,1
23.0,3.708132064658602,0.21739130434782608,0.0,1
245.0,5.02450212154458,0.1510204081632653,0.763265306122449,1
23.0,3.708132064658602,0.21739130434782608,0.0,1
245.0,5.024834196255167,0.1510204081632653,0.763265306122449,1
23.0,3.621175542919471,0.21739130434782608,0.0,1
23.0,3.501397825434103,0.21739130434782608,0.0,1
23.0,3.621175542919471,0.21739130434782608,0.0,1
245.0,5.1027977026373605,0.16326530612244897,0.7510204081632653,1
23.0,3.621175542919471,0.21739130434782608,0.0,1
245.0,5.058034370213572,0.1510204081632653,0.763265306122449,1
23.0,3.621175542919471,0.21739130434782608,0.0,1
23.0,3.534219021180341,0.21739130434782608,0.0,1
245.0,5.077193968402448,0.15918367346938775,0.7551020408163265,1
23.0,3.621175542919471,0.21739130434782608,0.0,1
245.0,5.0247937202693524,0.1673469387755102,0.746938775510204,1
23.0,3.534219021180341,0.21739130434782608,0.0,1
245.0,5.014396032406392,0.1469387755102041,0.7673469387755102,1
23.0,3.621175542919471,0.21739130434782608,0.0,1
245.0,5.075574999583926,0.15918367346938775,0.7551020408163265,1
23.0,3.621175542919471,0.21739130434782608,0.0,1
23.0,3.708132064658602,0.21739130434782608,0.0,1
23.0,3.621175542919471,0.21739130434782608,0.0,1
245.0,5.017690970888557,0.1469387755102041,0.7673469387755102,1
23.0,3.621175542919471,0.21739130434782608,0.0,1
245.0,5.023396587587296,0.1306122448979592,0.7836734693877551,1
23.0,3.708132064658602,0.21739130434782608,0.0,1
23.0,3.708132064658602,0.21739130434782608,0.0,1
245.0,5.051598537606597,0.09795918367346938,0.8163265306122449,1
23.0,3.621175542919471,0.21739130434782608,0.0,1
245.0,5.026193363556135,0.15918367346938775,0.7551020408163265,1
23.0,3.708132064658602,0.21739130434782608,0.0,1
23.0,3.621175542919471,0.21739130434782608,0.0,1
245.0,5.0939667934667305,0.12653061224489795,0.7877551020408163,1
23.0,3.708132064658602,0.21739130434782608,0.0,1
245.0,5.049776635136785,0.11836734693877551,0.7959183673469388,1
23.0,3.708132064658602,0.21739130434782608,0.0,1
245.0,5.0654929426096,0.11836734693877551,0.7959183673469388,1
23.0,3.708132064658602,0.21739130434782608,0.0,1
23.0,3.621175542919471,0.21739130434782608,0.0,1
245.0,5.035915280547177,0.10204081632653061,0.8122448979591836,1
23.0,3.708132064658602,0.21739130434782608,0.0,1
245.0,5.047974864013692,0.1469387755102041,0.7673469387755102,1
23.0,3.621175542919471,0.21739130434782608,0.0,1
23.0,3.708132064658602,0.21739130434782608,0.0,1
245.0,5.033457951286367,0.1469387755102041,0.7673469387755102,1
23.0,3.621175542919471,0.21739130434782608,0.0,1
245.0,5.08681005122372,0.1469387755102041,0.7673469387755102,1
23.0,3.708132064658602,0.21739130434782608,0.0,1
245.0,5.057280313046644,0.17551020408163265,0.7387755102040816,1
23.0,3.621175542919471,0.21739130434782608,0.0,1
23.0,3.708132064658602,0.21739130434782608,0.0,1
245.0,5.021492507674875,0.13877551020408163,0.7755102040816326,1
23.0,3.708132064658602,0.21739130434782608,0.0,1
245.0,5.019032274165611,0.14285714285714285,0.7714285714285715,1
23.0,3.708132064658602,0.21739130434782608,0.0,1
23.0,3.621175542919471,0.21739130434782608,0.0,1
245.0,5.063187827943392,0.1510204081632653,0.763265306122449,1
23.0,3.708132064658602,0.21739130434782608,0.0,1
245.0,5.008092940214863,0.17142857142857143,0.7428571428571429,1
23.0,3.708132064658602,0.21739130434782608,0.0,1
23.0,3.621175542919471,0.21739130434782608,0.0,1
245.0,5.057214734933125,0.12653061224489795,0.7877551020408163,1
23.0,3.621175542919471,0.21739130434782608,0.0,1
245.0,5.0124148229128,0.12244897959183673,0.7918367346938775,1
23.0,3.708132064658602,0.21739130434782608,0.0,1
23.0,3.621175542919471,0.21739130434782608,0.0,1
245.0,5.0420817411049645,0.10612244897959183,0.8081632653061225,1
23.0,3.708132064658602,0.21739130434782608,0.0,1
245.0,5.024759651277541,0.12244897959183673,0.7918367346938775,1
23.0,3.708132064658602,0.21739130434782608,0.0,1
23.0,3.621175542919471,0.21739130434782608,0.0,1
245.0,5.063600398189491,0.13877551020408163,0.7755102040816326,1
23.0,3.534219021180341,0.21739130434782608,0.0,1
245.0,5.0125334997187565,0.15918367346938775,0.7551020408163265,1
23.0,3.621175542919471,0.21739130434782608,0.0,1
23.0,3.621175542919471,0.21739130434782608,0.0,1
245.0,5.083532585909506,0.11020408163265306,0.8040816326530612,1
23.0,3.621175542919471,0.21739130434782608,0.0,1
245.0,5.009054819394765,0.15918367346938775,0.7551020408163265,1
23.0,3.501397825434103,0.21739130434782608,0.0,1
23.0,3.621175542919471,0.21739130434782608,0.0,1
23.0,3.534219021180341,0.21739130434782608,0.0,1
245.0,5.018059760288802,0.14285714285714285,0.7714285714285715,1
23.0,3.621175542919471,0.21739130434782608,0.0,1
245.0,5.053834905638978,0.13877551020408163,0.7755102040816326,1
23.0,3.621175542919471,0.21739130434782608,0.0,1
23.0,3.708132064658602,0.21739130434782608,0.0,1
245.0,5.040242900249274,0.15918367346938775,0.7551020408163265,1
23.0,3.621175542919471,0.21739130434782608,0.0,1
245.0,5.062102237566729,0.1510204081632653,0.763265306122449,1
23.0,3.708132064658602,0.21739130434782608,0.0,1
245.0,5.05548872066515,0.14285714285714285,0.7714285714285715,1
23.0,3.708132064658602,0.21739130434782608,0.0,1
245.0,5.02651817724582,0.09795918367346938,0.8163265306122449,1
23.0,3.708132064658602,0.21739130434782608,0.0,1
23.0,3.621175542919471,0.21739130434782608,0.0,1
23.0,3.621175542919471,0.21739130434782608,0.0,1
23.0,3.621175542919471,0.21739130434782608,0.0,1
245.0,5.035446398105465,0.11836734693877551,0.7959183673469388,1
23.0,3.708132064658602,0.21739130434782608,0.0,1
245.0,5.029037714625603,0.15918367346938775,0.7551020408163265,1
23.0,3.708132064658602,0.21739130434782608,0.0,1
23.0,3.621175542919471,0.21739130434782608,0.0,1
245.0,5.055008722021107,0.12244897959183673,0.7918367346938775,1
23.0,3.534219021180341,0.21739130434782608,0.0,1
245.0,5.0658178474762865,0.15510204081632653,0.7591836734693878,1
23.0,3.621175542919471,0.21739130434782608,0.0,1
23.0,3.621175542919471,0.21739130434782608,0.0,1
245.0,5.0635142196115925,0.1469387755102041,0.7673469387755102,1
23.0,3.621175542919471,0.21739130434782608,0.0,1
245.0,5.031012295776149,0.1673469387755102,0.746938775510204,1
23.0,3.534219021180341,0.21739130434782608,0.0,1
245.0,5.051343312908916,0.15918367346938775,0.7551020408163265,1
23.0,3.621175542919471,0.21739130434782608,0.0,1
23.0,3.501397825434103,0.21739130434782608,0.0,1
245.0,4.945401583344589,0.14285714285714285,0.7714285714285715,1
23.0,3.621175542919471,0.21739130434782608,0.0,1
23.0,3.621175542919471,0.21739130434782608,0.0,1
245.0,5.008190079509456,0.11428571428571428,0.8,1
23.0,3.708132064658602,0.21739130434782608,0.0,1
245.0,5.075414085109568,0.15510204081632653,0.7591836734693878,1
23.0,3.621175542919471,0.21739130434782608,0.0,1
245.0,5.058255791074177,0.12653061224489795,0.7877551020408163,1
23.0,3.708132064658602,0.21739130434782608,0.0,1
245.0,5.084972776677828,0.12244897959183673,0.7918367346938775,1
23.0,3.708132064658602,0.21739130434782608,0.0,1
23.0,3.708132064658602,0.21739130434782608,0.0,1
245.0,5.058673002088853,0.14285714285714285,0.7714285714285715,1
23.0,3.621175542919471,0.21739130434782608,0.0,1
245.0,5.109530181228493,0.1510204081632653,0.763265306122449,1
23.0,3.708132064658602,0.21739130434782608,0.0,1
23.0,3.621175542919471,0.21739130434782608,0.0,1
245.0,5.075674955681994,0.1510204081632653,0.763265306122449,1
23.0,3.621175542919471,0.21739130434782608,0.0,1
245.0,5.052654171699104,0.1469387755102041,0.7673469387755102,1
23.0,3.708132064658602,0.21739130434782608,0.0,1
23.0,3.708132064658602,0.21739130434782608,0.0,1
245.0,4.949354857904859,0.16326530612244897,0.7510204081632653,1
23.0,3.621175542919471,0.21739130434782608,0.0,1
245.0,5.012404067448569,0.1346938775510204,0.7795918367346939,1
23.0,3.708132064658602,0.21739130434782608,0.0,1
23.0,3.708132064658602,0.21739130434782608,0.0,1
245.0,5.011778707054347,0.13877551020408163,0.7755102040816326,1
23.0,3.708132064658602,0.21739130434782608,0.0,1
245.0,5.022906511097374,0.20408163265306123,0.710204081632653,1
23.0,3.621175542919471,0.21739130434782608,0.0,1
23.0,3.708132064658602,0.21739130434782608,0.0,1
245.0,5.023127697233453,0.13877551020408163,0.7755102040816326,1
23.0,3.621175542919471,0.21739130434782608,0.0,1
245.0,4.93147244530043,0.08979591836734693,0.8244897959183674,1
23.0,3.708132064658602,0.21739130434782608,0.0,1
23.0,3.621175542919471,0.21739130434782608,0.0,1
245.0,5.038643201218828,0.1346938775510204,0.7795918367346939,1
23.0,3.621175542919471,0.21739130434782608,0.0,1
245.0,5.04621709548321,0.17959183673469387,0.7346938775510204,1
23.0,3.621175542919471,0.21739130434782608,0.0,1
23.0,3.708132064658602,0.21739130434782608,0.0,1
23.0,3.708132064658602,0.21739130434782608,0.0,1
245.0,5.07343721492356,0.1673469387755102,0.746938775510204,1
23.0,3.708132064658602,0.21739130434782608,0.0,1
245.0,4.99623789381001,0.1346938775510204,0.7795918367346939,1
23.0,3.708132064658602,0.21739130434782608,0.0,1
23.0,3.621175542919471,0.21739130434782608,0.0,1
245.0,5.016936722816458,0.13877551020408163,0.7755102040816326,1
23.0,3.621175542919471,0.21739130434782608,0.0,1
23.0,3.708132064658602,0.21739130434782608,0.0,1
245.0,5.057986332301942,0.13877551020408163,0.7755102040816326,1
23.0,3.708132064658602,0.21739130434782608,0.0,1
245.0,5.008090628638294,0.11836734693877551,0.7959183673469388,1
23.0,3.621175542919471,0.21739130434782608,0.0,1
23.0,3.501397825434103,0.21739130434782608,0.0,1
245.0,5.009644384143104,0.16326530612244897,0.7510204081632653,1
23.0,3.621175542919471,0.21739130434782608,0.0,1
23.0,3.621175542919471,0.21739130434782608,0.0,1
245.0,5.018605818644947,0.1510204081632653,0.763265306122449,1
23.0,3.621175542919471,0.21739130434782608,0.0,1
245.0,5.039955637987531,0.15918367346938775,0.7551020408163265,1
23.0,3.621175542919471,0.21739130434782608,0.0,1
23.0,3.534219021180341,0.21739130434782608,0.0,1
245.0,5.026593411387666,0.16326530612244897,0.7510204081632653,1
23.0,3.534219021180341,0.21739130434782608,0.0,1
245.0,4.999317729349575,0.1510204081632653,0.763265306122449,1
23.0,3.621175542919471,0.21739130434782608,0.0,1
23.0,3.621175542919471,0.21739130434782608,0.0,1
245.0,5.053943633716193,0.08571428571428572,0.8285714285714286,1
23.0,3.708132064658602,0.21739130434782608,0.0,1
245.0,5.053359657824857,0.11836734693877551,0.7959183673469388,1
23.0,3.621175542919471,0.21739130434782608,0.0,1
23.0,3.621175542919471,0.21739130434782608,0.0,1
245.0,5.0023269477690455,0.11428571428571428,0.8,1
23.0,3.708132064658602,0.21739130434782608,0.0,1
245.0,5.063110422619768,0.12653061224489795,0.7877551020408163,1
23.0,3.708132064658602,0.21739130434782608,0.0,1
23.0,3.708132064658602,0.21739130434782608,0.0,1
245.0,5.0149863119652025,0.11428571428571428,0.8,1
23.0,3.621175542919471,0.21739130434782608,0.0,1
245.0,5.019163247727489,0.13877551020408163,0.7755102040816326,1
23.0,3.621175542919471,0.21739130434782608,0.0,1
23.0,3.708132064658602,0.21739130434782608,0.0,1
245.0,4.981315648162095,0.16326530612244897,0.7510204081632653,1
23.0,3.708132064658602,0.21739130434782608,0.0,1
23.0,3.708132064658602,0.21739130434782608,0.0,1
245.0,5.045946263984923,0.19183673469387755,0.7224489795918367,1
23.0,3.621175542919471,0.21739130434782608,0.0,1
245.0,5.056071465891413,0.12653061224489795,0.7877551020408163,1
23.0,3.708132064658602,0.21739130434782608,0.0,1
245.0,5.021052942486083,0.16326530612244897,0.7510204081632653,1
23.0,3.621175542919471,0.21739130434782608,0.0,1
23.0,3.708132064658602,0.21739130434782608,0.0,1
245.0,5.0672409425228375,0.1306122448979592,0.7836734693877551,1
23.0,3.708132064658602,0.21739130434782608,0.0,1
245.0,5.093354512262839,0.15510204081632653,0.7591836734693878,1
23.0,3.621175542919471,0.21739130434782608,0.0,1
245.0,5.072824209768051,0.14285714285714285,0.7714285714285715,1
23.0,3.621175542919471,0.21739130434782608,0.0,1
23.0,3.708132064658602,0.21739130434782608,0.0,1
245.0,4.981639888979435,0.17142857142857143,0.7428571428571429,1
23.0,3.708132064658602,0.21739130434782608,0.0,1
245.0,5.03664876135887,0.13877551020408163,0.7755102040816326,1
23.0,3.708132064658602,0.21739130434782608,0.0,1
23.0,3.621175542919471,0.21739130434782608,0.0,1
245.0,5.054864531661872,0.1306122448979592,0.7836734693877551,1
23.0,3.708132064658602,0.21739130434782608,0.0,1
245.0,5.036981970939746,0.13877551020408163,0.7755102040816326,1
23.0,3.708132064658602,0.21739130434782608,0.0,1
23.0,3.621175542919471,0.21739130434782608,0.0,1
245.0,5.013955812212637,0.10204081632653061,0.8122448979591836,1
23.0,3.708132064658602,0.21739130434782608,0.0,1
245.0,5.0255864492565365,0.1510204081632653,0.763265306122449,1
23.0,3.621175542919471,0.21739130434782608,0.0,1
23.0,3.621175542919471,0.21739130434782608,0.0,1
245.0,5.058616848715676,0.1510204081632653,0.763265306122449,1
23.0,3.708132064658602,0.21739130434782608,0.0,1
245.0,5.041889198429262,0.17959183673469387,0.7346938775510204,1
23.0,3.708132064658602,0.21739130434782608,0.0,1
23.0,3.708132064658602,0.21739130434782608,0.0,1
245.0,4.973463854988356,0.1469387755102041,0.7673469387755102,1
23.0,3.621175542919471,0.21739130434782608,0.0,1
245.0,5.08142127658371,0.16326530612244897,0.7510204081632653,1
23.0,3.708132064658602,0.21739130434782608,0.0,1
23.0,3.708132064658602,0.21739130434782608,0.0,1
245.0,5.025796335252972,0.13877551020408163,0.7755102040816326,1
23.0,3.708132064658602,0.21739130434782608,0.0,1
245.0,4.993700953835366,0.13877551020408163,0.7755102040816326,1
23.0,3.621175542919471,0.21739130434782608,0.0,1
23.0,3.621175542919471,0.21739130434782608,0.0,1
245.0,5.0506088680089825,0.16326530612244897,0.7510204081632653,1
23.0,3.621175542919471,0.21739130434782608,0.0,1
245.0,5.050836946684696,0.1469387755102041,0.7673469387755102,1
23.0,3.708132064658602,0.21739130434782608,0.0,1
23.0,3.708132064658602,0.21739130434782608,0.0,1
245.0,5.06571751221247,0.15510204081632653,0.7591836734693878,1
23.0,3.621175542919471,0.21739130434782608,0.0,1
245.0,5.064096768603686,0.11428571428571428,0.8,1
23.0,3.534219021180341,0.21739130434782608,0.0,1
245.0,4.975182198178141,0.1510204081632653,0.763265306122449,1
23.0,3.621175542919471,0.21739130434782608,0.0,1
23.0,3.621175542919471,0.21739130434782608,0.0,1
245.0,5.066468057471203,0.1346938775510204,0.7795918367346939,1
23.0,3.621175542919471,0.21739130434782608,0.0,1
245.0,4.996191461950977,0.17142857142857143,0.7428571428571429,1
23.0,3.621175542919471,0.21739130434782608,0.0,1
245.0,5.0494451636319875,0.11836734693877551,0.7959183673469388,1
23.0,3.501397825434103,0.21739130434782608,0.0,1
245.0,5.034917591168148,0.1346938775510204,0.7795918367346939,1
23.0,3.534219021180341,0.21739130434782608,0.0,1
23.0,3.621175542919471,0.21739130434782608,0.0,1
245.0,5.014585092645962,0.10204081632653061,0.8122448979591836,1
23.0,3.621175542919471,0.21739130434782608,0.0,1
245.0,5.040181734404112,0.1346938775510204,0.7795918367346939,1
23.0,3.621175542919471,0.21739130434782608,0.0,1
23.0,3.534219021180341,0.21739130434782608,0.0,1
245.0,5.051440485381507,0.12653061224489795,0.7877551020408163,1
23.0,3.621175542919471,0.21739130434782608,0.0,1
245.0,5.0183240032360175,0.13877551020408163,0.7755102040816326,1
23.0,3.621175542919471,0.21739130434782608,0.0,1
23.0,3.621175542919471,0.21739130434782608,0.0,1
245.0,5.049755578695602,0.1673469387755102,0.746938775510204,1
23.0,3.621175542919471,0.21739130434782608,0.0,1
245.0,5.0405695933784695,0.17959183673469387,0.7346938775510204,1
23.0,3.534219021180341,0.21739130434782608,0.0,1
23.0,3.501397825434103,0.21739130434782608,0.0,1
245.0,5.026305152276407,0.1469387755102041,0.7673469387755102,1
23.0,3.621175542919471,0.21739130434782608,0.0,1
245.0,5.017670632059274,0.10204081632653061,0.8122448979591836,1
23.0,3.621175542919471,0.21739130434782608,0.0,1
245.0,5.046939871086507,0.12244897959183673,0.7918367346938775,1
23.0,3.708132064658602,0.21739130434782608,0.0,1
245.0,5.082442733930011,0.15918367346938775,0.7551020408163265,1
23.0,3.621175542919471,0.21739130434782608,0.0,1
245.0,5.088255415890164,0.12653061224489795,0.7877551020408163,1
23.0,3.708132064658602,0.21739130434782608,0.0,1
245.0,5.019917320894236,0.1306122448979592,0.7836734693877551,1
23.0,3.708132064658602,0.21739130434782608,0.0,1
23.0,3.708132064658602,0.21739130434782608,0.0,1
245.0,5.031374881237088,0.09795918367346938,0.8163265306122449,1
23.0,3.708132064658602,0.21739130434782608,0.0,1
23.0,3.621175542919471,0.21739130434782608,0.0,1
245.0,4.991083552581231,0.11428571428571428,0.8,1
23.0,3.621175542919471,0.21739130434782608,0.0,1
245.0,5.016430550298838,0.11836734693877551,0.7959183673469388,1
23.0,3.621175542919471,0.21739130434782608,0.0,1
23.0,3.708132064658602,0.21739130434782608,0.0,1
245.0,5.021339164848033,0.15918367346938775,0.7551020408163265,1
23.0,3.708132064658602,0.21739130434782608,0.0,1
245.0,5.041151833377822,0.13877551020408163,0.7755102040816326,1
23.0,3.621175542919471,0.21739130434782608,0.0,1
23.0,3.708132064658602,0.21739130434782608,0.0,1
245.0,5.027020161535129,0.11428571428571428,0.8,1
23.0,3.708132064658602,0.21739130434782608,0.0,1
245.0,5.007763653460854,0.15918367346938775,0.7551020408163265,1
23.0,3.708132064658602,0.21739130434782608,0.0,1
23.0,3.708132064658602,0.21739130434782608,0.0,1
245.0,5.05654535767973,0.13877551020408163,0.7755102040816326,1
23.0,3.621175542919471,0.21739130434782608,0.0,1
245.0,5.0350725291516865,0.14285714285714285,0.7714285714285715,1
23.0,3.621175542919471,0.21739130434782608,0.0,1
23.0,3.708132064658602,0.21739130434782608,0.0,1
245.0,5.042480724652962,0.1673469387755102,0.746938775510204,1
23.0,3.621175542919471,0.21739130434782608,0.0,1
245.0,5.024385222606678,0.1306122448979592,0.7836734693877551,1
23.0,3.534219021180341,0.21739130434782608,0.0,1
23.0,3.534219021180341,0.21739130434782608,0.0,1
245.0,5.027654221856695,0.1346938775510204,0.7795918367346939,1
23.0,3.621175542919471,0.21739130434782608,0.0,1
245.0,5.0992885323467885,0.13877551020408163,0.7755102040816326,1
23.0,3.621175542919471,0.21739130434782608,0.0,1
23.0,3.621175542919471,0.21739130434782608,0.0,1
245.0,5.0362033808360005,0.11428571428571428,0.8,1
23.0,3.621175542919471,0.21739130434782608,0.0,1
245.0,5.030914068735866,0.11836734693877551,0.7959183673469388,1
23.0,3.621175542919471,0.21739130434782608,0.0,1
23.0,3.501397825434103,0.21739130434782608,0.0,1
245.0,5.0439615015652075,0.18775510204081633,0.726530612244898,1
23.0,3.621175542919471,0.21739130434782608,0.0,1
245.0,5.053068239334438,0.14285714285714285,0.7714285714285715,1
23.0,3.621175542919471,0.21739130434782608,0.0,1
23.0,3.534219021180341,0.21739130434782608,0.0,1
23.0,3.414441303694973,0.21739130434782608,0.0,1
245.0,5.0489068107276855,0.1510204081632653,0.763265306122449,1
23.0,3.534219021180341,0.21739130434782608,0.0,1
245.0,5.0728580440353355,0.15510204081632653,0.7591836734693878,1
23.0,3.534219021180341,0.21739130434782608,0.0,1
23.0,3.534219021180341,0.21739130434782608,0.0,1
245.0,4.983964417874938,0.12244897959183673,0.7918367346938775,1
23.0,3.534219021180341,0.21739130434782608,0.0,1
245.0,5.038316685796414,0.09387755102040816,0.8204081632653061,1
23.0,3.534219021180341,0.21739130434782608,0.0,1
23.0,3.414441303694973,0.21739130434782608,0.0,1
245.0,5.053101231120689,0.11428571428571428,0.8,1
23.0,3.534219021180341,0.21739130434782608,0.0,1
245.0,5.014875307098819,0.14285714285714285,0.7714285714285715,1
23.0,3.534219021180341,0.21739130434782608,0.0,1
23.0,3.621175542919471,0.21739130434782608,0.0,1
245.0,5.0306644685010165,0.1469387755102041,0.7673469387755102,1
23.0,3.534219021180341,0.21739130434782608,0.0,1
245.0,5.027209853274188,0.12653061224489795,0.7877551020408163,1
23.0,3.534219021180341,0.21739130434782608,0.0,1
23.0,3.621175542919471,0.21739130434782608,0.0,1
245.0,5.033942561226925,0.14285714285714285,0.7714285714285715,1
23.0,3.621175542919471,0.21739130434782608,0.0,1
245.0,5.064401108467734,0.14285714285714285,0.7714285714285715,1
23.0,3.621175542919471,0.21739130434782608,0.0,1
23.0,3.621175542919471,0.21739130434782608,0.0,1
245.0,5.009933208383544,0.11836734693877551,0.7959183673469388,1
23.0,3.501397825434103,0.21739130434782608,0.0,1
245.0,5.058145291434704,0.1306122448979592,0.7836734693877551,1
23.0,3.621175542919471,0.21739130434782608,0.0,1
23.0,3.621175542919471,0.21739130434782608,0.0,1
245.0,5.041938802725957,0.12244897959183673,0.7918367346938775,1
23.0,3.621175542919471,0.21739130434782608,0.0,1
245.0,5.085482226379118,0.11428571428571428,0.8,1
23.0,3.534219021180341,0.21739130434782608,0.0,1
245.0,5.020767751761047,0.11836734693877551,0.7959183673469388,1
23.0,3.621175542919471,0.21739130434782608,0.0,1
245.0,5.052230815655329,0.1469387755102041,0.7673469387755102,1
23.0,3.534219021180341,0.21739130434782608,0.0,1
245.0,5.028622869774434,0.15510204081632653,0.7591836734693878,1
23.0,3.621175542919471,0.21739130434782608,0.0,1
245.0,4.990545578842675,0.11020408163265306,0.8040816326530612,1
23.0,3.621175542919471,0.21739130434782608,0.0,1
245.0,5.055835359902535,0.1510204081632653,0.763265306122449,1
23.0,3.621175542919471,0.21739130434782608,0.0,1
245.0,5.035147521037258,0.1510204081632653,0.763265306122449,1
23.0,3.501397825434103,0.21739130434782608,0.0,1
245.0,5.027216331763917,0.11836734693877551,0.7959183673469388,1
23.0,3.621175542919471,0.21739130434782608,0.0,1
245.0,5.030930332420231,0.1306122448979592,0.7836734693877551,1
23.0,3.621175542919471,0.21739130434782608,0.0,1
23.0,3.621175542919471,0.21739130434782608,0.0,1
245.0,5.034325738946157,0.11836734693877551,0.7959183673469388,1
23.0,3.534219021180341,0.21739130434782608,0.0,1
245.0,5.075928017665967,0.12653061224489795,0.7877551020408163,1
23.0,3.621175542919471,0.21739130434782608,0.0,1
23.0,3.621175542919471,0.21739130434782608,0.0,1
23.0,3.534219021180341,0.21739130434782608,0.0,1
245.0,5.111511934439351,0.13877551020408163,0.7755102040816326,1
23.0,3.621175542919471,0.21739130434782608,0.0,1
245.0,5.030512447613011,0.09795918367346938,0.8163265306122449,1
23.0,3.621175542919471,0.21739130434782608,0.0,1
23.0,3.501397825434103,0.21739130434782608,0.0,1
245.0,5.030369165770848,0.15918367346938775,0.7551020408163265,1
23.0,3.621175542919471,0.21739130434782608,0.0,1
245.0,5.075593787676655,0.1306122448979592,0.7836734693877551,1
23.0,3.621175542919471,0.21739130434782608,0.0,1
23.0,3.621175542919471,0.21739130434782608,0.0,1
245.0,5.028650483110528,0.11836734693877551,0.7959183673469388,1
23.0,3.534219021180341,0.21739130434782608,0.0,1
245.0,4.999467524041888,0.11428571428571428,0.8,1
23.0,3.621175542919471,0.21739130434782608,0.0,1
23.0,3.621175542919471,0.21739130434782608,0.0,1
245.0,5.031650488583408,0.11020408163265306,0.8040816326530612,1
23.0,3.621175542919471,0.21739130434782608,0.0,1
245.0,5.078439294234014,0.15510204081632653,0.7591836734693878,1
23.0,3.534219021180341,0.21739130434782608,0.0,1
23.0,3.621175542919471,0.21739130434782608,0.0,1
245.0,5.042748461080727,0.1510204081632653,0.763265306122449,1
23.0,3.501397825434103,0.21739130434782608,0.0,1
245.0,5.036668240805773,0.1306122448979592,0.7836734693877551,1
23.0,3.621175542919471,0.21739130434782608,0.0,1
245.0,5.045835953598094,0.17959183673469387,0.7346938775510204,1
23.0,3.621175542919471,0.21739130434782608,0.0,1
245.0,5.0921464090731625,0.12244897959183673,0.7918367346938775,1
23.0,3.621175542919471,0.21739130434782608,0.0,1
23.0,3.534219021180341,0.21739130434782608,0.0,1
23.0,3.621175542919471,0.21739130434782608,0.0,1
245.0,5.0413098679936965,0.1346938775510204,0.7795918367346939,1
23.0,3.621175542919471,0.21739130434782608,0.0,1
245.0,5.064341086854626,0.12244897959183673,0.7918367346938775,1
23.0,3.621175542919471,0.21739130434782608,0.0,1
23.0,3.621175542919471,0.21739130434782608,0.0,1
245.0,5.096264985163094,0.15918367346938775,0.7551020408163265,1
23.0,3.534219021180341,0.21739130434782608,0.0,1
245.0,5.0547632452536595,0.16326530612244897,0.7510204081632653,1
23.0,3.501397825434103,0.21739130434782608,0.0,1
245.0,5.060006175653833,0.1673469387755102,0.746938775510204,1
23.0,3.621175542919471,0.21739130434782608,0.0,1
23.0,3.621175542919471,0.21739130434782608,0.0,1
245.0,5.03323591653549,0.12653061224489795,0.7877551020408163,1
23.0,3.501397825434103,0.21739130434782608,0.0,1
245.0,5.030577494475779,0.16326530612244897,0.7510204081632653,1
23.0,3.414441303694973,0.21739130434782608,0.0,1
245.0,5.036742238967212,0.15510204081632653,0.7591836734693878,1
23.0,3.501397825434103,0.21739130434782608,0.0,1
245.0,4.983036361341192,0.12244897959183673,0.7918367346938775,1
23.0,3.501397825434103,0.21739130434782608,0.0,1
245.0,5.101594425454788,0.1346938775510204,0.7795918367346939,1
23.0,3.501397825434103,0.21739130434782608,0.0,1
245.0,5.051275306226525,0.17551020408163265,0.7387755102040816,1
23.0,3.501397825434103,0.21739130434782608,0.0,1
23.0,3.501397825434103,0.21739130434782608,0.0,1
245.0,5.1067798304806375,0.17959183673469387,0.7346938775510204,1
23.0,3.36030597770208,0.21739130434782608,0.0,1
23.0,3.501397825434103,0.21739130434782608,0.0,1
245.0,5.021843025789086,0.12244897959183673,0.7918367346938775,1
23.0,3.501397825434103,0.21739130434782608,0.0,1
245.0,5.030067600391133,0.12653061224489795,0.7877551020408163,1
23.0,3.621175542919471,0.21739130434782608,0.0,1
23.0,3.534219021180341,0.21739130434782608,0.0,1
23.0,3.621175542919471,0.21739130434782608,0.0,1
245.0,5.072525588739522,0.1469387755102041,0.7673469387755102,1
23.0,3.621175542919471,0.21739130434782608,0.0,1
245.0,5.1096294343446225,0.1836734693877551,0.7306122448979592,1
23.0,3.621175542919471,0.21739130434782608,0.0,1
245.0,5.104868301156052,0.1673469387755102,0.746938775510204,1
23.0,3.621175542919471,0.21739130434782608,0.0,1
245.0,4.9797984312358965,0.14285714285714285,0.7714285714285715,1
23.0,3.621175542919471,0.21739130434782608,0.0,1
23.0,3.501397825434103,0.21739130434782608,0.0,1
23.0,3.534219021180341,0.21739130434782608,0.0,1
245.0,5.015514194385632,0.18775510204081633,0.726530612244898,1
23.0,3.621175542919471,0.21739130434782608,0.0,1
245.0,5.0809989096462855,0.1306122448979592,0.7836734693877551,1
23.0,3.621175542919471,0.21739130434782608,0.0,1
23.0,3.534219021180341,0.21739130434782608,0.0,1
245.0,5.038038193904417,0.17551020408163265,0.7387755102040816,1
23.0,3.621175542919471,0.21739130434782608,0.0,1
245.0,4.991224905476067,0.1673469387755102,0.746938775510204,1
23.0,3.621175542919471,0.21739130434782608,0.0,1
23.0,3.621175542919471,0.21739130434782608,0.0,1
245.0,5.036926210929471,0.15510204081632653,0.7591836734693878,1
23.0,3.621175542919471,0.21739130434782608,0.0,1
245.0,5.069512169657537,0.15510204081632653,0.7591836734693878,1
23.0,3.621175542919471,0.21739130434782608,0.0,1
245.0,5.034324047897914,0.17959183673469387,0.7346938775510204,1
23.0,3.501397825434103,0.21739130434782608,0.0,1
245.0,5.068115518670829,0.1306122448979592,0.7836734693877551,1
23.0,3.621175542919471,0.21739130434782608,0.0,1
23.0,3.534219021180341,0.21739130434782608,0.0,1
23.0,3.621175542919471,0.21739130434782608,0.0,1
245.0,5.045887385613412,0.1836734693877551,0.7306122448979592,1
23.0,3.621175542919471,0.21739130434782608,0.0,1
245.0,5.084584184105417,0.13877551020408163,0.7755102040816326,1
23.0,3.708132064658602,0.21739130434782608,0.0,1
